title,summary,category,url
Australia’s Red Soil May Be Hiding a Massive Clean Energy Source,"Researchers have discovered that Western Australia’s iron-rich rocks can naturally generate hydrogen and that the process may be boosted to produce much larger amounts. If it can be scaled up, the vast formations beneath the Pilbara could become a major new source of low-emission energy for Australia and potentially the world.",Environment,https://www.sciencedaily.com/releases/2026/08/260829035214.htm
Marine Heatwaves Are Harming Human Health in Surprising Ways,"Marine heatwaves are emerging as a threat not just to coral reefs and fisheries, but to human health and well-being. Researchers warn that unusually hot oceans can fuel stronger storms, trigger harmful algal blooms, reduce seafood supplies, disrupt livelihoods, and contribute to anxiety, grief, and depression in coastal communities.",Environment,https://www.sciencedaily.com/releases/2026/08/260811011127.htm
Manhattan-Sized Ice Island Breaks Off Greenland’s Petermann Glacier,"A Manhattan-sized ice island has broken away from Greenland’s Petermann Glacier after years of growing fractures weakened its floating ice tongue. Scientists expect two more huge sections could soon detach, potentially removing about 22 percent of the remaining ice tongue.",Environment,https://www.sciencedaily.com/releases/2026/08/260826055503.htm
Scientists Turn One of the Hardest Plastics to Recycle Into High-Performance Engine Lubricant,Researchers have discovered a way to turn notoriously difficult-to-recycle PVC plastic into a key ingredient used in high-performance lubricants such as engine oil. The technique could give mountains of plastic waste a valuable second life while making lubricant production more sustainable.,Environment,https://www.sciencedaily.com/releases/2026/08/260828005220.htm
Scientists Discover a Natural Arctic Cloud Factory Missing from Climate Models,"A newly discovered Arctic process can dramatically boost the number of particles that help form clouds. Near melting sea ice, sunlight reacts with chemicals released by the ocean, algae, and ice, causing cloud-seeding particles to multiply by as much as 50 times in a day. Because the active ice-edge region is growing as sea ice retreats, the effect could become increasingly important. Scientists now want to add the process to climate models to see how much it could reshape Arctic warming.",Environment,https://www.sciencedaily.com/releases/2026/08/260816044839.htm
Scientists Turn Starlink Into a Giant Scanner for Earth’s Upper Atmosphere,"Researchers have found a clever new way to map a part of Earth’s upper atmosphere that is notoriously difficult to observe. Using orbital data from roughly 1,200 Starlink satellites, they reconstructed changes in atmospheric density about 500 kilometers above Earth. The approach could sharpen satellite tracking and help reduce the growing risk of collisions in increasingly crowded orbits.",Environment,https://www.sciencedaily.com/releases/2026/08/260812015212.htm
The AMOC Stayed Strong Even as a Major Ocean “lifeline” Nearly Shut Down,"Ancient seafloor sediments have revealed a surprising twist in how the Atlantic’s massive circulation system works. During a cold period about 3.4 million years ago, the flow of warm, salty water from the Indian Ocean into the Atlantic nearly shut down—but the AMOC did not weaken as expected. Parts of the overturning circulation actually grew stronger.",Environment,https://www.sciencedaily.com/releases/2026/08/260805082454.htm
Europe’s Wildfires Became So Intense They Created Their Own Storm,"Historic wildfires scorched huge areas of Spain and France, with one Spanish blaze burning an area about the size of New York City and a French fire generating a rare, towering fire cloud. A dangerous combination of lush winter growth, severe heat, drought, and strong winds helped turn the landscape into explosive fuel.",Environment,https://www.sciencedaily.com/releases/2026/08/260804034631.htm
"Ancient Arctic Carbon Is Pouring Into the Sea, but the Seabed Captures Most of It","Thawing Arctic permafrost is releasing ancient carbon into the ocean, raising fears that microbes could turn it into greenhouse gases and accelerate climate change. But sediment cores collected near Canada’s Herschel Island reveal a more reassuring twist: most of this land-based carbon becomes buried in the seafloor, while only about 10 percent is converted into gases.",Environment,https://www.sciencedaily.com/releases/2026/08/260802223424.htm
"Wasps Are Disappearing This Summer, and Scientists Are Worried","Britain’s wasps have become mysteriously scarce this summer, and scientists suspect an unusual combination of temperature swings, heatwaves, and food shortages may be responsible. Even the wasps that remain appear unusually small, potentially offering a glimpse of how extreme heat could reshape insect populations.",Environment,https://www.sciencedaily.com/releases/2026/09/260911003901.htm
Hidden Genetic Diversity Helped Inbred Brown Tree Snakes Conquer Guam,"A notorious snake invasion that devastated Guam’s native birds may have succeeded because the reptiles carried hidden genetic advantages. Using advanced long-read DNA sequencing, researchers uncovered more than 19,000 large genetic differences in brown tree snakes, many concentrated in genes tied to immunity and smell. This overlooked diversity may have helped a population founded by only a few snakes survive inbreeding, adapt to a new environment, and multiply to extraordinary densities.",Environment,https://www.sciencedaily.com/releases/2026/07/260726015236.htm
Scientists Put the “recycling Is a Distraction” Claim to the Test,"Recycling, greener diets, and other personal climate choices do not seem to distract people from supporting major environmental reforms. A four-year study of nearly 2,800 Australians found that these habits neither increased nor reduced later political engagement.",Environment,https://www.sciencedaily.com/releases/2026/07/260724061437.htm
The Best Way to Save Giant Sequoias May Be More Fire,"Giant sequoias are built to withstand ordinary fires, but recent extreme wildfires killed thousands of trees that had survived for centuries or even millennia. A new analysis of about 26,400 sequoias found that trees in areas treated with prescribed burns were nearly four times more likely to survive. Researchers estimate the controlled fires prevented about 1,900 deaths and could have saved thousands more if used across every grove.",Environment,https://www.sciencedaily.com/releases/2026/07/260726015243.htm
Ancient Ferns Turned Triassic Europe Into a Wildfire Inferno,"Ancient fern savannahs may have transformed parts of Europe into a wildfire-prone inferno during the end-Triassic mass extinction. New fossil evidence suggests the ferns repeatedly regrew after fires, creating fresh fuel that helped prolong the devastation.",Environment,https://www.sciencedaily.com/releases/2026/07/260722032105.htm
AI Reveals Explosive Bursts in Bird Evolution,"Songbirds appear to have evolved through rare explosions of change separated by long periods of slower development. Many of those bursts lined up with major climate shifts, suggesting that environmental upheaval can reshape life in powerful ways.",Environment,https://www.sciencedaily.com/releases/2026/07/260729010709.htm
Scientists Identify the Rare Meteorite That Killed the Dinosaurs 66 Million Years Ago,"The asteroid that wiped out the dinosaurs was likely an exceptionally rare CO chondrite from a distant region of the solar system. Its unusual chemistry suggests that planet-cooling dust and debris, rather than sulfur inside the asteroid, may have delivered the deadliest blow.",Environment,https://www.sciencedaily.com/releases/2026/07/260718010142.htm
"Earth’s Waters Are Quietly Running out of Oxygen, Scientists Warn","Oxygen is disappearing from oceans, lakes, rivers, and coastal waters at an alarming rate, threatening aquatic life and weakening the natural processes that help regulate Earth’s climate. Scientists warn that this widespread deoxygenation is closely connected to other major planetary threats, including warming, pollution, biodiversity loss, and ocean acidification.",Environment,https://www.sciencedaily.com/releases/2026/07/260719035939.htm
China’s Chang’e-6 Reveals Why Solar Wind Hits the Moon’s Two Sides Differently,China’s Chang’e-6 samples have uncovered a surprising difference between the Moon’s two hemispheres. Solar wind particles penetrated deeper into the far-side soil because Earth’s magnetosphere slows the particles that reach the near side. Noble gases locked inside the lunar regolith preserved evidence of this uneven bombardment. These gases may even help scientists reconstruct the ancient history of Earth’s magnetic shield.,Environment,https://www.sciencedaily.com/releases/2026/07/260718010145.htm
Meteorite That Smashed Through a New Jersey Roof Reveals Clues to Life’s Origins,"A rare meteorite that crashed through a New Jersey roof contains evidence of ancient salty fluids, organic compounds, and amino acids from a primitive asteroid. Its pristine chemistry could offer new clues about how space rocks helped supply early Earth with some of the ingredients needed for life.",Environment,https://www.sciencedaily.com/releases/2026/08/260807035145.htm
These Underwater Bones Could Solve a Mystery About Extinct Giants,"Animal bones preserved in South Australia’s underwater caves reveal distinctive clues shaped by darkness, algae, bacteria, and other environmental conditions. The findings give scientists a powerful new way to reconstruct how ancient megafauna remains entered and survived in submerged cave systems.",Environment,https://www.sciencedaily.com/releases/2026/08/260802223428.htm
A Shattered Asteroid May Have Bombarded Earth 800 Million Years Ago,"A catastrophic asteroid breakup may have triggered a huge wave of impacts across the inner solar system about 800 million years ago. The debris was launched from near a gravitational gateway controlled by Jupiter, sending fragments toward Earth, the Moon, and Mars. The bombardment may explain ancient lunar craters and could have contributed to major climate and biological changes on Earth.",Environment,https://www.sciencedaily.com/releases/2026/07/260716023559.htm
A Healthier Global Diet Could Cut Farm Emissions by 85%,"A global shift toward healthier diets could sharply reduce livestock farming, free up agricultural land, and cut emissions from land-use change by 85% by 2050. At the same time, fruit, vegetable, nut, and legume production could soar, creating a sweeping transformation of what the world grows and eats.",Environment,https://www.sciencedaily.com/releases/2026/07/260716023557.htm
New Process Turns Plastic Waste Into Hydrogen Fuel While Trapping the Carbon,A new chemical process can transform three of the most common plastics into high-purity hydrogen without sorting them first. The technique operates at much lower temperatures than traditional gasification and captures most of the plastic’s carbon in solid or liquid forms instead of releasing it as carbon dioxide.,Environment,https://www.sciencedaily.com/releases/2026/07/260729051521.htm
NASA Captured the Black Sea Turning Brilliant Turquoise from Space,"NASA&apos;s PACE satellite captured the Black Sea glowing turquoise during its annual phytoplankton bloom. The vivid color comes from massive numbers of coccolithophores, microscopic organisms whose reflective shells brighten the water enough to be seen from space. An astronaut aboard the International Space Station also photographed the bloom spreading through the Bosphorus, revealing swirling currents.",Environment,https://www.sciencedaily.com/releases/2026/07/260713084900.htm
Scientists Discover Bacteria That Lock Toxic Uranium Into a Stable Form,"Deep underground, bacteria may be capable of doing something remarkable: trapping toxic uranium before it spreads. When researchers fed microbes in uranium-contaminated mine water with glycerol, about 95% of the dissolved uranium disappeared within 130 days. The bacteria helped convert it into an unusually stable uranium compound that had rarely been observed before.",Environment,https://www.sciencedaily.com/releases/2026/08/260807035149.htm
Why Are So Many Dead Bumblebees Appearing on Sidewalks?,"Bumblebees naturally have short lives, but extreme heat and human activity are making survival harder. Pesticides can poison bees or destroy the flowers they depend on, while habitat loss leaves them with fewer safe places to live and feed. Protecting native plants and using fewer chemicals could help these vital pollinators recover.",Environment,https://www.sciencedaily.com/releases/2026/07/260727012134.htm
Earth Has a Natural Thermostat and Scientists Finally Know How It Works,"Scientists have identified a hidden feedback loop that may explain how Earth has regulated its climate for tens of millions of years. As sea levels rose and fell, they changed how much phosphate reached the open ocean, affecting marine life and the amount of carbon buried beneath the seafloor. That burial removed carbon dioxide from the atmosphere, helping cool the planet.",Environment,https://www.sciencedaily.com/releases/2026/07/260715083527.htm
Plants May Be Evolving the Wrong Traits for a Warming World,"Morning glories may be getting caught in an evolutionary tug-of-war between surviving climate change and attracting increasingly scarce pollinators. Over just nine years, researchers found that the plants’ rate of adaptation plunged by 96%, even though they still had plenty of genetic diversity to evolve.",Environment,https://www.sciencedaily.com/releases/2026/09/260901010719.htm
Scientists Finally Solved the Mystery of Earth's Greatest Mass Extinction,"Why do beaches today have seashells from clams and snails instead of brachiopods? A new study suggests the answer lies in Earth&apos;s greatest mass extinction, when warming oceans and falling oxygen levels wiped out animals that couldn&apos;t adapt. Species with body plans and metabolisms better suited to the changing conditions survived and went on to dominate the seas, offering a glimpse of how modern marine life could respond to climate change.",Environment,https://www.sciencedaily.com/releases/2026/07/260711010122.htm
A Slowing Atlantic Current Could Unleash Stronger California Storms,"A weakening Atlantic current could supercharge California’s atmospheric rivers while leaving Greenland with fewer snow-producing storms. The changes could raise flood risks, strain infrastructure, and reshape water supplies far beyond the Atlantic.",Environment,https://www.sciencedaily.com/releases/2026/07/260727214626.htm
Forces Deep Inside Earth Helped Antarctica Freeze Before the Arctic,"Scientists may have solved the mystery of why Antarctica froze millions of years before the Arctic. Slow-moving waves deep inside Earth gradually lifted East Antarctica, building mountains and a high plateau where snow and ice could survive even in a much warmer world. Once glaciers took hold, their bright surfaces reflected sunlight and helped cool the region further.",Environment,https://www.sciencedaily.com/releases/2026/08/260823094154.htm
Scientists Left This Farm Field Alone. Thousands of Orchids Appeared,"An abandoned farm field became a flourishing wildflower meadow within little more than a decade, with plant diversity doubling and thousands of orchids appearing naturally. The discovery suggests that simply giving nature time to recover could be a powerful and inexpensive tool for restoring biodiversity.",Environment,https://www.sciencedaily.com/releases/2026/08/260822015208.htm
Atomic Catalyst Unlocks the Hidden Value of Plant Waste,"Scientists have created a highly efficient catalyst that breaks down stubborn lignin from plant waste into useful chemicals under relatively mild conditions. By revealing exactly how the catalyst works at the atomic level, the discovery could help turn forestry and agricultural waste into renewable building blocks for fuels, plastics, and other materials.",Environment,https://www.sciencedaily.com/releases/2026/08/260824065601.htm
New Research Reveals the Hidden Pollution Left Behind by Fireworks,"Scientists have uncovered new evidence that fireworks can pollute both the air and water in ways that extend beyond the visible smoke. The findings show that leftover debris, fine particles, and airborne chemicals may affect ecosystems and increase people&apos;s exposure to air pollution during major celebrations.",Environment,https://www.sciencedaily.com/releases/2026/07/260701205009.htm
"Deep Beneath Mars, Scientists Find a Vast Hidden Magma System","Deep beneath Mars, scientists have found evidence of enormous magmatic systems once thought to require Earth-like plate tectonics. Seismic measurements suggest molten rock repeatedly evolved and recycled itself through the Martian crust, potentially across hundreds or thousands of kilometers. The discovery challenges long-held ideas about how complex planetary crusts form.",Environment,https://www.sciencedaily.com/releases/2026/09/260901070529.htm
These Tiny Soil Microbes Could Rescue Crops from Salty Farmland,"Researchers have discovered that beneficial soil bacteria give plants an unexpected survival advantage in salty soils. Instead of helping plants keep salt out, the microbes stimulate the production of lignin, a natural compound that strengthens roots and makes plants more resilient. Greenhouse and field tests showed healthier plants and higher yields in salty conditions. The findings could lead to bio-based treatments that help farmers grow crops on land once considered too salty for agriculture.",Environment,https://www.sciencedaily.com/releases/2026/06/260626124703.htm
This Common Pesticide May Be Quietly Wiping out Future Bumblebees,"A next-generation pesticide designed to kill crop pests may also be interfering with the reproductive health of bumblebees. Researchers discovered that low-dose exposure to sulfoxaflor changed gene activity, especially in tissues involved in reproduction, raising concerns about long-term impacts on bee populations. Because pollinators are essential for about one-third of the world&apos;s food production, finding ways to protect them while controlling pests has become increasingly important.",Environment,https://www.sciencedaily.com/releases/2026/07/260709160630.htm
Tiny Aerosol Particles Could Supercharge Tropical Storm Clouds,"Scientists discovered unusually high water-vapor supersaturation inside deep tropical clouds, creating conditions in which tiny aerosol particles could intensify storm updrafts. The finding suggests earlier studies may have missed the effect because they were looking in the wrong types of clouds.",Environment,https://www.sciencedaily.com/releases/2026/07/260727012138.htm
Antarctica May Give the World Decades to Prepare for Rising Seas,"Scientists may be able to reliably forecast Antarctic ice loss through the middle of this century, offering governments a vital head start on sea level rise. After that, unstable ice retreat could accelerate dramatically, making the future much harder to predict.",Environment,https://www.sciencedaily.com/releases/2026/07/260722032123.htm
Mountain Lions Changed Everything in This Tiny California Preserve,"A surprising ecological makeover unfolded when mountain lions began frequenting a small preserve south of San Francisco. Deer activity dropped, plants recovered, and shifts among predators like coyotes, bobcats, and foxes followed. The study shows that powerful “trophic cascades” aren’t limited to remote wilderness—they can happen in small, suburban preserves too.",Environment,https://www.sciencedaily.com/releases/2026/06/260620100424.htm
Hidden Geological Process Offsets Carbon Emissions from Thawing Permafrost,"Scientists found that thawing permafrost can trigger increased rock weathering, a natural process that absorbs CO2 from the atmosphere. In some regions, this carbon uptake was strong enough to fully offset — or even surpass — river greenhouse gas emissions.",Environment,https://www.sciencedaily.com/releases/2026/06/260619101343.htm
Arizona Reservoir Nearly Vanishes After Snowpack Collapse Triggers Massive Fish Kill,"A historic lack of snow in the Gila River watershed has left Arizona’s San Carlos Reservoir less than 1% full, triggering a massive fish kill and an indefinite closure. Despite the bleak conditions, heavy summer rains could help the reservoir rebound.",Environment,https://www.sciencedaily.com/releases/2026/06/260618041458.htm
These Bees Have Nowhere to Hide from Extreme Heat,"A major study of Australian native bees found that stem-nesting species may be the first to feel the impact of climate change. Unlike bees that nest underground, they have few ways to escape dangerous heat. Researchers also discovered that tropical bees are particularly vulnerable, even when they are already adapted to hot environments. The findings suggest bee behavior could be a key factor in determining which species survive a warming world.",Environment,https://www.sciencedaily.com/releases/2026/06/260617032157.htm
Trees Keep Absorbing Carbon Long After They Stop Growing,"Oak trees keep absorbing carbon dioxide long after their annual growth has ended, revealing that photosynthesis and wood production are not as closely linked as scientists once believed. The finding could reshape forecasts of how much carbon forests will be able to store in a warmer future.",Environment,https://www.sciencedaily.com/releases/2026/07/260708022210.htm
Beneath Our Feet Lies a Fungal Superhighway Stretching 68 Quadrillion Miles,"Beneath our feet lies a vast hidden fungal superhighway that helps sustain much of life on Earth—and scientists have now mapped it for the first time. Researchers estimate that these underground networks stretch an astonishing 110 quadrillion kilometers, move about 4 billion tons of carbon dioxide into soils each year, and play a major role in supporting plants and regulating the climate.",Environment,https://www.sciencedaily.com/releases/2026/06/260614011845.htm
Scientists Turn Tofu and Cheese Waste Into Tiny CO2-Catching Beads,"Scientists have developed biodegradable protein beads made from dairy and tofu waste that can capture carbon dioxide from the atmosphere more efficiently than many current technologies. Unlike conventional systems that require large amounts of energy, the new method releases captured CO2 using a simple room-temperature process.",Environment,https://www.sciencedaily.com/releases/2026/06/260611024555.htm
"Koalas Nearly Went Extinct Before Humans Arrived, DNA Study Reveals","A major DNA study has rewritten the koala&apos;s evolutionary story, revealing that the species suffered a dramatic population collapse about 100,000 years ago, long before humans arrived in Australia. By calculating the koala&apos;s mutation rate for the first time and analyzing hundreds of genomes, researchers discovered that every living koala traces back to a small group that survived extreme climate shifts and later repopulated eastern Australia.",Environment,https://www.sciencedaily.com/releases/2026/07/260715083551.htm
Superheated Magma May Power Towering Lava Fountains,"Scientists studying magma from the 2021 Tajogaite eruption on La Palma have discovered that extreme heat can dramatically change how an eruption unfolds. When magma becomes superheated, it can dissolve the tiny crystal seeds that normally trigger crystallization, allowing the molten rock to remain fluid far longer as it rises.",Environment,https://www.sciencedaily.com/releases/2026/07/260731034200.htm
"Scientists Discover an Earthquake Gate as California Faults Reach Their Highest Stress Levels in 1,000 Years","A new study suggests Southern California&apos;s major fault system is more stressed than at any point in the last 1,000 years. Researchers found that the Cajon Pass, where the San Andreas and San Jacinto faults meet, could act as an “earthquake gate” that determines whether a future rupture spreads across both faults. Current conditions resemble those that preceded some of the region’s largest historical earthquakes.",Environment,https://www.sciencedaily.com/releases/2026/06/260617032155.htm
Scientists Discover Vast Hidden Structure Beneath Antarctica’s Ice,"A giant fan-shaped network of hidden basins has been discovered beneath East Antarctica, revealing that several well-known subglacial features are actually part of one massive geological structure. The finding sheds new light on Antarctica’s ancient tectonic history and could help scientists better understand how the ice sheet behaves today.",Environment,https://www.sciencedaily.com/releases/2026/06/260604044244.htm
Rising Seas Could Drown Mangroves and Release Vast Stores of Carbon,"Mangroves are famous for trapping vast amounts of carbon, helping slow climate change. However, a new study suggests rising sea levels could eventually reduce that benefit across entire forests. As flooding becomes too extreme, mangroves may die off and their carbon-rich soils could erode, potentially turning these coastal ecosystems from carbon sinks into carbon sources.",Environment,https://www.sciencedaily.com/releases/2026/06/260604044238.htm
Typhoon Jangmi’s Giant Eye Lights Up the Night as It Approaches Japan,"Typhoon Jangmi powered toward southern Japan with heavy rain, strong winds, and a striking appearance from space. Nighttime satellite images revealed a large eye and intricate swirling structures within the storm. As Jangmi intensified, its outer bands spread over land, raising concerns about flooding and prolonged downpours across parts of Japan.",Environment,https://www.sciencedaily.com/releases/2026/06/260603023110.htm
Super Typhoon Sinlaku Triggered Atmospheric Gravity Waves Visible from Space,"One of the most powerful typhoons ever recorded this early in the Pacific season did more than unleash flooding and extreme winds—it sent enormous ripples all the way into the upper atmosphere. As Super Typhoon Sinlaku rapidly exploded into a category 5-equivalent storm, satellites captured rare gravity waves spreading outward like rings on a pond, visible high above Earth through a faint glow in the atmosphere.",Environment,https://www.sciencedaily.com/releases/2026/06/260603023113.htm
Why Sweden’s Wolverine Conservation Success Story Is Unraveling,"A world-famous conservation program that helped save Sweden’s endangered wolverines is now struggling as funding stagnates and local trust erodes. Researchers say the decline offers a cautionary lesson: protecting wildlife requires long-term commitment, not just early success.",Environment,https://www.sciencedaily.com/releases/2026/06/260601025324.htm
The Ocean's Health May Depend on a Tiny Microbe Inside Fish,"A surprising new discovery suggests that tiny microbes living inside fish may be helping shape the chemistry of the world’s oceans. Scientists found evidence that bacteria in the guts of marine fish work alongside their hosts to produce calcium carbonate, a mineral that plays an important role in ocean health and carbon storage. For years, researchers believed fish handled this process on their own, but the new findings point to a hidden partnership between fish and microbes.",Environment,https://www.sciencedaily.com/releases/2026/05/260530053414.htm
Scientists Confirm a Deep Earthquake That Shouldn't Exist,"Scientists have confirmed that a mysterious Utah earthquake first detected in 1979 really did occur nearly 90 kilometers underground—far deeper than anyone thought earthquakes could happen beneath a continent. By reanalyzing decades of seismic data, researchers identified a rare class of &quot;continental mantle earthquakes&quot; occurring deep in Earth’s upper mantle, where rock is expected to slowly flow rather than suddenly break.",Environment,https://www.sciencedaily.com/releases/2026/06/260602021636.htm
Arctic Ocean Passed a Tipping Point and Scientists Say It May Never Recover,"The Arctic Ocean may have crossed a dangerous tipping point. Scientists say the rapid disappearance of sea ice is triggering a hidden chemical shift that is stripping the ocean of nitrate — a nutrient essential for the tiny plankton that support Arctic life. As nitrate levels plunge, the entire food web could feel the impact, from fish and seabirds to whales and polar ecosystems.",Environment,https://www.sciencedaily.com/releases/2026/05/260528082457.htm
Antarctica’s Ice Sheet Hit a Climate Tipping Point 1 Million Years Ago,"A new study suggests Antarctica’s ice sheet hit a climate tipping point about one million years ago, making it far more reactive to temperature and CO2 changes. Researchers warn this surprising sensitivity could offer clues about how the continent may respond to today’s warming world.",Environment,https://www.sciencedaily.com/releases/2026/05/260528082455.htm
NASA Spots Giant Ocean Swell That Could Signal El Niño’s Return,"NASA satellites have detected a vast pulse of warm water reaching the coast of South America, signaling that El Niño is likely developing. The warm water is being carried eastward by massive ocean waves known as Kelvin waves, which also cause sea levels to rise. El Niño can reshape weather patterns worldwide, bringing floods, droughts, and temperature extremes.",Environment,https://www.sciencedaily.com/releases/2026/06/260614012002.htm
New Solar Desalination Breakthrough Makes Fresh Water Without Toxic Brine,"Scientists have developed a solar desalination system that turns seawater into drinking water without creating environmentally damaging brine. Special laser-textured metal panels use sunlight to evaporate water while automatically moving salt deposits away from the working surface, preventing clogging. The process was successfully tested with water from three oceans and can recover nearly all salts as solids. Those leftover materials could even become a source of valuable lithium for batteries.",Environment,https://www.sciencedaily.com/releases/2026/05/260530053418.htm
Deadly Fungus and Lung Parasites Are Hammering Wild Rattlesnakes,"A sweeping new study of wild snakes in the southeastern US has revealed a hidden health crisis slithering beneath the surface. Researchers found that many snakes are carrying multiple infections at once, with a dangerous fungal disease called ophidiomycosis — or snake fungal disease — emerging as one of the biggest threats. Pygmy rattlesnakes appeared especially vulnerable, frequently infected with both the fungus and a parasitic “snake lungworm.”",Environment,https://www.sciencedaily.com/releases/2026/05/260526021950.htm
Scientists Create Global Treasure Map Pointing to Hidden Rare Earth Deposits,"Scientists have created a global “treasure map” for rare earth elements by uncovering where the strange volcanic rocks that contain them are most likely to form. By combining thousands of rock samples with seismic images of Earth’s deep interior, the team discovered that these metal-rich rocks tend to appear along the ancient, thick roots of continents. These unusual rocks, once seen as geological oddities, are now incredibly important because they hold many of the materials used in smartphones, electric vehicles, and wind turbines.",Environment,https://www.sciencedaily.com/releases/2026/05/260525000450.htm
Earth’s Molten Core Suddenly Reversed Direction — and Scientists Don’t Know Why,"Earth’s molten iron core unexpectedly reversed direction beneath the Pacific, revealing a dramatic change in the hidden engine that creates our planet’s magnetic field. Satellite data suggest the surge is already weakening, raising the possibility that the deep-Earth upheaval is part of a mysterious natural cycle.",Environment,https://www.sciencedaily.com/releases/2026/08/260806050713.htm
NASA Satellites Are Watching Earth's Newest Island Rise from the Sea,"A newly discovered underwater volcanic eruption north of Papua New Guinea is unfolding in one of the world&apos;s most poorly mapped ocean basins. Satellites have spotted steam plumes, ash, thermal hotspots, and huge floating pumice rafts, suggesting magma is rising surprisingly close to the surface. Scientists are now watching closely to see if the eruption creates a new island, offering a rare opportunity to observe the birth of new land as it happens.",Environment,https://www.sciencedaily.com/releases/2026/07/260710003517.htm
Sea Level Rise Is Speeding Up and Scientists Now Know Exactly Why,"The world’s oceans are rising at an accelerating pace, and scientists now say they can fully explain what’s driving it. Warming seawater is the biggest factor, while melting glaciers and polar ice sheets are increasingly pouring more water into the oceans each year. Researchers also solved a puzzling mismatch in sea level measurements that had lingered for years.",Environment,https://www.sciencedaily.com/releases/2026/05/260522023116.htm
Scientists Discover Towering Red Auroras Reaching Deep Into Space Above Japan,"Mysterious red auroras spotted over Japan were found reaching astonishingly high altitudes, even during space storms considered relatively mild. The discovery suggests hidden solar activity may be stronger than scientists realized — with potential consequences for satellites orbiting Earth.",Environment,https://www.sciencedaily.com/releases/2026/05/260521072359.htm
"Humpback Whale Breaks Migration Record With 15,000 Kilometer Ocean Journey","Scientists have uncovered an astonishing new chapter in humpback whale migration: two whales were found to have traveled between breeding grounds in Australia and Brazil, crossing more than 14,000 kilometers of open ocean. One whale shattered records by covering at least 15,100 kilometers between sightings, marking the longest confirmed journey ever documented for an individual humpback whale.",Environment,https://www.sciencedaily.com/releases/2026/05/260519224303.htm
Some Coastal Cities Are Sinking Faster Than the Ocean Is Rising,"Coastal communities are facing a hidden threat that is making rising seas far more dangerous: the land beneath them is sinking. New research shows that people in densely populated coastal regions experience an average relative sea-level rise of about 6 millimeters per year, nearly three times the global coastal average. Groundwater pumping, oil and gas extraction, heavy urban development, sediment compaction, and natural geological processes are all contributing to the problem.",Environment,https://www.sciencedaily.com/releases/2026/08/260801042824.htm
Scientists Discover Massive Natural Hydrogen Source Beneath Canada,"Scientists in Canada have discovered that ancient underground rocks are naturally producing hydrogen gas — and lots of it. Measurements from mine boreholes in Ontario show the gas can flow continuously for years, offering a potential new source of clean energy called “white hydrogen.” Researchers say this hidden resource could help power industries and remote communities while cutting carbon emissions and reducing dependence on fossil fuels.",Environment,https://www.sciencedaily.com/releases/2026/05/260519224317.htm
Scientists Warn That the World’s Rivers Are Running out of Oxygen,"Rivers around the world are quietly running out of oxygen — and climate change is emerging as the main culprit. A sweeping global analysis of more than 21,000 river systems found that nearly 80% have been steadily losing dissolved oxygen over the past four decades, threatening fish, biodiversity, and the overall health of freshwater ecosystems. Surprisingly, tropical rivers are being hit the hardest, even more than rivers in rapidly warming polar regions.",Environment,https://www.sciencedaily.com/releases/2026/05/260515233327.htm
Scientists Discover Hidden “brakes” That Stop Massive Earthquakes,"A mysterious underwater fault near Ecuador has been producing nearly identical magnitude 6 earthquakes every five to six years, baffling scientists for decades. Researchers now believe the fault contains hidden “brake zones” where seawater and unusual rock structures work together to stop quakes from becoming even larger. The discovery came from ultra-detailed seafloor recordings that captured how the fault behaves before and after major earthquakes.",Environment,https://www.sciencedaily.com/releases/2026/05/260515233325.htm
Scientists Discover the Strange Way CO2 Cools Part of Earth’s Atmosphere,"Scientists have finally cracked the mystery behind one of climate change’s strangest fingerprints: while Earth’s surface heats up, the upper atmosphere is rapidly cooling. Researchers at Columbia University discovered that carbon dioxide acts very differently high above the planet, where it actually helps radiate heat into space instead of trapping it. The team found that certain infrared wavelengths fall into a “Goldilocks zone” that becomes increasingly effective as CO2 levels rise, accelerating cooling in the stratosphere.",Environment,https://www.sciencedaily.com/releases/2026/05/260513221759.htm
Scientists Stunned as Volcano Cloud Destroys Methane in the Atmosphere,"A colossal underwater volcano in the South Pacific may have revealed a surprising new weapon against climate change. After the 2022 eruption of Hunga Tonga–Hunga Ha’apai, scientists detected enormous amounts of formaldehyde in the atmosphere — a telltale sign that methane, one of the planet’s most powerful greenhouse gases, was being destroyed. Researchers now believe volcanic ash mixed with salty seawater and sunlight created reactive chlorine particles that effectively “cleaned up” some of the methane released by the eruption itself.",Environment,https://www.sciencedaily.com/releases/2026/05/260509210640.htm
Antarctica Is Melting from Below and Scientists Say It’s Worse Than Expected,"Scientists have uncovered a hidden Antarctic threat that could accelerate global sea level rise far faster than expected. Deep beneath floating ice shelves, long channels carved into the ice appear to trap warmer ocean water, dramatically speeding up melting from below. Even regions of East Antarctica once considered relatively stable may be far more vulnerable than scientists realized. Researchers warn that current climate models may be missing this dangerous process entirely, meaning future sea level rise could be underestimated.",Environment,https://www.sciencedaily.com/releases/2026/05/260509210637.htm
DNA Solves the Mystery of a Body Found in the Arctic in 1859,"Scientists have used DNA from living descendants to identify four more members of the doomed Franklin expedition, including Harry Peglar, whose identity had remained uncertain for 166 years. The findings offer new clues about the sailors who survived for years in the Arctic before joining the expedition’s ultimately fatal escape attempt.",Environment,https://www.sciencedaily.com/releases/2026/09/260909231735.htm
Major Errors Found in Al Gore-Founded Climate TRACE Database,"A new study from Northern Arizona University is raising red flags about a widely used global emissions database from Climate TRACE, a consortium co-founded by Al Gore. Researchers found that the database may be dramatically undercounting carbon dioxide emissions from cars and trucks in cities—by an average of 70% across 260 U.S. cities, with some cities showing gaps of more than 90%.",Environment,https://www.sciencedaily.com/releases/2026/06/260618041519.htm
Scientists Just Found a Hidden Weakness in Forever Chemicals,Researchers discovered that hydrogen radicals generated by intense UV light can break down stubborn PFAS “forever chemicals” without added chemicals. The breakthrough reveals a key mechanism that could lead to greener and more effective technologies for permanently destroying these pollutants.,Environment,https://www.sciencedaily.com/releases/2026/06/260615033846.htm
Antarctic Glacier Collapses at Record Speed as Hektoria Retreats 15 Miles in Just 15 Months,"Antarctica’s Hektoria Glacier collapsed with shocking speed, retreating 15 miles in only 15 months and setting a modern record for grounded ice loss. Scientists say warming conditions and ocean-driven instability turned the glacier from seemingly stable to rapidly unraveling almost overnight.",Environment,https://www.sciencedaily.com/releases/2026/05/260518041417.htm
Giant Squid Discovery Uncovers a Hidden Deep-Sea World Off Australia,"Scientists exploring deep underwater canyons off the coast of Western Australia uncovered a hidden world packed with bizarre and elusive marine life — including signs of the legendary giant squid. By analyzing traces of DNA floating in seawater from depths exceeding 4 kilometers, researchers identified 226 species ranging from deep-diving whales to strange fish rarely or never seen in the region before. Some of the creatures may even be unknown to science.",Environment,https://www.sciencedaily.com/releases/2026/05/260513221807.htm
Scientists Say a Critical Atlantic Ocean Current Is Weakening and the World Could Feel the Impact,"Scientists have uncovered strong evidence that a major Atlantic Ocean current system tied to global climate is weakening. The slowdown has been detected across a vast region of the North Atlantic over nearly two decades. Since this ocean circulation helps regulate weather and temperatures, changes could affect storms, rainfall, sea levels, and even winter conditions in parts of Europe and North America.",Environment,https://www.sciencedaily.com/releases/2026/05/260509210639.htm
NASA Captures Wild Swirling Clouds and Rare Arctic Storm Over Alaska,"Southern Alaska’s winter finale delivered a spectacular atmospheric display, captured by a NASA satellite. Cold Arctic air flowing over warmer ocean waters created long bands of clouds, swirling vortex patterns, and even a compact polar storm with powerful winds. As the air traveled offshore, it evolved into increasingly complex cloud formations. The result was a dramatic, ever-changing sky that highlighted the raw energy of the season’s end.",Environment,https://www.sciencedaily.com/releases/2026/05/260505234614.htm
New “living Plastic” Self-Destructs in Just 6 Days Without Leaving Microplastics,"Researchers have created self-destructing living plastic that uses engineered bacteria to completely break itself down when activated. The material degrades in just six days without creating microplastics, offering a potential new solution for single-use plastic waste.",Environment,https://www.sciencedaily.com/releases/2026/07/260715083552.htm
New Hydrogen Breakthrough Turns Waste Heat Into Clean Fuel,"A breakthrough hydrogen-production method could make clean fuel far cheaper and easier to generate. Researchers at the University of Birmingham developed a perovskite-based catalyst that splits water into hydrogen at much lower temperatures than existing technologies, potentially allowing factories, steel plants, cement works, and renewable energy sites to turn waste heat into valuable hydrogen.",Environment,https://www.sciencedaily.com/releases/2026/06/260601025345.htm
A 37-Year Soil Experiment Revealed a Hidden Climate Threat,"The world&apos;s longest-running soil warming experiment has revealed an unexpected climate concern. After nearly four decades, researchers found that warming can cause microbes to break down stable soil carbon that scientists once believed was largely protected. That releases extra carbon dioxide into the atmosphere, potentially accelerating global warming.",Environment,https://www.sciencedaily.com/releases/2026/07/260713000809.htm
"From Pet to Pest, Goldfish Can Wreck Entire Ecosystems","A new study reveals that goldfish can do far more than survive in the wild—they can fundamentally reshape freshwater ecosystems. Researchers found they cloud water, damage food webs, and hurt native fish populations, sometimes triggering major ecological shifts.",Environment,https://www.sciencedaily.com/releases/2026/06/260622091524.htm
Scientists Turn Plastic Waste Into Clean Hydrogen Fuel Using Sunlight,"Scientists are using sunlight to turn plastic waste into clean fuels like hydrogen, offering a breakthrough solution to both pollution and energy challenges. While still in development, the approach could transform trash into a valuable resource for a low-carbon future.",Environment,https://www.sciencedaily.com/releases/2026/05/260504023841.htm
Hidden Ocean Heat Is Creeping Toward Antarctica’s Fragile Ice Shelves,"Deep beneath the Southern Ocean, a quiet but alarming shift is underway: warm water is creeping closer to Antarctica, and scientists are now seeing it clearly for the first time. By combining decades of ship data with robotic float measurements and machine learning, researchers uncovered that a massive pool of heat—circumpolar deep water—has expanded and edged toward the continent over the past 20 years.",Environment,https://www.sciencedaily.com/releases/2026/04/260429102023.htm
Giant “stealth” Magma Surge Triggered Thousands of Earthquakes Beneath Atlantic Island,"Deep beneath Portugal’s São Jorge Island, a massive surge of magma silently pushed upward from more than 20 kilometers underground in 2022, triggering thousands of earthquakes and briefly raising fears of a volcanic eruption. Scientists discovered that the molten rock climbed astonishingly fast — enough to fill 32,000 Olympic swimming pools — before stalling just 1.6 kilometers below the surface in what researchers call a “failed eruption.”",Environment,https://www.sciencedaily.com/releases/2026/05/260513221803.htm
Scientists Finally Explain How the Twelve Apostles Rose from the Ocean,"Australia’s famous Twelve Apostles didn’t just erode into existence—they were slowly pushed up from the ocean floor by powerful tectonic forces over millions of years, new research reveals. Scientists discovered that these towering limestone stacks act like a natural time capsule, preserving clues about ancient climates, sea levels, and even life from up to 14 million years ago.",Environment,https://www.sciencedaily.com/releases/2026/04/260429102028.htm
Scientists Just Discovered Africa Is Closer to Breaking Apart Than We Thought,"Beneath East Africa’s Turkana Rift, scientists have found the crust is thinning to a critical point, suggesting the continent is gradually breaking apart. This “necking” process marks an advanced stage of rifting that could eventually lead to a new ocean forming millions of years from now. Surprisingly, the same geological forces that are splitting the land may also explain why the region holds such a rich fossil record. Instead of being the birthplace of humanity, Turkana may just be where the story was best preserved.",Environment,https://www.sciencedaily.com/releases/2026/04/260424233204.htm
"Malaria Didn’t Just Kill Early Humans, It Shaped Who We Became","Long before humans spread across the globe, a deadly disease may have quietly shaped where our ancestors lived—and even how we evolved. New research reveals that malaria didn’t just threaten early human survival; it actively pushed populations away from high-risk regions across Africa, fragmenting groups over tens of thousands of years. This separation influenced how different populations met, mixed, and exchanged genes, helping shape the genetic diversity we see today.",Environment,https://www.sciencedaily.com/releases/2026/05/260502233859.htm
Scientists Finally Solve Mystery of Strange “golden Orb” Found 2 Miles Deep,"A mysterious “golden orb” found more than two miles deep in the Gulf of Alaska left scientists baffled for over two years, sparking wild speculation about its origins. After an intensive investigation combining deep-sea expertise, microscopic analysis, and advanced DNA sequencing, researchers finally cracked the case. The strange object turned out not to be an egg, sponge, or anything alien, but the remains of tissue from a giant deep-sea anemone.",Environment,https://www.sciencedaily.com/releases/2026/04/260427050613.htm
Scientists Think They Finally Know Why Neanderthals Vanished,"A new study suggests Neanderthals didn’t go extinct simply because of climate change or competition with Homo sapiens. Instead, the key difference may have been social connectivity—Homo sapiens formed stronger, more flexible networks that helped them survive environmental shocks. Neanderthals had connections too, but they were more fragile and regionally limited. This made them less resilient as conditions became increasingly unpredictable.",Environment,https://www.sciencedaily.com/releases/2026/04/260427050609.htm
Why Do Crabs Walk Sideways? Scientists Trace It Back 200 Million Years,"Crabs’ famous sideways walk may trace back to a single evolutionary moment 200 million years ago. Researchers found that most modern crabs inherited this trait from one ancestor—and never looked back. The movement likely gave them an edge, helping them dodge predators with quick, unpredictable bursts. It’s a rare example of a behavior evolving once and then dominating an entire group.",Environment,https://www.sciencedaily.com/releases/2026/05/260501052844.htm
Total Solar Eclipse Led to Seismic Quiet for Cities Within Its Path,"As the Moon swallowed the Sun during the April 8, 2024, total solar eclipse, something remarkable happened on the ground—cities went eerily quiet. Scientists analyzing seismic data found that human-generated vibrations, usually caused by traffic, construction, and daily activity, dropped sharply during totality. The effect was so pronounced that it created a clear “seismic hush” across urban areas directly in the eclipse’s path, before quickly rebounding afterward.",Environment,https://www.sciencedaily.com/releases/2026/04/260417224457.htm
Scientists Discover a Mysterious Silicone Pollutant That May Be Everywhere,"Researchers have uncovered unexpectedly high levels of silicone-based pollutants called methylsiloxanes floating through the atmosphere across cities, rural regions, and even forests. Much of the pollution appears to come from vehicle emissions, likely linked to engine oil additives that survive combustion and escape into the air. Scientists say humans may inhale more of these compounds daily than other notorious pollutants like PFAS or microplastics.",Environment,https://www.sciencedaily.com/releases/2026/05/260512202353.htm
This Common Plant Could Clean Microplastics from Your Drinking Water,"Scientists have discovered that moringa seeds can help pull microplastics out of water, rivaling standard chemical treatments. The plant-based extract causes plastic particles to clump together, making them easier to filter away. In some conditions, it even outperformed conventional chemicals. This low-cost, natural solution could be a game-changer for cleaner drinking water, especially in smaller communities.",Environment,https://www.sciencedaily.com/releases/2026/04/260420014735.htm
Sharks and Tuna Are Overheating and Running out of Options,"Some of the ocean’s fastest and most fearsome predators—like great white sharks and tuna—are running hotter than expected, and it’s costing them dearly. New research shows these warm-bodied fish burn nearly four times more energy than cold-blooded species, forcing them to eat more while also struggling to shed excess heat. As oceans warm, this creates a dangerous “double jeopardy”: rising temperatures push them closer to overheating, while shrinking food supplies make survival even harder.",Environment,https://www.sciencedaily.com/releases/2026/04/260417224459.htm
MIT Scientists Just Found a Hidden Problem Slowing the Ozone Comeback,The ozone layer has been on track to recover thanks to the Montreal Protocol—but a loophole may be holding it back. Chemicals still permitted for industrial use are leaking into the atmosphere at higher rates than expected. Scientists now estimate this could delay ozone recovery by up to seven years. Closing this gap could speed up healing and reduce harmful UV exposure worldwide.,Environment,https://www.sciencedaily.com/releases/2026/04/260416071945.htm
The Next Cascadia Megaquake Could Hit Oregon Harder Than Expected,"The Juan de Fuca plate beneath northern Oregon appears to be shallower than previously estimated, potentially making shaking from a future Cascadia megathrust earthquake significantly stronger. Scientists also found a deep basin beneath Tillamook that could trap seismic waves and intensify the shaking even further.",Environment,https://www.sciencedaily.com/releases/2026/08/260828082350.htm
"As Lakes Turn Brown, Trout and Bass Decline While Pike and Walleye Thrive","Freshwater lakes across North America and Europe are becoming noticeably browner, reducing underwater visibility and reshaping fish populations. Research found that several popular sport fish, including trout, bass, perch, and whitefish, tend to decline in darker waters. Meanwhile, walleye and northern pike often become more abundant because they are better adapted to low-visibility conditions. The shift could change both lake ecosystems and the fishing experience for millions of anglers.",Environment,https://www.sciencedaily.com/releases/2026/06/260621060322.htm
This “Pink Floyd” Spider Hunts Prey 6x Its Size and Lives in Walls,"Scientists have uncovered a tiny wall-dwelling spider named Pikelinia floydmuraria, inspired by Pink Floyd. Despite its size, it’s a fierce predator that hunts ants much larger than itself and helps reduce common urban pests like mosquitoes and flies. Its clever strategy of building webs near lights makes it especially effective. The discovery also raises new questions about its mysterious link to similar spiders in the Galápagos.",Environment,https://www.sciencedaily.com/releases/2026/05/260501052851.htm
Europe's Most Active Volcano May Have a Secret Origin,"Mount Etna has long puzzled geologists because it doesn&apos;t fit any of the three classic ways volcanoes are thought to form. A new study suggests it may instead be fueled by ancient pockets of magma that are pushed upward through cracks created by shifting tectonic plates. If confirmed, Etna could belong to a rare fourth category of volcano, revealing that much larger volcanoes can form through processes previously associated only with small submarine eruptions.",Environment,https://www.sciencedaily.com/releases/2026/07/260709160653.htm
A New York Cemetery Was Hiding 5.5 Million Bees Underground,"A casual walk through an Ithaca cemetery led to the discovery of a gigantic hidden bee population — roughly 5.5 million ground-nesting bees packed beneath the soil. Scientists believe it may be one of the largest bee aggregations ever documented and say the insects are crucial pollinators for apple orchards and other crops. The bees have likely lived there for more than 100 years, thriving in the cemetery’s undisturbed sandy soil.",Environment,https://www.sciencedaily.com/releases/2026/05/260527023218.htm
AI Just Revealed Ocean Currents We’ve Never Been Able to See,"A new AI-driven method called GOFLOW is turning weather satellite images into highly detailed maps of ocean currents. By tracking how temperature patterns shift over time, it can reveal fast-moving, small-scale currents that were previously impossible to observe directly. These currents are key to understanding climate, marine ecosystems, and carbon storage. The breakthrough works using satellites already in orbit, making it both powerful and cost-effective.",Environment,https://www.sciencedaily.com/releases/2026/04/260421042803.htm
Gray Whales Are Entering San Francisco Bay and Many Aren’t Surviving,"Gray whales are beginning to break their long-established migration patterns, venturing into risky new territory like San Francisco Bay as climate change disrupts their Arctic food supply. But this unexpected detour is proving deadly: nearly one in five whales that enter the Bay don’t survive, with many struck by ships in the crowded, foggy waters.",Environment,https://www.sciencedaily.com/releases/2026/04/260413043127.htm
Deadly “red Sky” Solar Storm from 800 Years Ago Discovered in Ancient Trees,"Researchers in Japan traced a hidden medieval solar storm using ancient tree rings and centuries-old sky observations. The team linked reports of eerie red auroras with spikes of carbon-14 trapped in buried wood, revealing a powerful solar radiation event around 1200 CE. The findings suggest the Sun was far more active at the time, with unusually short solar cycles.",Environment,https://www.sciencedaily.com/releases/2026/05/260513221818.htm
Scientists Discover Hidden Ocean Methane Source That Could Worsen Global Warming,"Scientists have discovered that methane in the open ocean is produced by microbes under nutrient-poor conditions, solving a long-standing mystery. As warming oceans reduce nutrient mixing, these methane-producing microbes may thrive. This could lead to increased methane emissions from the sea. The result is a potential feedback loop that could intensify climate change.",Environment,https://www.sciencedaily.com/releases/2026/04/260415043615.htm
Earth’s Most Powerful Ocean Current Didn’t Form the Way We Thought,"A colossal ocean current encircling Antarctica—stronger than all the world’s rivers combined—played a far more complex role in shaping Earth’s climate than scientists once thought. New research shows it didn’t form just because ocean gateways opened, but required shifting continents and powerful winds to align. This shift helped pull carbon dioxide out of the atmosphere, contributing to a major cooling event that transformed Earth into the ice-covered world we know today.",Environment,https://www.sciencedaily.com/releases/2026/04/260406192902.htm
World’s Most-Used Weedkiller Disrupts Honeybee Brains,"Glyphosate was long thought to be safe for honeybees because they lack the enzyme the chemical targets in weeds. However, researchers found that exposed bees foraged 13 percent less after only three days and showed changes in brain chemicals linked to behavior. Across a whole hive, that decline could reduce honey production, weaken pollination, and threaten long-term survival.",Environment,https://www.sciencedaily.com/releases/2026/08/260804034638.htm
"Meteor Impacts May Have Sparked Life on Earth, Scientists Say","Asteroid impacts may have helped kick-start life on Earth by creating hot, chemical-rich environments ideal for early biology. These impact-generated hydrothermal systems could have lasted thousands of years—long enough for life’s building blocks to form. Scientists now think these environments may have been common on early Earth, making them a strong candidate for where life began. The idea could also guide the search for life on other worlds.",Environment,https://www.sciencedaily.com/releases/2026/04/260403224449.htm
Scientists Found a “lost World” of Animals That Shouldn’t Exist Yet,"A remarkable fossil discovery in southwest China is rewriting the story of how complex animal life began, showing that many key animal groups appeared millions of years earlier than scientists once believed. Dating back over 540 million years, the fossils reveal a surprisingly diverse and advanced ecosystem from the late Ediacaran period—before the famous Cambrian explosion. Among the finds are early relatives of starfish, worm-like creatures, and even ancestors of animals with backbones, suggesting that the roots of modern life were already taking shape.",Environment,https://www.sciencedaily.com/releases/2026/04/260406234153.htm
Earth’s Hidden “gold Kitchen” Lies Beneath the Seafloor,"Deep beneath submarine volcanoes, Earth may be running a natural “gold kitchen.” By analyzing volcanic glass from the Kermadec island arc north of New Zealand, researchers found that water-rich mantle repeatedly melts beneath subduction zones, gradually concentrating gold in rising magma. The process works because intense melting breaks down sulfur-rich minerals that normally trap gold, releasing the metal into the melt.",Environment,https://www.sciencedaily.com/releases/2026/07/260727214628.htm
Pesticide Exposure Linked to 150% Higher Cancer Risk in Major Study,"A major new study finds that living in pesticide-heavy environments could raise cancer risk by up to 150%, even when the chemicals are considered “safe” on their own. The research suggests these mixtures may silently damage cells years before cancer appears.",Environment,https://www.sciencedaily.com/releases/2026/04/260426012314.htm
Scientists Discover Hidden Forces Are Warping Earth Deep Beneath the Surface,"Scientists have mapped how Earth’s deepest mantle is being deformed—and the results point to long-lost tectonic plates buried thousands of kilometers underground. Using a massive global dataset of seismic waves, they found that most deformation happens in regions where these ancient slabs are thought to reside. The findings confirm long-standing theories but, for the first time, show the pattern on a global scale. It’s a major step toward understanding how the planet’s interior slowly churns over time.",Environment,https://www.sciencedaily.com/releases/2026/04/260422044632.htm
A Massive Arctic Thaw Is Unleashing Carbon Frozen for Thousands of Years,"A sweeping new study reveals that as Arctic permafrost thaws, it is dramatically reshaping rivers and releasing vast amounts of ancient carbon that had been locked away for thousands of years. By analyzing decades of high-resolution data across northern Alaska, scientists found that runoff is increasing, rivers are carrying more dissolved carbon, and the thawing season is stretching further into the fall. This carbon eventually reaches the ocean, where some of it turns into carbon dioxide, intensifying global warming.",Environment,https://www.sciencedaily.com/releases/2026/04/260404191033.htm
Saturn’s Magnetic Field Is Twisted and Scientists Just Figured out Why,"Saturn’s magnetic field isn’t the smooth, symmetrical shield scientists see around Earth. Instead, it’s noticeably skewed, and researchers now think they understand why. By analyzing years of data from the Cassini spacecraft, scientists found that a key region where solar particles enter Saturn’s atmosphere is consistently shifted to one side. This distortion appears to be driven by the planet’s rapid spin combined with a thick cloud of charged particles coming from its moon Enceladus.",Environment,https://www.sciencedaily.com/releases/2026/04/260403002014.htm
"Humanity Has Already Exceeded Earth’s Limits, Study Warns","Humanity may already be living far beyond what Earth can sustainably support, according to a sweeping new study analyzing more than 200 years of population and environmental data. Researchers found that while population growth once fueled innovation and expansion, the trend shifted decades ago as the planet’s resources became increasingly strained.",Environment,https://www.sciencedaily.com/releases/2026/05/260526022021.htm
One of Earth’s Most Explosive Supervolcanoes Is Recharging With Fresh Magma,"Deep beneath Japan’s mostly submerged Kikai caldera, scientists have discovered a vast magma reservoir that appears to be filling again. The volcano produced the largest eruption of the Holocene 7,300 years ago, and seismic surveys now show that fresh magma has likely entered the same underground system responsible for that catastrophe.",Environment,https://www.sciencedaily.com/releases/2026/07/260725105644.htm
One of Earth’s Most Explosive Supervolcanoes Is Recharging,"Far beneath the ocean near Japan, scientists have discovered that the magma system linked to the most powerful eruption of the Holocene is slowly rebuilding. By using seismic imaging, researchers mapped a large magma reservoir under the Kikai caldera and confirmed it is the same system that fueled the massive eruption 7,300 years ago. However, the magma now present is newly injected, not leftover, as shown by changes in the chemistry of recent volcanic material and the growth of a lava dome over thousands of years.",Environment,https://www.sciencedaily.com/releases/2026/03/260329222930.htm
Scientists Shocked to Find Lab Gloves May Be Skewing Microplastics Data,"Scientists may have been unknowingly inflating microplastics pollution estimates, and the surprising source could be their own lab gloves. A University of Michigan study found that common nitrile and latex gloves release tiny particles called stearates, which closely resemble microplastics and can contaminate samples during testing. In some cases, this led to wildly exaggerated results, forcing researchers to track down the unexpected culprit.",Environment,https://www.sciencedaily.com/releases/2026/03/260329222938.htm
This New Carbon Material Could Make Carbon Capture Far More Affordable,"Scientists have created a new kind of carbon material that could make carbon capture much cheaper and more efficient. By carefully controlling how nitrogen atoms are arranged, they found certain structures capture CO2 better and release it using far less heat. One version works at temperatures below 60 °C, meaning it could run on waste heat instead of costly energy. The discovery offers a powerful new blueprint for next-generation climate technology.",Environment,https://www.sciencedaily.com/releases/2026/03/260328043549.htm
Scientists Say We’ve Been Looking in the Wrong Place for Human Origins,"A fossil ape discovered in northern Egypt is reshaping the story of human evolution. The species, Masripithecus, lived about 17 to 18 million years ago and may sit very close to the ancestor of all modern apes. This finding challenges the long-standing focus on East Africa. Instead, it points to northern Africa and nearby regions as a possible birthplace of apes.",Environment,https://www.sciencedaily.com/releases/2026/03/260327230113.htm
One of the World’s Most Popular Weedkillers May Be Fueling Deadly Superbugs,"Researchers found that highly drug-resistant bacteria from hospitals are also resistant to glyphosate, a commonly used weedkiller. The discovery suggests that agricultural herbicides may be helping antibiotic-resistant microbes survive and spread far beyond healthcare settings.",Environment,https://www.sciencedaily.com/releases/2026/06/260620100434.htm
Freshwater Fish Populations Plunge 81% as River Migrations Collapse,"A sweeping global report finds that migratory freshwater fish are in steep decline, with populations down roughly 81% since 1970. These species depend on long, connected rivers, but dams and human pressures are cutting off their routes. Hundreds of species now need coordinated international protection. Experts say restoring river connectivity is critical to preventing further collapse.",Environment,https://www.sciencedaily.com/releases/2026/03/260326064157.htm
"Cold Weather Linked to 40,000 Extra Heart Deaths Each Year in the U.S.","When temperatures plunge, the risk to your heart rises dramatically. A large U.S. study shows cold weather is linked to far more cardiovascular deaths than heat, accounting for tens of thousands of extra deaths each year. Scientists found the safest temperature sits around 74°F, with danger increasing as conditions get colder—or hotter. As more people live with chronic illnesses, the threat from extreme cold may only intensify.",Environment,https://www.sciencedaily.com/releases/2026/03/260325005910.htm
Hawaii Is Turning Ocean Plastic and Fishing Nets Into Roads,"Hawaii researchers are giving old fishing nets and recycled plastic a second life by mixing them into asphalt roads. Early tests found these roads didn&apos;t release more plastic particles than standard pavement, with tire wear overwhelming any plastic signal from the recycled material. If future studies confirm the roads are durable, the technology could help tackle both marine pollution and overflowing landfills.",Environment,https://www.sciencedaily.com/releases/2026/06/260625014830.htm
Jupiter’s Lightning May Be 100x More Powerful Than Earth’s,"Jupiter’s storms aren’t just gigantic — they may unleash lightning far more powerful than anything on Earth. Using NASA’s Juno spacecraft, scientists discovered that some lightning bolts on the gas giant could pack up to 100 times the punch of Earth’s lightning, and possibly much more. The findings reveal that Jupiter’s atmosphere works very differently from our own, with massive storms building enormous amounts of energy before erupting in violent flashes across cloud tops towering more than 100 kilometers high.",Environment,https://www.sciencedaily.com/releases/2026/05/260520093756.htm
Alaska’s Glaciers Have a Startling Response to Rising Temperatures,"Alaska’s glaciers are proving to be highly sensitive to warming temperatures. Using radar satellites to monitor more than 3,000 glaciers, researchers found that every 1°C (1.8°F) increase in average summer temperature extends glacier melting by about three weeks. The study also revealed that intense heat waves can strip away up to 28% more protective snow cover, exposing ice much earlier than normal and accelerating ice loss.",Environment,https://www.sciencedaily.com/releases/2026/06/260612032047.htm
The Ice Protecting Alaska Is Vanishing Faster Than Expected,"Stable sea ice along Alaska’s coast is disappearing faster than expected, with the season shrinking by weeks and even months in recent decades. The ice is forming later in the fall and, in some places, breaking away earlier in spring. This trend is now hitting areas like the Beaufort Sea that were once relatively stable. For local communities, it means more dangerous travel, uncertain hunting conditions, and greater exposure to coastal erosion.",Environment,https://www.sciencedaily.com/releases/2026/03/260326075546.htm
A Massive Freshwater Reservoir Is Hiding Under the Great Salt Lake,"A hidden freshwater system deep beneath the Great Salt Lake has been revealed using airborne electromagnetic surveys. Scientists found that freshwater extends much farther under the lake than expected, reaching depths of up to 4 kilometers. The discovery began with mysterious reed-covered mounds formed by pressurized groundwater pushing upward. Researchers are now investigating whether this underground water could help control hazardous dust from the drying lakebed.",Environment,https://www.sciencedaily.com/releases/2026/03/260321012640.htm
Hidden Antibiotics in River Fish Spark New Food Safety Fears,"Antibiotics are accumulating in a major Brazilian river, especially during the dry season when pollution becomes more concentrated. Scientists even detected a banned drug inside fish sold for food, raising concerns about human exposure. A common aquatic plant showed promise in removing these chemicals from water—but it also altered how fish absorb them, creating unexpected risks.",Environment,https://www.sciencedaily.com/releases/2026/03/260321012638.htm
Tectonic Shift: Earth Was Already Moving 3.5 Billion Years Ago,"Scientists have uncovered the oldest direct evidence yet that Earth’s tectonic plates were on the move 3.5 billion years ago. By analyzing magnetic fingerprints in ancient rocks, they reconstructed how parts of the planet slowly drifted and even rotated over time. This challenges long-standing ideas that early Earth may have had a rigid, unmoving surface. Instead, it suggests the planet was already dynamic—and possibly setting the stage for life—much earlier than expected.",Environment,https://www.sciencedaily.com/releases/2026/03/260321012636.htm
Warming Waters Are Supercharging an Invasive Salmon Predator in Alaska,"As Alaska’s rivers warm, invasive northern pike are becoming noticeably more voracious. Scientists discovered that pike of all ages are eating more fish, with young pike increasing consumption by over 60%. Warmer water speeds up their metabolism, pushing them to hunt more. This growing appetite could spell trouble for struggling salmon populations.",Environment,https://www.sciencedaily.com/releases/2026/04/260424233219.htm
Scientists Just Uncovered a 3 Million-Year Climate Mystery in Antarctic Ice,"Ancient Antarctic ice is revealing a surprising new chapter in Earth’s climate story, stretching back 3 million years. By analyzing tiny pockets of trapped air and rare gases, scientists have discovered that while the planet cooled significantly—especially in the oceans—levels of key greenhouse gases like carbon dioxide and methane changed only modestly. This unexpected mismatch suggests other powerful forces, such as shifting ice sheets, ocean circulation, and Earth’s reflectivity, played major roles in driving long-term climate change.",Environment,https://www.sciencedaily.com/releases/2026/04/260423031552.htm
Beavers Are Turning Rivers Into Powerful Carbon Sinks,"Beavers may be unlikely climate heroes, but new research suggests they could play a powerful role in fighting climate change. By building dams and transforming streams into wetlands, these industrious animals dramatically reshape how carbon moves and is stored in landscapes. Over just 13 years, a beaver-engineered wetland in Switzerland stored over a thousand tonnes of carbon—up to ten times more than similar areas without beavers.",Environment,https://www.sciencedaily.com/releases/2026/03/260322020245.htm
Your Kitchen Sponge Is Releasing Microplastics Every Time You Wash Dishes,"Kitchen sponges release microplastics as they wear down during everyday use, with some sponge types shedding far more than others. Researchers estimated that millions of households could collectively release hundreds of tons of microplastics annually.",Environment,https://www.sciencedaily.com/releases/2026/06/260601025356.htm
Wildfires in Carbon-Rich Tropical Peatlands Hit 2000-Year High,"Tropical peatlands, some of the planet’s largest underground carbon stores, are now burning at levels never seen in at least 2,000 years. By analyzing charcoal preserved in peat across multiple continents, scientists discovered that fires had actually been declining for more than a thousand years, largely shaped by natural climate patterns like drought. That long trend suddenly reversed in the 20th century, with a sharp surge in wildfires—especially in Southeast Asia and Australasia.",Environment,https://www.sciencedaily.com/releases/2026/03/260319005110.htm
What Scientists Found Inside Coral Reefs Could Change the Future of Medicine,"Beneath the beauty of coral reefs lies a hidden universe of microbes unlike anything scientists expected. Each coral species supports its own specialized microbial partners, many of which have never been studied before. These microbes produce a stunning variety of chemical compounds with potential uses in medicine and biotech. The discovery highlights just how much is at stake as coral reefs face growing threats.",Environment,https://www.sciencedaily.com/releases/2026/05/260506225229.htm
Scientists Crack a Decades-Old CO2 Problem and Triple Fuel Production,"A new catalyst design could significantly improve the conversion of CO2 into methanol, an important fuel and chemical feedstock. Researchers separated key reaction steps across different catalyst sites, avoiding a long-standing trade-off between speed and efficiency. The result was about three times more methanol production than standard commercial catalysts.",Environment,https://www.sciencedaily.com/releases/2026/06/260613034234.htm
A “lost World” Beneath the North Sea Was Once Full of Forests,"Long before rising seas swallowed Doggerland beneath the North Sea, this lost landscape may have been a surprisingly lush and life-friendly haven. New DNA evidence reveals that forests of oak, elm, and hazel were already thriving there more than 16,000 years ago—thousands of years earlier than scientists thought possible. Even more astonishing, researchers detected traces of a tree species believed to have vanished from the region hundreds of thousands of years ago.",Environment,https://www.sciencedaily.com/releases/2026/04/260416071959.htm
Extreme Weather Is Hitting Baby Birds Hard in a 60-Year Study,"Decades of data from over 80,000 great tits reveal that extreme weather can shape the fate of baby birds. Cold snaps soon after hatching and heavy rain later in development shrink nestling body mass and reduce survival odds. But moderate warm spells can actually help chicks grow by boosting insect activity and feeding opportunities. Birds that breed earlier in the season seem better protected from these weather shocks.",Environment,https://www.sciencedaily.com/releases/2026/03/260311213435.htm
UNESCO Warns a Tsunami in the Mediterranean Is Inevitable,"The French Riviera may look like an unlikely place for a tsunami disaster, but scientists warn the threat is far more real than most people realize. Historical events and new modeling show that destructive waves have already struck the Mediterranean coast — and could hit again with very little warning. Some tsunami scenarios could reach beaches in under 10 minutes, leaving almost no time for traditional alerts.",Environment,https://www.sciencedaily.com/releases/2026/05/260520093719.htm
Ocean Warming May Supercharge a Tiny Microbe That Controls Marine Nutrients,"As deep-sea waters warm, scientists expected trouble for the microbes that help keep ocean chemistry in balance. Instead, researchers found that Nitrosopumilus maritimus can adapt to warmer, iron-limited conditions by using iron more efficiently. Because these microbes control key nitrogen reactions that support marine life, their adaptability could help sustain ocean productivity. In a warming world, they may play an even bigger role in shaping marine nutrient cycles.",Environment,https://www.sciencedaily.com/releases/2026/03/260311004708.htm
Scientists Detect a Sharp Acceleration in Global Warming,"Global warming appears to have shifted into a faster gear. After removing the effects of El Niño, volcanic eruptions, and solar cycles, researchers found that the planet has warmed at roughly 0.35°C per decade over the past ten years, compared with just under 0.2°C per decade from 1970 to 2015. The acceleration, which becomes visible around 2013 to 2015, appeared across five major global temperature datasets with more than 98% statistical certainty.",Environment,https://www.sciencedaily.com/releases/2026/08/260801093239.htm
Scientists Detect a Sudden Acceleration in Global Warming,"Global warming has picked up speed in the past decade, according to a new analysis from the Potsdam Institute for Climate Impact Research (PIK). By removing short term natural influences such as El Niño, volcanic eruptions, and solar cycles from temperature records, researchers uncovered a clear acceleration in the planet’s long term warming trend beginning around 2015.",Environment,https://www.sciencedaily.com/releases/2026/03/260309183208.htm
Scientists Detect a Surprising Shift in Human Blood as Atmospheric CO2 Rises,"Rising carbon dioxide in the atmosphere may be leaving a measurable imprint inside the human body. Researchers analyzing more than two decades of U.S. health data found that blood bicarbonate levels have climbed about 7% since 1999, while calcium and phosphorus have declined—changes that closely track increasing atmospheric CO2.",Environment,https://www.sciencedaily.com/releases/2026/08/260814235845.htm
Half of Amazon Insects Could Face Dangerous Heat Stress,"A sweeping new study of more than 2,000 insect species reveals a troubling reality: many insects may be far less capable of coping with rising temperatures than scientists once hoped. Researchers found that while some species living at higher altitudes can temporarily boost their heat tolerance, many insects in tropical lowlands—where biodiversity is highest—lack this flexibility. Because insects play essential roles as pollinators, decomposers, and predators, their vulnerability could ripple through entire ecosystems.",Environment,https://www.sciencedaily.com/releases/2026/03/260304184224.htm
Scared of Spiders? Scientists Say the Real Nightmare Is Losing Them,"Spiders and insects may not be fan favorites, but they are vital to the health of ecosystems—and scientists barely know how they’re doing. Researchers found that nearly 90% of North America’s insect and arachnid species have no conservation status, leaving their fate largely unknown. Even more striking, most states don’t protect a single arachnid species. The study warns that these overlooked creatures are essential to planetary health and urgently need better monitoring and protection.",Environment,https://www.sciencedaily.com/releases/2026/03/260314030512.htm
The Hidden Technology That Could Unlock Commercial Fusion Power,"Fusion energy may be one of the most promising clean power sources of the future—but only if scientists can precisely measure the extreme, fast-moving plasmas that make it possible. A new U.S. Department of Energy–sponsored report urges major investment in advanced diagnostic tools—the high-tech “sensors” that track plasma temperature, density, and behavior inside fusion systems. Bringing together 70 experts from universities, national labs, and private industry, the workshop identified seven priority areas ranging from burning plasma to full-scale pilot plants.",Environment,https://www.sciencedaily.com/releases/2026/03/260303050622.htm
Climate Scientist Who “proved” Humanity Is Warming Earth Says Government Report Got It Wrong,A pioneering climate scientist is challenging a U.S. government report that cited his research while reaching what he says is the exact opposite conclusion. Benjamin Santer and his colleagues say decades of satellite data clearly reveal the atmospheric “fingerprint” of human-caused climate change. Their new peer-reviewed analysis argues the report contains major scientific errors and should not be relied upon in climate policy decisions.,Environment,https://www.sciencedaily.com/releases/2026/06/260625060214.htm
Climate Models May Be Missing Massive Carbon Emissions from Boreal Wildfires,"Northern wildfires may be more dangerous for the climate than they appear. Researchers found that fires in boreal forests can burn deep into peat soils, releasing ancient carbon stored for hundreds or thousands of years. These slow, smoldering fires often look small from space, causing climate models to underestimate their emissions.",Environment,https://www.sciencedaily.com/releases/2026/03/260303201755.htm
A Hidden Pollutant Is Changing How the World's Forests Breathe,"A massive global analysis found that nitrogen pollution can either speed up or dramatically slow the natural &quot;breathing&quot; of forest soils, depending on the ecosystem&apos;s condition. The results reveal hidden tipping points that could affect how forests store carbon and cope with climate change.",Environment,https://www.sciencedaily.com/releases/2026/06/260602021659.htm
A Major Climate Hope in Antarctica Just Melted Away,"A popular climate theory suggested that melting Antarctic glaciers would release iron into the ocean, sparking algae blooms that pull carbon dioxide from the air. New field data from West Antarctica reveal that meltwater provides far less iron than scientists once believed. Instead, most of the iron comes from deep ocean water and sediments, not from the melting ice itself. The discovery raises new questions about how Antarctica influences climate change.",Environment,https://www.sciencedaily.com/releases/2026/02/260228082714.htm
Scientists Propose a Radical New Theory for How Life Began on Earth,"Researchers propose that tiny mineral nanoparticles may have been the hidden engines that transformed Earth’s early chemistry into the first building blocks of life. By acting as natural catalysts and energy processors, these “nanozymes” could help explain how lifeless matter gradually became living systems.",Environment,https://www.sciencedaily.com/releases/2026/06/260610003054.htm
Ocean Temperatures May Be Shielding Earth from a Planet-Wide Drought,"Ocean temperature patterns appear to act as a natural brake on the global spread of drought, preventing vast areas of the planet from drying out simultaneously. Researchers found that shifting climate cycles create regional drought hotspots while reducing the likelihood of a worldwide agricultural crisis.",Environment,https://www.sciencedaily.com/releases/2026/06/260621031531.htm
Ocean Temperatures May Be Protecting Earth from a Planet-Wide Drought,"Ocean temperatures may be quietly protecting the world from a global drought catastrophe. By analyzing more than a century of climate data, researchers discovered that droughts rarely spread across the planet at the same time, affecting only about 1.8%–6.5% of global land simultaneously—far less than earlier estimates. The reason lies largely in shifting ocean patterns such as El Niño and La Niña, which create a patchwork of drought conditions across continents instead of one massive worldwide dry spell.",Environment,https://www.sciencedaily.com/releases/2026/03/260304184229.htm
Lost Fossils Reveal Sea Monsters That Took Over After Earth’s Greatest Extinction,"A lost cache of 250-million-year-old fossils from Australia has rewritten part of the story of life after Earth’s worst mass extinction. Instead of a single marine amphibian species, researchers uncovered evidence of a surprisingly diverse community of early ocean predators. One of these creatures had relatives stretching from the Arctic to Madagascar, showing that some of the first sea-going tetrapods spread across the globe with remarkable speed.",Environment,https://www.sciencedaily.com/releases/2026/02/260224023203.htm
Congo Basin Blackwater Lakes Are Releasing Ancient Carbon Into the Atmosphere,"Deep in the Congo Basin, vast peatlands quietly store enormous amounts of Earth’s carbon — but new research suggests this ancient vault may be leaking. Scientists studying Africa’s largest blackwater lakes discovered that significant amounts of carbon dioxide bubbling into the atmosphere come not just from recent plant life, but from peat that has been locked away for thousands of years.",Environment,https://www.sciencedaily.com/releases/2026/02/260224023201.htm
Massive Asteroid Impact 6.3 Million Years Ago Left Giant Glass Field in Brazil,"For the first time ever, scientists have uncovered a vast field of tektites in Brazil — mysterious glassy fragments forged when a powerful extraterrestrial object slammed into Earth about 6.3 million years ago. Named “geraisites” after Minas Gerais, where they were first found, these dark, aerodynamic droplets of natural glass stretch across more than 900 kilometers and may mark one of South America’s most significant ancient impact events.",Environment,https://www.sciencedaily.com/releases/2026/02/260228093512.htm
Scientists Warn Invasive Asian Mantises Are Threatening Europe's Wildlife,"Two striking Asian praying mantis species that have rapidly spread across Europe have now been officially classified as invasive, raising new concerns about their impact on native wildlife. Boosted by climate change and urban environments, these fast-breeding predators are expanding northward, where they prey on native insects, pollinators, and even small vertebrates while also reducing native mantis populations through deadly mating interactions.",Environment,https://www.sciencedaily.com/releases/2026/07/260710003540.htm
Greenland Ice Melt Has Surged Sixfold and Scientists Are Alarmed,"Greenland’s ice sheet is now melting in ways never seen before, with extreme events becoming more frequent, widespread, and intense. Since 1990, meltwater production has skyrocketed, and most record-breaking events have occurred in recent years. Scientists say warming temperatures are supercharging these episodes beyond natural climate patterns.",Environment,https://www.sciencedaily.com/releases/2026/05/260504023852.htm
This Simple Design Could Save Oyster Reefs Worldwide,"Oyster reefs aren’t random piles—they’re carefully shaped survival systems. Researchers discovered that certain geometric patterns, not just bigger or more complex structures, give young oysters the best chance to thrive. By mimicking these natural designs, artificial reefs can dramatically boost oyster survival. The findings could help restore ecosystems that have been devastated worldwide.",Environment,https://www.sciencedaily.com/releases/2026/04/260405003954.htm
Giant Fire Tornadoes Could Clean Up Oil Spills Faster With Less Pollution,"Researchers have shown that controlled fire whirls can clean up oil spills faster and more cleanly than traditional burning methods. The spinning flames consumed up to 95% of the oil, cut soot emissions by 40%, and could help prevent spills from reaching sensitive marine habitats.",Environment,https://www.sciencedaily.com/releases/2026/06/260605023420.htm
Scientists Discover Giant Swirling Plumes Hidden Deep Inside Greenland’s Ice Sheet,"Scientists may have finally solved the mystery of strange plume-like structures hidden deep inside the Greenland ice sheet. New research suggests they form through thermal convection—slow, swirling motions driven by temperature differences inside the ice. This means the deep ice could be far softer than scientists once believed. Understanding this hidden movement could improve predictions about how Greenland’s ice sheet behaves in a warming world.",Environment,https://www.sciencedaily.com/releases/2026/03/260314030446.htm
Antarctica Has a Strange Gravity Hole and Scientists Finally Know Why,"Gravity may seem constant, but it actually varies across the planet—and one of the strangest places is Antarctica, where gravity is slightly weaker than expected. Scientists have traced this “gravity hole” to slow, deep movements of rock inside Earth that unfolded over tens of millions of years. Using earthquake data to essentially create a CT scan of the planet’s interior, researchers reconstructed how the anomaly evolved and discovered that it strengthened between about 50 and 30 million years ago.",Environment,https://www.sciencedaily.com/releases/2026/03/260306224213.htm
A Spinning Gyroscope Could Finally Unlock Ocean Wave Energy,"Ocean waves are a vast and steady source of renewable energy, but capturing their power efficiently has long frustrated engineers. A researcher at The University of Osaka has now explored a bold new approach: a gyroscopic wave energy converter that uses a spinning flywheel inside a floating structure to turn wave motion into electricity. By harnessing gyroscopic precession—the subtle wobble of a spinning object under force—the system can be tuned to absorb energy across a wide range of wave conditions.",Environment,https://www.sciencedaily.com/releases/2026/02/260218031554.htm
"Scientists Warn of 3,100 “surging Glaciers” That Can Trigger Floods and Avalanches","A hidden threat is emerging in the world’s glaciers: while most are shrinking, a rare group known as “surging glaciers” can suddenly accelerate, unleashing powerful and sometimes destructive events. Scientists have identified over 3,100 of these glaciers worldwide, with many clustered in high-risk regions like the Arctic and the Karakoram Mountains, where communities lie directly in their path.",Environment,https://www.sciencedaily.com/releases/2026/04/260416071958.htm
"More Trees Can Mean Fewer Birds, New Study Reveals","Trees planted to protect farmland from wind may not be the biodiversity boost many assume. In Japan’s wetland farming landscapes, shelterbelts benefited some birds but sharply reduced grassland and wetland species that need open space. Researchers found grassland bird abundance dropped by more than 70% near shelterbelts.",Environment,https://www.sciencedaily.com/releases/2026/06/260620100426.htm
"The 1,100-Year-Old Mystery of Montana’s Lost Bison Hunting Site Finally Solved","For nearly 700 years, Indigenous hunters repeatedly used a bison kill site in central Montana—then suddenly stopped, even though bison were still abundant. Researchers uncovered evidence that recurring, decades-long droughts likely made the site less practical by reducing access to the water needed to process large numbers of animals. At the same time, hunting groups were shifting toward larger, more coordinated operations that required dependable resources and specialized locations.",Environment,https://www.sciencedaily.com/releases/2026/06/260610003056.htm
The Worst Coral Bleaching Event Ever Recorded Damaged Over 50% of Reefs,"Coral reefs, worth an estimated $9.8 trillion a year to humanity, are in far worse shape than previously realized. A massive international study found that during the 2014–2017 global marine heatwave, more than half of the world’s reefs suffered significant bleaching, and many experienced large-scale coral death.",Environment,https://www.sciencedaily.com/releases/2026/02/260212025554.htm
Tracking Global Water Circulation Using Atomic Fingerprints,"Scientists have developed a powerful new way to trace the journey of water across the planet by reading tiny atomic clues hidden inside it. Slightly heavier versions of hydrogen and oxygen, called isotopes, shift in predictable ways as water evaporates and moves through the atmosphere. By combining eight advanced climate models into a single ensemble, researchers created the most accurate large-scale simulation yet of how water circulates worldwide.",Environment,https://www.sciencedaily.com/releases/2026/02/260210231553.htm
Deep-Sea Life Has a Secret Food Source Scientists Never Expected,"Scientists discovered that extreme deep-sea pressure squeezes valuable nutrients out of sinking organic particles, providing an unexpected food source for ocean microbes. The finding could rewrite our understanding of both deep-ocean ecosystems and how carbon is stored on Earth.",Environment,https://www.sciencedaily.com/releases/2026/07/260711010127.htm
Climate Change Is Accelerating but Nature Is Slowing Down,"As the planet warms, many expected ecosystems to change faster and faster. Instead, a massive global study shows that species turnover has slowed by about one-third since the 1970s. Nature’s constant reshuffling appears to be driven more by internal ecological dynamics than by climate alone. The slowdown may signal something alarming: ecosystems losing the biodiversity needed to keep their engines running.",Environment,https://www.sciencedaily.com/releases/2026/02/260217005714.htm
Ancient Microbes May Have Used Oxygen 500 Million Years Before It Filled Earth’s Atmosphere,"Life on Earth may have learned to breathe oxygen long before oxygen filled the skies. MIT researchers traced a key oxygen-processing enzyme back hundreds of millions of years before the Great Oxidation Event. Early microbes living near oxygen-producing cyanobacteria may have quickly used up the gas as it formed, slowing its rise in the atmosphere. The results suggest life was adapting to oxygen far earlier — and far more creatively — than once thought.",Environment,https://www.sciencedaily.com/releases/2026/02/260218031609.htm
Italy’s Winter Olympics Are Stunning from Space,"Satellite imagery reveals how the 2026 Winter Olympics are spread across northern Italy, from alpine valleys to historic cities. Events are hosted in mountain resorts, while Milan and Verona frame the Games with opening and closing ceremonies. The view includes iconic features like Lake Garda and the Venetian lagoon. Together, they show the vast scale and unique setting of this year’s Olympics.",Environment,https://www.sciencedaily.com/releases/2026/02/260209211229.htm
Hidden Earthquake Faults Beneath Seattle May Be More Dangerous Than Expected,A hidden network of earthquake faults running beneath Seattle may be far more active than scientists realized. New research reveals that smaller “secondary” faults in the Seattle Fault Zone appear to rupture roughly every 350 years — much more often than the massive main fault that has long worried geologists.,Environment,https://www.sciencedaily.com/releases/2026/05/260518041442.htm
Can Solar Storms Trigger Earthquakes? Scientists Propose Surprising Link,"Scientists have proposed a surprising connection between solar flares and earthquakes. When solar activity disturbs the ionosphere, it may generate electric fields that penetrate fragile fracture zones in Earth’s crust. If a fault is already critically stressed, this extra electrostatic pressure could help trigger a quake. The idea doesn’t claim direct causation, but it offers a fresh way to think about how space weather and seismic events might interact.",Environment,https://www.sciencedaily.com/releases/2026/02/260224023209.htm
Scientists Just Mapped Mysterious Earthquakes Deep Inside Earth,"Scientists at Stanford have unveiled the first-ever global map of rare earthquakes that rumble deep within Earth’s mantle rather than its crust. Long debated and notoriously difficult to confirm, these elusive quakes turn out to cluster in regions like the Himalayas and near the Bering Strait. By developing a breakthrough method that distinguishes mantle quakes using subtle differences in seismic waves, researchers identified hundreds of these hidden tremors worldwide.",Environment,https://www.sciencedaily.com/releases/2026/02/260219040818.htm
NASA Fired Three Rockets Into the Northern Lights and the Results Are Stunning,"NASA has pulled off a high-flying aurora investigation, launching three rockets into the glowing northern lights over Alaska. One mission targeted mysterious dark patches called black auroras, while the twin GNEISS rockets created a 3D scan of the aurora’s electrical currents. All rockets reached their planned altitudes and returned strong data. The result: an unprecedented look at how these dazzling light shows are wired from space to sky.",Environment,https://www.sciencedaily.com/releases/2026/02/260217005738.htm
"Snowball Earth Was Not Completely Frozen, New Study Reveals","Even when Earth was locked in its most extreme deep freeze, the planet’s climate may not have been as silent and still as once believed. New research from ancient Scottish rocks reveals that during Snowball Earth — when ice sheets reached the tropics and the planet resembled a giant snowball from space — climate rhythms similar to today’s seasons, solar cycles, and even El Niño–like patterns were still pulsing beneath the ice.",Environment,https://www.sciencedaily.com/releases/2026/02/260212025545.htm
Methane Spiked After 2020 and the Cause Was Unexpected,"Methane levels in Earth’s atmosphere surged faster than ever in the early 2020s, and scientists say the reason was a surprising mix of chemistry and climate. A temporary slowdown in the atmosphere’s ability to break down methane allowed the gas to linger, while unusually wet conditions boosted emissions from wetlands, rivers, lakes, and rice fields around the world. Pandemic-related changes in air pollution played a key role, indirectly weakening the atmosphere’s natural “clean-up” process.",Environment,https://www.sciencedaily.com/releases/2026/02/260210082917.htm
An Invisible Forever Chemical Rain Is Falling Across the Planet,"A surprising study suggests that chemicals introduced to protect the ozone layer may have unintentionally created a growing global pollution problem. Researchers found that refrigerants and certain anesthetic gases have generated more than 335,000 tonnes of trifluoroacetic acid (TFA), a highly persistent &quot;forever chemical,&quot; that has been deposited across Earth&apos;s surface since 2000. The pollutant is now showing up everywhere from rainwater to remote Arctic ice, and scientists expect levels to keep rising.",Environment,https://www.sciencedaily.com/releases/2026/06/260609025509.htm
The Secret Underground System Keeping the Grand Canyon Alive,"Scientists are venturing into the Grand Canyon’s hidden cave networks to solve a mystery: how snowmelt travels underground to supply the park’s vital springs. Their discoveries could help protect the canyon’s water from drought, contamination, and other growing threats.",Environment,https://www.sciencedaily.com/releases/2026/06/260602021648.htm
Most U.S. States Are Warming but Not in the Way You Think,"Warming across the U.S. is far more uneven than it looks at first glance. While only about half of states show rising average temperatures, most are heating up in specific ways—like hotter highs or warmer lows. These hidden shifts vary by region, with the West seeing more extreme heat and the North losing cold extremes. The findings suggest climate change is playing out differently depending on where you live.",Environment,https://www.sciencedaily.com/releases/2026/04/260403224502.htm
Pumas Are Back in Patagonia and Penguins Are Paying the Price,"Pumas returning to Patagonia have begun hunting mainland penguins that evolved without land predators. Scientists estimate that more than 7,000 adult penguins were killed in just four years, many of them left uneaten. While the losses are dramatic, models show that pumas alone are unlikely to wipe out the colony. Greater dangers come from poor breeding and low survival among young penguins.",Environment,https://www.sciencedaily.com/releases/2026/02/260207232246.htm
An Invisible Chemical Rain Is Falling Across the Planet,"A new study reveals that chemicals used to replace ozone-damaging CFCs are now driving a surge in a persistent “forever chemical” worldwide. The pollutant, called trifluoroacetic acid, is falling out of the atmosphere into water, land, and ice, including in remote regions like the Arctic. Even as older chemicals are phased out, their long lifetimes mean pollution is still rising.",Environment,https://www.sciencedaily.com/releases/2026/02/260206020847.htm
New Forecasts Offer Early Warning of Arctic Sea Ice Loss,"Arctic sea ice helps cool the planet and influences weather patterns around the world, but it is disappearing faster than ever as the climate warms. Scientists have now developed a new forecasting method that can predict how much Arctic sea ice will remain months in advance, focusing on September when ice levels are at their lowest. By combining long-term climate patterns, seasonal cycles, and short-term weather shifts, the model delivers real-time predictions that outperform existing approaches.",Environment,https://www.sciencedaily.com/releases/2026/02/260206232249.htm
Scientists Discover Hidden Deep-Earth Structures Shaping the Magnetic Field,"Deep inside Earth, two massive hot rock structures have been quietly shaping the planet’s magnetic field for millions of years. Using ancient magnetic records and advanced simulations, scientists discovered that these formations influence the movement of liquid iron in Earth’s core. Some parts of the magnetic field remained stable over vast stretches of time, while others changed dramatically.",Environment,https://www.sciencedaily.com/releases/2026/02/260205050039.htm
Scientists Say This Algae Could Remove Microplastics from Drinking Water,"Researchers created a special kind of algae that can grab microscopic plastic pollution out of water almost like a magnet. The algae produce limonene, an orange-scented oil that helps them bind to water-repelling microplastics, forming easy-to-remove clumps. As a bonus, the algae also clean wastewater while growing.",Environment,https://www.sciencedaily.com/releases/2026/05/260511213201.htm
Melting Antarctic Ice May Weaken a Major Carbon Sink,"Melting ice from West Antarctica once delivered huge amounts of iron to the Southern Ocean, but algae growth did not increase as expected. Researchers found the iron was in a form that marine life could not easily use. This means more melting ice does not automatically boost carbon absorption. In the future, Antarctic ice loss could actually reduce the ocean’s ability to slow climate change.",Environment,https://www.sciencedaily.com/releases/2026/02/260204042457.htm
Earth’s Biggest Volcanic Event Transformed an Entire Oceanic Plate,"Seismic waves have revealed that the oceanic plate beneath the Ontong Java Plateau was dramatically transformed by the colossal volcanic activity that created it more than 100 million years ago. Researchers found a complex structure of horizontal layers cut through by vast swarms of vertical magma channels, along with unusually slow seismic waves suggesting that deep-rising magma chemically altered the plate itself.",Environment,https://www.sciencedaily.com/releases/2026/07/260716023618.htm
Scientists Just Discovered a Tiny Signal That Volcanoes Send Before They Erupt,"A new detection method called “Jerk” could dramatically improve how scientists forecast volcanic eruptions. By using a single broadband seismometer, the system can detect extremely subtle ground movements caused by magma pushing underground—often hours before an eruption begins. Tested for more than a decade at the Piton de la Fournaise volcano on La Réunion, the tool successfully predicted 92% of eruptions between 2014 and 2023, sometimes giving up to eight hours of warning.",Environment,https://www.sciencedaily.com/releases/2026/03/260315004411.htm
A Hidden Force Beneath the Atlantic Ripped Open a 500 Kilometer Canyon,"Far beneath the Atlantic Ocean, about 1,000 kilometers off Portugal’s coast, lies a colossal underwater canyon system that dwarfs even the Grand Canyon. Known as the King’s Trough Complex, this 500-kilometer stretch of trenches and deep basins formed not from rushing water, but from dramatic tectonic forces that once tore the seafloor apart.",Environment,https://www.sciencedaily.com/releases/2026/02/260222092327.htm
One of Earth’s Most Abundant Lifeforms Has a Fatal Flaw,"SAR11 bacteria dominate the world’s oceans by being incredibly efficient, shedding genes to survive in nutrient-poor waters. But that extreme streamlining appears to backfire when conditions change. Under stress, many cells keep copying their DNA without dividing, creating abnormal cells that grow large and die. This vulnerability may explain why SAR11 populations drop during phytoplankton blooms and could become more important as oceans grow less stable.",Environment,https://www.sciencedaily.com/releases/2026/02/260201231205.htm
Ancient Oceans Stayed Oxygen Rich Despite Extreme Warming,"Scientists studying ancient ocean fossils found that the Arabian Sea was better oxygenated 16 million years ago, even though the planet was warmer than today. Oxygen levels only plunged millions of years later, after the climate cooled, defying expectations. Powerful monsoons and ocean circulation appear to have delayed oxygen loss in this region compared to the Pacific. The discovery suggests future ocean oxygen levels may not follow a simple warming-equals-deoxygenation rule.",Environment,https://www.sciencedaily.com/releases/2026/01/260129080422.htm
Scientists Open a Million-Year-Old Time Capsule Hidden Beneath New Zealand,"A cave in New Zealand has yielded fossils from a lost ecosystem that existed about 1 million years ago, including a possible flying ancestor of the kākāpō. The discovery reveals that volcanoes and climate upheaval were reshaping the country’s wildlife and driving extinctions long before humans arrived.",Environment,https://www.sciencedaily.com/releases/2026/06/260623011129.htm
DNA Solves 250-Year-Old Mystery of the Seychelles’ Lost Crocodiles,"Scientists have solved the mystery of the Seychelles’ vanished crocodiles using DNA from historic museum specimens. The reptiles were not a unique species after all, but an isolated population of saltwater crocodiles that likely drifted thousands of kilometers across the Indian Ocean.",Environment,https://www.sciencedaily.com/releases/2026/05/260528082503.htm
Scientists Open a Million-Year-Old Time Capsule Beneath New Zealand,"Deep inside a cave, scientists uncovered fossils from 16 species, including a newfound kākāpō ancestor that may have been able to fly. These remains reveal that New Zealand’s ecosystems were constantly disrupted by volcanic eruptions and rapid climate shifts. Long before humans, waves of extinction and replacement reshaped the islands’ wildlife. It’s a rare window into a missing chapter of natural history.",Environment,https://www.sciencedaily.com/releases/2026/03/260325005924.htm
Forests Are Changing Fast and Scientists Are Deeply Concerned,"Forests around the world are quietly transforming, and not for the better. A massive global analysis of more than 31,000 tree species reveals that forests are becoming more uniform, increasingly dominated by fast-growing “sprinter” trees, while slow-growing, long-lived species are disappearing. These slower species act as the backbone of forest ecosystems, storing carbon, stabilizing environments, and supporting rich webs of life—especially in tropical regions where biodiversity is highest.",Environment,https://www.sciencedaily.com/releases/2026/02/260208233836.htm
A Simple Water Shift Could Turn Arctic Farmland Into a Carbon Sink,"Deep in the Arctic north, drained peatlands—once massive carbon vaults built over thousands of years—are quietly leaking greenhouse gases into the atmosphere. But new field research from northern Norway suggests there’s a powerful way to slow that loss: raise the water level. In a two-year study, scientists found that restoring higher groundwater levels in cultivated Arctic peatlands dramatically cut carbon dioxide emissions, and in some cases even tipped the balance so the land absorbed more CO₂ than it released.",Environment,https://www.sciencedaily.com/releases/2026/02/260221000325.htm
Tiny Mammals Are Sending Warning Signs Scientists Can Finally Read,"Small mammals are early warning systems for environmental damage, but many species look almost identical, making them hard to track. Scientists have developed a new footprint-based method that can tell apart nearly indistinguishable species with remarkable accuracy. Tested on two types of sengi, the system correctly identified them up to 96% of the time. It offers a simple, ethical way to monitor ecosystems before they quietly unravel.",Environment,https://www.sciencedaily.com/releases/2026/01/260128075328.htm
Tiny Plastics in Drinking Water May Be Making Dangerous Bacteria Stronger,"Tiny plastic particles in drinking water may be doing more than contaminating the environment. New research suggests nanoplastics can actually help harmful bacteria survive by strengthening the slimy biofilms they form inside water systems. These tougher biofilms become more resistant to disinfectants, making them harder to remove and potentially increasing public health risks.",Environment,https://www.sciencedaily.com/releases/2026/07/260714225532.htm
Forty Years of Forest Data Reveal a Changing Amazon,"After analyzing 40 years of tree records across the Andes and Amazon, researchers found that climate change is reshaping tropical forests in uneven ways. Some regions are steadily losing tree species, especially where conditions are hotter and drier, while others are seeing gains. Rainfall patterns turned out to be just as important as rising temperatures.",Environment,https://www.sciencedaily.com/releases/2026/01/260125081133.htm
"Scientists Just Found a Faster, Cleaner Way to Extract Lithium for EV Batteries","A breakthrough lithium-extraction method could help solve one of clean energy’s dirtiest problems. Researchers at Columbia Engineering have developed a fast new technique that pulls lithium directly from salty underground brines using a temperature-sensitive solvent, avoiding the giant evaporation ponds that can take years and drain precious water supplies. Even better, the method works on low-quality lithium sources that current technologies struggle to use.",Environment,https://www.sciencedaily.com/releases/2026/05/260522023132.htm
Scientists Just Found a Chilling Way Life May Have Begun,"New experiments suggest that freezing and thawing on early Earth may have helped primitive cell-like structures grow and evolve. Tiny lipid bubbles behaved very differently depending on their membrane makeup—some fused into larger compartments and captured DNA more efficiently. These fusion events could have mixed key molecules, setting the stage for more complex chemistry.",Environment,https://www.sciencedaily.com/releases/2026/04/260428045559.htm
Aggressive “hulk” Lizards Are Wiping out Millions of Years of Evolution,"For ages, wall lizards coexisted in three distinct color types, each with its own strategy for survival. Now, a powerful green variant is taking over. These dominant “Hulk” lizards are outcompeting the others, causing yellow and orange morphs to vanish. It’s a dramatic reminder that evolution can flip the script much faster than expected.",Environment,https://www.sciencedaily.com/releases/2026/04/260424233212.htm
Scientists Just Found Where Airborne Microplastics Really Come from,"Microplastics are floating through the atmosphere and spreading across the globe, but their true origins have been misunderstood. New research shows land sources emit over 20 times more microplastic particles into the air than the ocean, challenging earlier beliefs. Scientists also discovered that previous models dramatically overestimated how much plastic is in the atmosphere.",Environment,https://www.sciencedaily.com/releases/2026/04/260423031542.htm
Life Rebounded Shockingly Fast After the Asteroid That Killed the Dinosaurs,"The asteroid impact that wiped out the dinosaurs didn’t keep life down for long. New research shows that microscopic plankton began evolving into new species within just a few thousand years—and possibly in under 2,000 years—after the disaster. Scientists uncovered this rapid rebound by using a rare isotope marker to more accurately measure time in ancient sediments. The discovery suggests life recovered far faster than previously thought.",Environment,https://www.sciencedaily.com/releases/2026/03/260315004414.htm
A Breakthrough That Turns Exhaust CO2 Into Useful Materials,"Scientists have created a device that captures carbon dioxide and transforms it into a useful chemical in a single step. The new electrode works with realistic exhaust gases rather than requiring purified CO2. It converts the captured gas into formic acid, which is used in energy and manufacturing. The system even functions at CO2 levels found in normal air.",Environment,https://www.sciencedaily.com/releases/2026/01/260128230509.htm
Geologists Reveal the Americas Collided Millions of Years Earlier Than Thought,"Volcanic rocks in Colombia are rewriting the timeline of the collision between Central and South America. Their magnetic signatures show that major tectonic deformation had already weakened by the late Miocene, suggesting the most intense collision occurred earlier than previously believed.",Environment,https://www.sciencedaily.com/releases/2026/09/260907201608.htm
The “Asian Water Tower” Is Losing 24 Billion Tonnes of Groundwater Every Year,"The “Asian Water Tower” is losing roughly 24.2 billion tonnes of groundwater every year, with some of the worst declines hitting densely populated farming regions. Glacier melt may temporarily soften the crisis around the 2060s, but without changes in water use, researchers expect depletion to accelerate afterward.",Environment,https://www.sciencedaily.com/releases/2026/08/260820002454.htm
AI Reveals a Massive Algae Boom Across the World’s Oceans,"An AI analysis of 1.2 million satellite images shows that floating algae blooms are spreading across the global ocean. The rapid growth of massive seaweed mats could reshape marine habitats while bringing foul-smelling decay, ecological damage, and economic losses to coastlines.",Environment,https://www.sciencedaily.com/releases/2026/08/260801042834.htm
South Australia’s Koala Boom Could End in Mass Starvation,"South Australia’s koala population has grown so large that it may be heading toward a self-made disaster, with forests struggling to support the animals. Researchers say targeted fertility control could prevent widespread starvation and habitat collapse before it’s too late.",Environment,https://www.sciencedaily.com/releases/2026/06/260606075846.htm
Humans Returned to Britain 500 Years Earlier Than Scientists Thought After the Last Ice Age,"Humans may have returned to Britain far earlier than scientists once believed — not long after the last ice sheet began retreating. New evidence suggests people were already moving into the British Isles around 15,200 years ago, tracking herds of reindeer and horses across a landscape that was suddenly becoming warmer and greener.",Environment,https://www.sciencedaily.com/releases/2026/05/260511213158.htm
UNESCO Warns There’s Close to a 100% Chance of a Mediterranean Tsunami,"The Mediterranean may seem far removed from the world’s major tsunami zones, but history and modern modeling show that destructive waves can strike the French Riviera with surprisingly little warning. Some tsunamis could reach shore in under 10 minutes, while past events have produced waves around two meters high, powerful currents, damage, and deaths.",Environment,https://www.sciencedaily.com/releases/2026/09/260910022149.htm
Scientists Trace Fertilizer Microplastics from Fields to Beaches,"Plastic-coated fertilizers used on farms are emerging as a major but hidden source of ocean microplastics. A new study found that only a tiny fraction reaches beaches through rivers, while direct drainage from fields to the sea sends far more plastic back onto shore. Once there, waves and tides briefly trap the particles on beaches before many vanish again. This helps explain why so much plastic pollution seems to disappear after reaching the ocean.",Environment,https://www.sciencedaily.com/releases/2026/01/260118233551.htm
Tiny Earthquakes Are Revealing a Dangerous Secret Beneath California,"Scientists are uncovering a hidden and surprisingly complex earthquake zone beneath Northern California by tracking swarms of tiny earthquakes that are far too weak to feel. These faint tremors are revealing what lies beneath the surface where the San Andreas fault meets the Cascadia subduction zone, one of the most dangerous seismic regions in North America.",Environment,https://www.sciencedaily.com/releases/2026/01/260117053529.htm
Forest Loss Is Driving Mosquitoes’ Thirst for Human Blood,"In the rapidly disappearing Atlantic Forest, mosquitoes are adapting to a human-dominated landscape. Scientists found that many species now prefer feeding on people rather than the forest’s diverse wildlife. This behavior dramatically raises the risk of spreading dangerous viruses such as dengue and Zika. The findings reveal how deforestation can quietly reshape disease dynamics.",Environment,https://www.sciencedaily.com/releases/2026/01/260115022754.htm
Record-Breaking Ocean Drilling Reveals Why Japan's 2011 Tsunami Was So Deadly,"Scientists have uncovered a hidden weakness beneath the Pacific Ocean that helps explain why Japan’s catastrophic 2011 earthquake and tsunami became so devastating. By drilling deeper into the seafloor than ever before, researchers discovered a thin, slippery layer of ancient clay that allowed the massive rupture to race all the way to the ocean floor, triggering enormous seafloor movement and a powerful tsunami.",Environment,https://www.sciencedaily.com/releases/2026/06/260625060220.htm
Ancient Lost Ocean May Have Built Central Asia’s Dinosaur-Era Mountains,"Scientists have uncovered evidence that the vanished Tethys Ocean may have sculpted Central Asia’s mountainous landscape during the dinosaur era. Using decades of geological data, researchers found that distant tectonic activity linked to the ancient ocean appears to match periods of rapid mountain formation. Surprisingly, climate and mantle processes played only a minor role. The discovery could reshape how scientists understand mountain building across the planet.",Environment,https://www.sciencedaily.com/releases/2026/05/260515233350.htm
Hundreds of Millions at Risk as River Deltas Sink Faster Than Rising Seas,"Many of the world’s largest river deltas—home to hundreds of millions of people—are sinking faster than rising seas, according to a sweeping global study. Using high-resolution satellite radar maps, researchers found that human activities like groundwater pumping, reduced sediment flow, and rapid urban growth are driving widespread land subsidence across 40 major deltas.",Environment,https://www.sciencedaily.com/releases/2026/04/260420014750.htm
Flea and Tick Treatments for Dogs and Cats May Be Harming Wildlife,"Flea and tick medications trusted by pet owners worldwide may have an unexpected environmental cost. Scientists found that active ingredients from isoxazoline treatments pass into pet feces, exposing dung-feeding insects to toxic chemicals. These insects are essential for nutrient cycling and soil health. The findings suggest everyday pet treatments could ripple through ecosystems in surprising ways.",Environment,https://www.sciencedaily.com/releases/2026/02/260221000328.htm
A Deadly Chemical Frozen in Ice May Have Sparked Life on Earth,"Hydrogen cyanide, a toxic chemical, may have helped spark the chemistry that led to life. When frozen, it forms crystals with highly reactive surfaces that can drive unusual chemical reactions, even in extreme cold. These reactions could produce more reactive molecules that pave the way for life’s basic ingredients. The findings suggest frozen worlds may be more chemically active than once thought.",Environment,https://www.sciencedaily.com/releases/2026/01/260115022802.htm
Cosmic Rays Turned Ancient Sand Into a Geological Time Machine,"Scientists at Curtin University have uncovered a new way to read the deep history of Earth’s landscapes using microscopic zircon crystals from ancient beach sands. These incredibly durable minerals trap traces of krypton gas created when cosmic rays strike them at Earth’s surface, effectively turning each crystal into a “cosmic clock.” By measuring that krypton, researchers can determine how long sediments lingered near the surface before burial, revealing how landscapes eroded, shifted, and stabilized over millions of years.",Environment,https://www.sciencedaily.com/releases/2026/03/260311213444.htm
Atacama Surprise: The World’s Driest Desert Is Teeming With Hidden Life,"Even in the ultra-dry Atacama Desert, tiny soil-dwelling nematodes are thriving in surprising diversity. Scientists found that biodiversity increases with moisture and altitude shapes which species survive. In the most extreme zones, many nematodes reproduce asexually — a possible survival advantage. The discovery suggests that life in arid regions may be far richer, and more fragile, than once believed.",Environment,https://www.sciencedaily.com/releases/2026/03/260302030650.htm
Scientists Found the Soil Secret That Doubles Forest Regrowth,New research shows tropical forests can recover twice as fast after deforestation when their soils contain enough nitrogen. Scientists followed forest regrowth across Central America for decades and found that nitrogen plays a decisive role in how quickly trees return. Faster regrowth also means more carbon captured from the atmosphere. The study points to smarter reforestation strategies that work with nature rather than relying on fertilizers.,Environment,https://www.sciencedaily.com/releases/2026/01/260115220612.htm
“Marine Darkwaves”: Hidden Ocean Blackouts Are Putting Sealife at Risk,"Scientists have identified a newly recognized threat lurking beneath the ocean’s surface: sudden episodes of underwater darkness that can last days or even months. Caused by storms, sediment runoff, algae blooms, and murky water, these “marine darkwaves” dramatically reduce light reaching the seafloor, putting kelp forests, seagrass, and other light-dependent life at risk.",Environment,https://www.sciencedaily.com/releases/2026/01/260114084115.htm
Earth’s Orbital Wobble Triggered Rapid Climate Chaos During the Dinosaur Age,"New research suggests Earth’s climate can swing wildly on surprisingly short timescales — even during hot, ice-free greenhouse periods. By studying ancient sediments from the Late Cretaceous, scientists uncovered repeating climate shifts tied to tiny changes in Earth’s orbital wobble. These cycles may have repeatedly pushed the planet between humid and arid states every few thousand years.",Environment,https://www.sciencedaily.com/releases/2026/05/260527023216.htm
Extreme Heat Is Breaking Honey Bees’ Natural Cooling System,"Honey bees can normally keep their hives perfectly climate-controlled, but extreme heat can overwhelm their defenses. During a scorching Arizona summer, researchers found that high temperatures caused damaging temperature fluctuations inside hives, leading to population declines. Smaller colonies were hit hardest, experiencing the most severe swings. As global temperatures rise, heat waves could pose a growing threat to bees and the pollination they provide.",Environment,https://www.sciencedaily.com/releases/2026/01/260112214306.htm
Scientists Discover What’s Linking Floods and Droughts Across the Planet,"Scientists tracking Earth’s water from space discovered that El Niño and La Niña are synchronizing floods and droughts across continents. When these climate cycles intensify, far-apart regions can become unusually wet or dangerously dry at the same time. The study also found a global shift about a decade ago, with dry extremes becoming more common than wet ones. Together, the results show that water crises are part of a global pattern, not isolated events.",Environment,https://www.sciencedaily.com/releases/2026/01/260112214304.htm
The Ocean Absorbed a Stunning Amount of Heat in 2025,"Earth’s oceans reached their highest heat levels on record in 2025, absorbing vast amounts of excess energy from the atmosphere. This steady buildup has accelerated since the 1990s and is now driving stronger storms, heavier rainfall, and rising sea levels. While surface temperatures fluctuate year to year, the ocean’s long-term warming trend shows no sign of slowing.",Environment,https://www.sciencedaily.com/releases/2026/01/260114080328.htm
New Catalyst Turns Carbon Dioxide Into Clean Fuel Source,"Researchers have found that manganese, an abundant and inexpensive metal, can be used to efficiently convert carbon dioxide into formate, a potential hydrogen source for fuel cells. The key was a clever redesign that made the catalyst last far longer than similar low-cost materials. Surprisingly, the improved manganese catalyst even beat many expensive precious-metal options. The discovery could help turn greenhouse gas into clean energy ingredients.",Environment,https://www.sciencedaily.com/releases/2026/02/260203030548.htm
Scientists Finally Explain Earth’s Strangest Fossils,The Ediacara Biota are some of the strangest fossils ever found—soft-bodied organisms preserved in remarkable detail where preservation shouldn’t be possible. Scientists now think their survival in sandstone came from unusual ancient seawater chemistry that created clay “cements” around their bodies after burial. This process captured delicate shapes that would normally vanish. The finding helps clarify how complex life emerged before the Cambrian Explosion.,Environment,https://www.sciencedaily.com/releases/2026/01/260127010151.htm
A Shocking Amount of Plastic Is Floating in City Air,"Plastic pollution is not just in oceans and soil. Scientists have now found enormous amounts of microscopic plastic floating through urban air, far exceeding earlier estimates. Road dust and rainfall play a major role in moving these particles through the atmosphere. The findings suggest the air may be one of the most important pathways for plastic pollution.",Environment,https://www.sciencedaily.com/releases/2026/01/260112211457.htm
"Greenland Ice Completely Melted 7,000 Years Ago and Could Happen Again","Scientists drilling deep beneath Greenland’s ice have uncovered a startling clue about its past—and future. Evidence shows that the Prudhoe Dome, a major high point of the ice sheet, completely melted around 7,000 years ago during a relatively mild natural warming period. That means this supposedly stable ice cap is far more fragile than once thought, raising concerns that today’s human-driven warming could trigger similar or even faster ice loss.",Environment,https://www.sciencedaily.com/releases/2026/04/260417224503.htm
A Satellite Illusion Hid the True Scale of Arctic Snow Loss,"For years, satellite data suggested that autumn snow cover in the Northern Hemisphere was actually increasing — a surprising twist in a warming world. But a new analysis reveals that this apparent growth was an illusion caused by improving satellite technology that became better at detecting thin snow over time. In reality, snow cover has been shrinking by about half a million square kilometers per decade.",Environment,https://www.sciencedaily.com/releases/2026/02/260217005803.htm
Microplastics Are Undermining the Ocean’s Power to Absorb Carbon,"Tiny plastic particles drifting through the oceans may be quietly weakening one of Earth’s most powerful climate defenses. New research suggests microplastics are disrupting marine life that helps oceans absorb carbon dioxide, while also releasing greenhouse gases as they break down. By interfering with plankton, microbes, and natural carbon cycles, these pollutants reduce the ocean’s ability to regulate global temperatures.",Environment,https://www.sciencedaily.com/releases/2026/01/260116035322.htm
Coral Reefs Could Feed Millions If We Let Them Rebuild,"Overfished coral reefs are producing far less food than they could. Researchers found that letting reef fish populations recover could boost sustainable fish yields by nearly 50%, creating millions of extra meals each year. Countries with high hunger and nutrient deficiencies would benefit the most. Rebuilding reefs could turn ocean conservation into a powerful tool against global hunger.",Environment,https://www.sciencedaily.com/releases/2026/01/260103155030.htm
Wildfires Are Polluting the Air Far More Than Thought,Scientists have discovered that wildfires release far more air-polluting gases than previously estimated. Many of these hidden emissions can transform into fine particles that are dangerous to breathe. The study shows wildfire pollution rivals human-made emissions in some parts of the world. This helps explain why wildfire smoke can linger and worsen air quality long after the flames are gone.,Environment,https://www.sciencedaily.com/releases/2026/01/260107012114.htm
What You Eat Could Decide the Planet’s Future,"What we put on our plates may matter more for the climate than we realize. Researchers found that most people, especially in wealthy countries, are exceeding a “food emissions budget” needed to keep global warming below 2°C. Beef alone accounts for nearly half of food-related emissions in Canada. Small changes—less waste, smaller portions, and fewer steaks—could add up to a big climate win.",Environment,https://www.sciencedaily.com/releases/2025/12/251224032356.htm
Scientists Sound the Alarm as Dangerous Amoebas Spread Globally,"Scientists warn that free-living amoebae may be an underappreciated public health threat, capable of causing deadly infections and shielding other dangerous microbes from water treatment. Climate change and aging infrastructure could help these resilient organisms spread more widely in the years ahead.",Environment,https://www.sciencedaily.com/releases/2026/06/260606015137.htm
We Are Living in a Golden Age of Species Discovery,"The search for life on Earth is speeding up, not slowing down. Scientists are now identifying more than 16,000 new species each year, revealing far more biodiversity than expected across animals, plants, fungi, and beyond. Many species remain undiscovered, especially insects and microbes, and future advances could unlock millions more. Each new find also opens doors to conservation and medical breakthroughs.",Environment,https://www.sciencedaily.com/releases/2025/12/251224032345.htm
Scientists Found a Dangerous Feedback Loop Accelerating Arctic Warming,"The Arctic is changing rapidly, and scientists have uncovered a powerful mix of natural and human-driven processes fueling that change. Cracks in sea ice release heat and pollutants that form clouds and speed up melting, while emissions from nearby oil fields alter the chemistry of the air. These interactions trigger feedback loops that let in more sunlight, generate smog, and push warming even further. Together, they paint a troubling picture of how fragile the Arctic system has become.",Environment,https://www.sciencedaily.com/releases/2025/12/251228020008.htm
Scientists Turn Carrot Waste Into Protein People Prefer,"Scientists have discovered a clever way to turn carrot processing leftovers into a nutritious and surprisingly appealing protein. By growing edible fungi on carrot side streams, researchers produced fungal mycelium that can replace traditional plant-based proteins in foods like vegan patties and sausages. When people sampled the foods, many preferred the versions made entirely with the fungal protein over those made with soy or chickpeas.",Environment,https://www.sciencedaily.com/releases/2025/12/251220104557.htm
The Western U.S. Tried to Stop Wildfires and It Backfired,"Much of the western U.S. is overdue for wildfire, with decades of suppression allowing fuel to build up across millions of hectares. Researchers estimate that 74% of the region is in a fire deficit, meaning far more land needs to burn to restore healthy forest conditions. Catching up would require an unprecedented amount of controlled and managed fire.",Environment,https://www.sciencedaily.com/releases/2025/12/251218060550.htm
"A 3,000-Year High: Alaska’s Arctic Is Entering a Dangerous New Fire Era","For thousands of years, wildfires on Alaska’s North Slope were rare. That changed sharply in the 20th century, when warming temperatures dried soils and fueled the spread of shrubs, setting the stage for intense fires. Peat cores and satellite data reveal that fire activity since the 1950s has reached record levels. The findings suggest the Arctic is entering a new, more dangerous fire era.",Environment,https://www.sciencedaily.com/releases/2026/01/260114084119.htm
Oceans Are Supercharging Hurricanes Past Category 5,"Deep ocean hot spots packed with heat are making the strongest hurricanes and typhoons more likely—and more dangerous. These regions, especially near the Philippines and the Caribbean, are expanding as climate change warms ocean waters far below the surface. As a result, storms powerful enough to exceed Category 5 are appearing more often, with over half occurring in just the past decade. Researchers say recognizing a new “Category 6” could improve public awareness and disaster planning.",Environment,https://www.sciencedaily.com/releases/2025/12/251225080725.htm
Scientists Discover Tiny Ocean Fungus That Kills Toxic Algae,"Scientists have discovered a newly identified marine fungus that can infect and kill toxic algae responsible for harmful blooms. The microscopic parasite, named Algophthora mediterranea, attacks algae such as Ostreopsis cf. ovata, which produces toxins that can irritate the lungs, skin, and eyes of people exposed during coastal blooms. Remarkably, the fungus can infect several different algae species and even survive on pollen, suggesting it is far more adaptable than most known marine parasites.",Environment,https://www.sciencedaily.com/releases/2026/03/260305223223.htm
Why This Rust-Like Mineral Is One of Earth’s Best Carbon Vaults,"A common iron mineral hiding in soil turns out to be far better at trapping carbon than scientists realized. Its surface isn’t uniform — it’s a nanoscale patchwork of positive and negative charges that can grab many different organic molecules. Instead of relying on a single weak attraction, the mineral uses several bonding strategies to hold carbon tightly in place. This helps explain how soils store enormous amounts of carbon for the long term.",Environment,https://www.sciencedaily.com/releases/2026/02/260208233823.htm
A Stunning New Forecast Shows When Thousands of Glaciers Will Vanish,New research reveals when glaciers around the world will vanish and why every fraction of a degree of warming could decide their fate.,Environment,https://www.sciencedaily.com/releases/2025/12/251219030455.htm
Hundreds of Hidden Earthquakes Found at Antarctica’s Doomsday Glacier,"Hundreds of previously overlooked seismic events have been detected beneath Antarctica, including 245 near the marine edge of the Thwaites Glacier. Many appear to be glacial earthquakes caused when huge icebergs break off, capsize, and collide with the glacier. The surge in activity coincided with a period when Thwaites was flowing faster toward the ocean, hinting that changing ocean conditions may be destabilizing the ice.",Environment,https://www.sciencedaily.com/releases/2026/08/260829035328.htm
Microplastics Have Reached Antarctica’s Only Native Insect,"Even Antarctica’s toughest native insect can’t escape the reach of plastic pollution. Scientists have discovered that Belgica antarctica — a tiny, rice-sized midge and the southernmost insect on Earth — is already ingesting microplastics in the wild. While lab tests showed the hardy larvae can survive short-term exposure without obvious harm, those exposed to higher plastic levels had reduced fat reserves, hinting at hidden energy costs.",Environment,https://www.sciencedaily.com/releases/2026/02/260212234214.htm
How Earth Endured a Planet-Wide Inferno: The Secret Water Vault Under Our Feet,"When Earth was a molten inferno, water may have been locked safely underground rather than lost to space. Researchers discovered that bridgmanite deep in the mantle can store far more water at high temperatures than previously believed. During Earth’s cooling, this hidden reservoir could have held water volumes comparable to today’s oceans. Over time, that buried water helped drive geology and rebuild the planet’s surface environment.",Environment,https://www.sciencedaily.com/releases/2025/12/251225080727.htm
Microplastics Are Leaking Invisible Chemical Clouds Into Water,"Microplastics in rivers, lakes, and oceans aren’t just drifting debris—they’re constantly leaking invisible clouds of chemicals into the water. New research shows that sunlight drives this process, causing different plastics to release distinct and evolving mixtures of dissolved organic compounds as they weather. These chemical plumes are surprisingly complex, often richer and more biologically active than natural organic matter, and include additives, broken polymer fragments, and oxidized molecules.",Environment,https://www.sciencedaily.com/releases/2025/12/251224032408.htm
A Silent Ocean Pandemic Is Wiping out Sea Urchins Worldwide,"A sudden, unexplained mass die-off is decimating sea urchins around the world, including catastrophic losses in the Canary Islands. Key reef-grazing species are reaching historic lows, and their ability to reproduce has nearly halted in some regions. Scientists suspect a pathogen but haven’t yet confirmed the culprit. The fate of these reefs may hinge on solving this unfolding pandemic.",Environment,https://www.sciencedaily.com/releases/2025/12/251211100618.htm
This Rare Earthquake Did Everything Scientists Hoped to See,"A rare, ultra-long earthquake in Myanmar revealed that mature faults can deliver their full force directly to the surface. The discovery could mean stronger shaking near faults like California’s San Andreas than current models predict.",Environment,https://www.sciencedaily.com/releases/2025/12/251215084159.htm
New Fossils in Qatar Reveal a Tiny Sea Cow Hidden for 21 Million Years,"Fossils from Qatar have revealed a small, newly identified sea cow species that lived in the Arabian Gulf more than 20 million years ago. The site contains the densest known collection of fossil sea cow bones, showing that these animals once thrived in rich seagrass meadows. Their ecological role mirrors that of modern dugongs, which still reshape the Gulf’s seafloor as they graze. The findings may help researchers understand how seagrass ecosystems respond to long-term environmental change.",Environment,https://www.sciencedaily.com/releases/2025/12/251212022244.htm
Scientists Use DNA from Poop to Save the World’s Rarest Marsupial,"Scientists in Australia are using cutting-edge DNA techniques to help save one of the world’s rarest marsupials — the critically endangered Gilbert’s potoroo, with fewer than 150 left in the wild. By analyzing tiny traces of DNA in the animals’ scat, researchers uncovered clues about the elusive fungi the potoroos depend on for survival. The findings could help conservationists identify safer new habitats and establish backup populations before disasters like bushfires wipe them out.",Environment,https://www.sciencedaily.com/releases/2026/05/260519224319.htm
This Simple Math Trick Could Transform Earthquake Science,"Earthquakes happen daily, sometimes with devastating consequences, yet predicting them remains out of reach. What scientists can do is map the hidden layers beneath the surface that control how strongly the ground shakes. A new approach speeds up complex seismic simulations by a factor of about 1,000, making risk assessments far more practical. While it won’t forecast the next quake, it could help cities better prepare for one.",Environment,https://www.sciencedaily.com/releases/2026/01/260106001918.htm
Hidden Heat Beneath Greenland Could Change Sea Level Forecasts,"Scientists have built the most detailed 3D models yet of temperatures deep beneath Greenland. The results reveal uneven heat hidden below the ice, shaped by Greenland’s ancient path over a volcanic hotspot. This underground warmth affects how the ice sheet moves and melts today. Understanding it could sharpen predictions of future sea level rise.",Environment,https://www.sciencedaily.com/releases/2025/12/251227082724.htm
Rising Temperatures Are Slowing Early Childhood Development,"Researchers discovered that unusually high temperatures can hinder early childhood development. Children living in hotter conditions were less likely to reach key learning milestones, especially in reading and basic math skills. Those facing economic hardship or limited resources were hit the hardest. The study underscores how climate change may shape children’s learning long before they reach school age.",Environment,https://www.sciencedaily.com/releases/2025/12/251209234247.htm
Hundreds of New Species Found in a Hidden World Beneath the Pacific,"As demand for critical metals grows, scientists have taken a rare, close look at life on the deep Pacific seabed where mining may soon begin. Over five years and 160 days at sea, researchers documented nearly 800 species, many previously unknown. Test mining reduced animal abundance and diversity significantly, though the overall impact was smaller than expected. The study offers vital clues for how future mining could reshape one of the planet’s most fragile ecosystems.",Environment,https://www.sciencedaily.com/releases/2026/02/260201231230.htm
This New Building Material Pulls Carbon out of the Air,"A new building material developed by engineers at Worcester Polytechnic Institute could change how the world builds. Made using an enzyme that turns carbon dioxide into solid minerals, the material cures in hours and locks away carbon instead of releasing it. It’s strong, repairable, recyclable, and far cleaner than concrete. If adopted widely, it could slash emissions across the construction industry.",Environment,https://www.sciencedaily.com/releases/2026/01/260121034148.htm
This Fish-Inspired Filter Removes Over 99% of Microplastics,"Washing machines release massive amounts of microplastics into the environment, mostly from worn clothing fibers. Researchers at the University of Bonn have developed a new, fish-inspired filter that removes over 99% of these particles without clogging. The design mimics the funnel-shaped gill system used by filter-feeding fish, allowing fibers to roll away instead of blocking the filter. The low-cost, patent-pending solution could soon be built directly into future washing machines.",Environment,https://www.sciencedaily.com/releases/2025/12/251222044102.htm
Scientists Discover the Southern Ocean Is “sweating” More as Climate Change Intensifies,"A remote island between Australia and Antarctica is showing signs of a dramatic climate transformation. Scientists found storms over Macquarie Island now unleash much heavier rainfall than they did decades ago, soaking ecosystems and altering fragile vegetation. The discovery hints that the Southern Ocean — one of Earth’s biggest climate regulators — may be changing faster than expected. Researchers say the ocean could now be cooling itself by “sweating” more moisture into the atmosphere.",Environment,https://www.sciencedaily.com/releases/2026/05/260512202337.htm
Scientists Uncover a Volcanic Trigger Behind the Black Death,"A newly analyzed set of climate data points to a major volcanic eruption that may have played a key role in the Black Death’s arrival. Cooling and crop failures across Europe pushed Italian states to bring in grain from the Black Sea. Those shipments may have carried plague-infected fleas. The study ties together tree rings, ice cores, and historical writings to reframe how the pandemic began.",Environment,https://www.sciencedaily.com/releases/2025/12/251208014623.htm
Ancient Mystery on K’gari as World’s Largest Sand Island Lakes Dried Up During Rainy Era,"Ancient sediment reveals that some of K’gari’s deepest lakes vanished around 7,500 years ago, despite unusually heavy rainfall. The surprising discovery suggests changing winds and future climate shifts could threaten the sacred lakes known as the Eyes of K’gari.",Environment,https://www.sciencedaily.com/releases/2026/07/260719231654.htm
Ancient Mystery on K’gari: World’s Largest Sand Island Lakes Dried Up During Rainy Era,"K’gari’s iconic lakes have existed for tens of thousands of years—but they haven’t always been full. New research shows that about 7,500 years ago, during a time of high rainfall, several of the island’s deepest lakes mysteriously vanished. Scientists believe changing wind patterns may have redirected rain away from the island. As the climate shifts again, the lakes’ long-term survival is no longer guaranteed.",Environment,https://www.sciencedaily.com/releases/2026/03/260302030644.htm
Earth’s Early Oceans Hid the Secret Rise of Complex Life,"Scientists have discovered that complex life began evolving much earlier than traditional models suggested. Using an expanded molecular clock approach, the team showed that crucial cellular features emerged in ancient anoxic oceans long before oxygen became a major part of Earth’s atmosphere. Their results indicate that early complexity developed slowly over an unexpectedly long timescale.",Environment,https://www.sciencedaily.com/releases/2025/12/251206030755.htm
Scientists Stunned by a Massive Hydrothermal Field Off Greece,"Scientists have uncovered an extensive underwater vent system near Milos, Greece, hidden along active fault lines beneath the seafloor. These geological fractures act as pathways for hot, gas-rich fluids to escape, forming clusters of vents with striking visual diversity. The discovery surprised researchers, who observed boiling fluids and vibrant microbial mats during deep-sea dives. Milos now stands out as one of the Mediterranean’s most important sites for studying Earth’s dynamic interior.",Environment,https://www.sciencedaily.com/releases/2025/12/251228020000.htm
Hidden Seismic Signals Hint at a Tsunami Threat in Alaska,Researchers studying a massive landslide in Alaska have detected strange seasonal seismic pulses caused by water freezing and thawing in rock cracks. These faint signals could become an important early clue to changes that might someday trigger a dangerous landslide-driven tsunami.,Environment,https://www.sciencedaily.com/releases/2025/12/251221043230.htm
The Deep Ocean Is Fixing Carbon in Ways No One Expected,"Researchers have uncovered surprising evidence that the deep ocean’s carbon-fixing engine works very differently than long assumed. While ammonia-oxidizing archaea were thought to dominate carbon fixation in the sunless depths, experiments show that other microbes—especially heterotrophs—are doing far more of the work than expected. This discovery reshapes our understanding of how carbon moves through the deep ocean and stabilizes Earth’s climate.",Environment,https://www.sciencedaily.com/releases/2025/12/251210092024.htm
Early Earth’s Sky May Have Created the First Ingredients for Life,"Researchers recreated conditions from billions of years ago and found that Earth’s young atmosphere could make key molecules linked to life. These sulfur-rich compounds, including certain amino acids, may have formed naturally in the sky. The results suggest early Earth wasn’t starting from zero but may have already been stocked with essential ingredients.",Environment,https://www.sciencedaily.com/releases/2025/12/251203010207.htm
A Hidden Antarctic Shift Unleashed the Carbon That Warmed the World,"As the last Ice Age waned and the Holocene dawned, deep-ocean circulation around Antarctica underwent dramatic shifts that helped release long-stored carbon back into the atmosphere. Deep-sea sediments show that ancient Antarctic waters once trapped vast amounts of carbon, only to release it during two major warming pulses at the end of the Ice Age. Understanding these shifts helps scientists predict how modern Antarctic melt may accelerate future climate change.",Environment,https://www.sciencedaily.com/releases/2025/12/251202052209.htm
Sweden’s Hidden Rare Earth Deposits Could Help Break China’s Grip,"Sweden could become an important source of rare earth elements needed for magnets and green technologies. Instead of extracting one target metal, researchers are cataloging everything contained in Swedish mineral deposits. They will then develop magnets using those naturally available combinations, potentially reducing pollution, waste, and reliance on China.",Environment,https://www.sciencedaily.com/releases/2026/07/260723084055.htm
Africa’s Forests Have Flipped from Carbon Sink to Carbon Source,"Africa’s forests have undergone a shocking reversal, switching from carbon absorbers to carbon emitters after 2010. Researchers found that heavy deforestation in tropical regions has led to massive biomass losses, far outweighing any gains from regrowth elsewhere. This change could seriously undermine global efforts to slow climate change. Scientists warn that protecting forests is now more urgent than ever.",Environment,https://www.sciencedaily.com/releases/2026/04/260413043135.htm
Polluted Air Quietly Erases the Benefits of Exercise,"Long-term inhalation of toxic air appears to dull the protective power of regular workouts, according to a massive global study spanning more than a decade and over a million adults. While exercise still helps people live longer, its benefits shrink dramatically in regions with heavy fine particle pollution—especially above key PM2.5 thresholds common in many parts of the world. The researchers emphasize that outdoor activity shouldn’t stop, but better air quality could unlock far greater health gains.",Environment,https://www.sciencedaily.com/releases/2025/11/251128050457.htm
A NASA Satellite Caught a Giant Tsunami Doing Something No One Expected,A Pacific-wide tsunami triggered by a magnitude 8.8 Kamchatka earthquake gave scientists their first detailed satellite view of a major tsunami in motion. The observations revealed unexpected wave behavior and helped uncover a larger earthquake rupture than earlier models predicted.,Environment,https://www.sciencedaily.com/releases/2026/06/260623011002.htm
A NASA Satellite Caught a Giant Tsunami Doing Something Scientists Didn’t Expect,"When a huge earthquake struck near Kamchatka, the SWOT satellite captured an unprecedented, high-resolution view of the resulting tsunami as it crossed the Pacific. The data revealed the waves were far more complex and scattered than scientists expected, overturning the idea that large tsunamis travel as a single, stable wave. Ocean sensors confirmed the quake’s rupture was longer than earlier models suggested. Together, the findings could reshape how tsunamis are modeled and predicted.",Environment,https://www.sciencedaily.com/releases/2026/01/260105165824.htm
Scientists Found Climate Change Hidden in Old Military Air Samples,"Old military air samples turned out to be a treasure trove of biological DNA, allowing scientists to track moss spores over 35 years. The results show mosses now release spores up to a month earlier than in the 1990s. Even more surprising, the timing depends more on last year’s climate than current spring conditions. It’s a striking example of how fast ecosystems are adjusting to a warming world.",Environment,https://www.sciencedaily.com/releases/2025/12/251219093325.htm
This Town Found Clean Energy Deep Inside Old Coal Mines,"Cumberland, B.C. is reimagining its coal mining past as a clean energy opportunity. Water trapped in abandoned mine tunnels could be used in a geothermal system to heat and cool buildings efficiently and with minimal emissions. The project could lower energy costs, support new development, and attract businesses. It’s a striking example of turning industrial leftovers into a sustainable community asset.",Environment,https://www.sciencedaily.com/releases/2026/05/260505234631.htm
Maya Collapse Mystery Deepens as Scientists Find No Drought at Key Site,"The mysterious collapse of the Maya civilization may not have been driven solely by drought after all. New evidence from lake sediments in Guatemala reveals that one key city, Itzan, enjoyed a stable climate even as its population abruptly vanished. Instead of environmental collapse, the findings point to something more complex: a tightly interconnected network of cities unraveling under pressure. As drought struck neighboring regions, wars, migration, and economic breakdown likely rippled outward, dragging even stable communities into decline.",Environment,https://www.sciencedaily.com/releases/2026/04/260427050637.htm
The World’s Mountains Are Warming Faster Than Anyone Expected,"Mountain regions around the world are heating up faster than the lands below them, triggering dramatic shifts in snow, rain, and water supply that could affect over a billion people. A major global review finds that rising temperatures are turning snowfall into rain, shrinking glaciers, and making mountain weather more extreme and unpredictable. These changes threaten water sources for huge populations, including those in China and India, while also increasing risks of floods, ecosystem collapse, and deadly weather events.",Environment,https://www.sciencedaily.com/releases/2026/01/260120000259.htm
Plants Can’t Absorb as Much CO2 as Climate Models Predicted,"CO2 can stimulate plant growth, but only when enough nitrogen is available—and that key ingredient has been seriously miscalculated. A new study finds that natural nitrogen fixation has been overestimated by about 50 percent in major climate models. This means the climate-cooling benefits of plant growth under high CO2 are smaller than expected. The result: a reduced buffer against climate change and more uncertainty in future projections.",Environment,https://www.sciencedaily.com/releases/2026/01/260104202809.htm
Tiny Yellowstone Quakes Ignite a Surge of Hidden Life Underground,"Researchers studying Yellowstone’s depths discovered that small earthquakes can recharge underground microbial life. The quakes exposed new rock and fluids, creating bursts of chemical energy that microbes can use. Both the water chemistry and the microbial communities shifted dramatically in response. This dynamic may help explain how life survives in deep, dark environments.",Environment,https://www.sciencedaily.com/releases/2025/11/251125081909.htm
750-Year-Old Indian Poems Reveal a Landscape Scientists Got Wrong,Old Indian poems and folk songs are revealing a surprising truth about the land. Scientists found that descriptions of thorny trees and open grasslands in texts written as far back as the 1200s closely match today’s savannas in western India. This suggests these landscapes are ancient and natural—not ruined forests. The discovery could reshape how conservation and tree-planting efforts are planned.,Environment,https://www.sciencedaily.com/releases/2026/01/260131084622.htm
Scientists Find a Massive Hidden CO2 Sponge Beneath the Ocean Floor,"Researchers found that eroded lava rubble beneath the South Atlantic can trap enormous amounts of CO2 for tens of millions of years. These porous breccia deposits store far more carbon than previously sampled ocean crust. The discovery reshapes how scientists view the long-term balance of carbon between the ocean, rocks, and atmosphere. It also reveals a hidden mechanism that helps stabilize Earth’s climate over geological timescales.",Environment,https://www.sciencedaily.com/releases/2025/12/251211100631.htm
New Data Reveals One of the Smallest Ozone Holes in Decades,"This year’s ozone hole over Antarctica ranked among the smallest since the early 1990s, reflecting steady progress from decades of global action under the Montreal Protocol. Declining chlorine levels and warmer stratospheric temperatures helped limit ozone destruction. Scientists say the layer remains on track to recover later this century.",Environment,https://www.sciencedaily.com/releases/2025/12/251204024231.htm
A Global Shipping Detour Just Revealed a Hidden Climate Twist,"Rerouted shipping during Red Sea conflicts accidentally created a massive real-world experiment, letting scientists study how new low-sulfur marine fuels affect cloud formation. The sudden surge of ships around the Cape of Good Hope revealed that cleaner fuels dramatically weaken the ability of ship emissions to seed bright, reflective clouds—cutting this cloud-boosting effect by about two-thirds.",Environment,https://www.sciencedaily.com/releases/2025/11/251125081914.htm
The Mystery of Volcanoes That Don’t Explode Finally Has an Answer,"Scientists have uncovered a long-missing piece of the volcanic puzzle: rising magma doesn’t just form explosive gas bubbles when pressure drops—it can do so simply by being sheared and “kneaded” inside a volcano’s conduit. These shear forces can trigger early bubble growth, create escape channels for gas, and sometimes turn potentially catastrophic magmas into surprisingly gentle lava flows.",Environment,https://www.sciencedaily.com/releases/2025/11/251121090733.htm
Scientists May Have Found the Planet That Made the Moon,"About 4.5 billion years ago, a colossal impact between the young Earth and a mysterious planetary body called Theia changed everything—reshaping Earth, forming the Moon, and scattering clues across space rocks. By examining subtle isotopic fingerprints in Earth and Moon samples, scientists have reconstructed Theia’s possible composition and birthplace.",Environment,https://www.sciencedaily.com/releases/2025/11/251123115431.htm
Solar Superstorm Gannon Crushed Earth’s Plasmasphere to a Record Low,"A massive solar storm in May 2024 gave scientists an unprecedented look at how Earth’s protective plasma layer collapses under intense space weather. With the Arase satellite in a perfect observing position, researchers watched the plasmasphere shrink to a fraction of its usual size and take days to rebuild. The event pushed auroras far beyond their normal boundaries and revealed that a rare “negative storm” in the ionosphere dramatically slowed the atmosphere’s ability to recover. These observations offer valuable insight into how extreme solar activity disrupts satellites, GPS signals, and communication systems.",Environment,https://www.sciencedaily.com/releases/2025/11/251122234723.htm
Why Saving Microbes May Be the Most Important Conservation Effort Ever,"Researchers have launched the first coordinated plan to protect microbial biodiversity, calling attention to the “invisible 99% of life” that drives essential Earth systems. The IUCN has formally recognized this effort through the creation of the Microbial Conservation Specialist Group. By developing new metrics, policies, and restoration tools, scientists aim to make microbial life a core part of global conservation action. The roadmap also outlines upcoming goals such as microbial hotspot maps and new microbe-based conservation solutions.",Environment,https://www.sciencedaily.com/releases/2025/11/251120102600.htm
This Glowing Particle in a Laser Trap May Reveal How Lightning Begins,"Using a precisely aligned pair of laser beams, scientists can now hold a single aerosol particle in place and monitor how it charges up. The particle’s glow signals each step in its changing electrical state, revealing how electrons are kicked away and how the particle sometimes releases sudden bursts of charge. These behaviors mirror what may be happening inside storm clouds. The technique could help explain how lightning gets its initial spark.",Environment,https://www.sciencedaily.com/releases/2025/11/251124231904.htm
Rapid Fault Healing Could Rewrite Earthquake Physics,"Scientists discovered that deep earthquake faults can heal far faster than expected, sometimes within hours. Slow slip events in Cascadia reveal repeated fault movements that only make sense if the fault quickly regains strength. Lab experiments show that mineral grains can weld together under intense heat and pressure, acting like a natural glue. This rapid cohesion may be a missing factor in earthquake modeling.",Environment,https://www.sciencedaily.com/releases/2025/11/251122020204.htm
The Five Great Forests That Keep North America’s Birds Alive,"Migratory birds that fill North American forests with spring songs depend on Central America’s Five Great Forests far more than most people realize. New research shows these tropical strongholds shelter enormous shares of species like Wood Thrushes, Cerulean Warblers, and Golden-winged Warblers—many of which are rapidly declining. Yet these forests are disappearing at an alarming pace due to illegal cattle ranching, placing both birds and local communities at risk.",Environment,https://www.sciencedaily.com/releases/2025/11/251121090735.htm
This Engineered Fungus Cuts Emissions and Tastes Like Meat,Scientists used CRISPR to boost the efficiency and digestibility of a fungus already known for its meatlike qualities. The modified strain grows protein far more quickly and with much less sugar while producing substantially fewer emissions. It also outperforms chicken farming in land use and water impact.,Environment,https://www.sciencedaily.com/releases/2025/11/251121082049.htm
"Scientists Warn Heatwaves Will Intensify for 1,000 Years Even After Net Zero","New climate modeling shows that heatwaves will keep getting hotter, longer, and more frequent for centuries—even after the world hits net-zero emissions. Delays of just a few years dramatically increase the likelihood of extreme, once-rare heat disasters, especially for countries near the equator. The research reveals that even reaching net zero by mid-century won&apos;t reverse the trend, and some regions will continue to see worsening heatwaves for a thousand years.",Environment,https://www.sciencedaily.com/releases/2025/11/251120002600.htm
Massive Hidden Structures Deep Inside Earth May Explain How Life Began,"Scientists may finally be closing in on the origins of two colossal, mysterious structures buried nearly 1,800 miles inside Earth—hidden formations that have puzzled researchers for decades. New modeling suggests that slow leakage of elements from Earth’s core into the mantle prevented the planet from developing strong chemical layers after its primordial magma-ocean era.",Environment,https://www.sciencedaily.com/releases/2025/11/251120002558.htm
Everyday Microplastics Could Be Fueling Heart Disease,"Microplastics—tiny particles now found in food, water, air, and even human tissues—may directly accelerate artery-clogging disease, and new research shows the danger may be far greater for males. In mice, environmentally realistic doses of microplastics dramatically worsened plaque buildup, altered key vascular cells, and activated harmful genes linked to inflammation and atherosclerosis, all without changes to weight or cholesterol.",Environment,https://www.sciencedaily.com/releases/2025/11/251118220047.htm
"Ancient Bogs Reveal a Hidden 15,000-Year Climate Shift","Researchers discovered that ancient peat bogs grew rapidly when the Southern Westerly Winds suddenly shifted thousands of years ago. These wind changes affected both peatland carbon storage and how the Southern Ocean absorbed CO₂. Today the winds are shifting southward again, driven by climate change. Scientists warn this could disrupt natural carbon sinks and worsen droughts and wildfires.",Environment,https://www.sciencedaily.com/releases/2025/11/251118220043.htm
New Report Reveals Major Risks in Turning Oceans Into Carbon Sinks,"Experts say the ocean could help absorb carbon dioxide, but today’s technologies are too uncertain to be scaled up safely. New findings released during COP30 highlight the risks of rushing into marine carbon removal without proper monitoring and verification. With the 1.5°C threshold approaching, researchers stress that emissions cuts must remain the top priority. Ocean-based methods may play a role later, but they need careful oversight first.",Environment,https://www.sciencedaily.com/releases/2025/11/251120002832.htm
Nearly 47 Million Americans Live Near Hidden Fossil Fuel Sites,"A nationwide analysis has uncovered how sprawling fossil fuel infrastructure sits surprisingly close to millions of American homes. The research shows that 46.6 million people live within about a mile of wells, refineries, pipelines, storage sites, or transport facilities. Many of these locations release pollutants that may affect nearby communities, yet mid-supply-chain sites have rarely been studied. The findings reveal major gaps in understanding how this hidden network affects health.",Environment,https://www.sciencedaily.com/releases/2025/11/251118212039.htm
Secret Chemical Traces Reveal Life on Earth 3. 3 Billion Years Ago,"Researchers have discovered chemical traces of life in rocks older than 3.3 billion years, offering a rare look at Earth’s earliest biology. By combining advanced chemical methods with artificial intelligence, scientists were able to detect faint molecular patterns left behind long after the original biomolecules disappeared. Newly analyzed fossils, including ancient seaweed from Canada’s Yukon Territory, helped validate the method and deepen understanding of early ecosystems.",Environment,https://www.sciencedaily.com/releases/2025/11/251118212035.htm
Scientists Warn Half the World’s Beaches Could Disappear,"Human development and climate-driven sea level rise are accelerating global beach erosion and undermining the natural processes that sustain coastal ecosystems. Studies reveal that urban activity on the sand harms biodiversity in every connected zone, magnifying worldwide erosion risks.",Environment,https://www.sciencedaily.com/releases/2025/11/251126095049.htm
Melanoma Rates Are Spiking Fast in These 15 Pennsylvania Counties,"Penn State scientists identified a striking rise in melanoma across several Pennsylvania counties dominated by cropland and herbicide use. The elevated risk persisted even after factoring in sunlight, suggesting an environmental influence beyond the usual expectations. Researchers warn that drifting chemicals may expose nearby residents, not just farm workers.",Environment,https://www.sciencedaily.com/releases/2025/11/251116105732.htm
Extreme Floods Are Slashing Global Rice Yields Faster Than Expected,"Scientists discovered that a week of full submergence is enough to kill most rice plants, making flooding a far greater threat than previously understood. Intensifying extreme rainfall events may amplify these losses unless vulnerable regions adopt more resilient rice varieties.",Environment,https://www.sciencedaily.com/releases/2025/11/251115095918.htm
Scientists Discover a New State of Matter at Earth’s Center,"New research reveals that Earth’s solid inner core is actually in a superionic state, where carbon atoms flow freely through a solid iron lattice. This unusual behavior makes the core soft, matching seismic observations that have puzzled scientists for decades. The mobility of these light elements may also contribute energy to Earth’s magnetic field. The findings reshape models of Earth’s interior and could apply to other rocky planets.",Environment,https://www.sciencedaily.com/releases/2025/12/251209043053.htm
Scientists Find Coastal Seas Acidifying Shockingly Fast,"New findings show that some coastal regions will become far more acidic than scientists once thought, with upwelling systems pulling deep, CO2-rich waters to the surface and greatly intensifying acidification. Historic coral chemistry and advanced modeling reveal that these regions are acidifying much faster than expected from atmospheric CO2 alone, raising serious concerns for fisheries, marine ecosystems, and coastal economies.",Environment,https://www.sciencedaily.com/releases/2025/11/251129044522.htm
AI Uses as Much Energy as Iceland but Scientists Aren’t Worried,"AI’s growing energy use sounds alarming, but its global climate impact may be far smaller than expected. Researchers found that while AI consumes huge amounts of electricity, it barely moves the needle on overall emissions. The real impact is more localized, especially around data centers. Meanwhile, AI could become a powerful tool for building greener technologies.",Environment,https://www.sciencedaily.com/releases/2026/03/260318033103.htm
Scientists Uncover a Massive Hidden Crater in China That Rewrites Earth’s Recent History,"A massive, well-preserved impact crater has been uncovered in Guangdong, revealing the signature of a powerful meteorite strike during the Holocene. Measuring 900 meters across, it dwarfs other known craters from the same era. Shock-damaged quartz confirms the intense forces involved. Its survival in a high-erosion environment makes it a geological rarity.",Environment,https://www.sciencedaily.com/releases/2025/11/251114041210.htm
"Earth Is Slowly Peeling Its Continents from Below, Fueling Ocean Volcanoes","Researchers discovered that continents don’t just split at the surface—they also peel from below, feeding volcanic activity in the oceans. Simulations reveal that slow mantle waves strip continental roots and push them deep into the oceanic mantle. Data from the Indian Ocean confirms this hidden recycling process, which can last tens of millions of years.",Environment,https://www.sciencedaily.com/releases/2025/11/251112011806.htm
"Most People Get Food’s Environmental Impact Completely Wrong, Study Finds","People often get the environmental impact of food wrong, according to new research. While many assume processed foods are the worst, they tend to overlook the surprisingly high impact of items like nuts and underestimate how damaging beef really is. These misunderstandings come from relying on simple categories like “animal vs. plant” rather than the full picture.",Environment,https://www.sciencedaily.com/releases/2026/03/260323005528.htm
Meet the Desert Survivor That Grows Faster the Hotter It Gets,"In Death Valley’s relentless heat, Tidestromia oblongifolia doesn’t just survive—it thrives. Michigan State University scientists discovered that the plant can quickly adjust its photosynthetic machinery to endure extreme temperatures that would halt most species. Its cells reorganize, its genes switch on protective functions, and it even reshapes its chloroplasts to keep producing energy. The findings could guide the creation of crops capable of withstanding future heat waves.",Environment,https://www.sciencedaily.com/releases/2025/11/251109032410.htm
"9,000-Year-Old Ice Melt Shows How Fast Antarctica Can Fall Apart","Around 9,000 years ago, East Antarctica went through a dramatic meltdown that was anything but isolated. Scientists have discovered that warm deep ocean water surged beneath the region’s floating ice shelves, causing them to collapse and unleashing a domino effect of ice loss across the continent. This process created a “cascading positive feedback,” where melting in one area sped up melting elsewhere through interconnected ocean currents.",Environment,https://www.sciencedaily.com/releases/2025/11/251109032406.htm
Scientists Uncover the Climate Shock That Reshaped Easter Island,"Around 1550, life on Rapa Nui began changing in ways long misunderstood. New research reveals that a severe drought, lasting more than a century, dramatically reduced rainfall on the already water-scarce island, reshaping how people lived, worshiped, and organized society. Instead of collapsing, Rapanui communities adapted—shifting rituals, power structures, and sacred spaces in response to climate stress.",Environment,https://www.sciencedaily.com/releases/2026/02/260210040611.htm
Satellites Spot Rapid “Doomsday Glacier” Collapse,Two decades of satellite and GPS data show the Thwaites Eastern Ice Shelf slowly losing its grip on a crucial stabilizing point as fractures multiply and ice speeds up. Scientists warn this pattern could spread to other vulnerable Antarctic shelves.,Environment,https://www.sciencedaily.com/releases/2025/11/251130205511.htm
New Research Uncovers Hidden Divide in West Coast Killer Whales,"Scientists confirmed that West Coast transient killer whales actually form two separate groups split between inner and outer coastal habitats. Inner-coast whales hunt smaller prey in shallow, maze-like waterways, while outer-coast orcas pursue large marine mammals in deep offshore canyons. The groups rarely interact, despite sharing a broad range along the Pacific Coast. Their contrasting lifestyles highlight the need for distinct conservation strategies.",Environment,https://www.sciencedaily.com/releases/2025/11/251120002604.htm
Space Dust Reveals How Fast the Arctic Is Changing,"Arctic sea ice is disappearing fast, and scientists have turned to an unexpected cosmic clue—space dust—to uncover how ice has changed over tens of thousands of years. By tracking helium-3–bearing dust trapped (or blocked) by ancient ice, researchers built a remarkably detailed history of Arctic coverage stretching back 30,000 years. Their findings reveal powerful links between sea ice, nutrient availability, and the Arctic food web, offering hints about how future warming may reshape everything from plankton blooms to geopolitics.",Environment,https://www.sciencedaily.com/releases/2025/11/251112111015.htm
Deep-Sea Mining Starves Life in the Ocean’s Twilight Zone,"Scientists have discovered that deep-sea mining plumes can strip vital nutrition from the ocean’s twilight zone, replacing natural food with nutrient-poor sediment. The resulting “junk food” effect could starve life across entire marine ecosystems.",Environment,https://www.sciencedaily.com/releases/2025/11/251108012850.htm
Small Root Mutation Could Make Crops Fertilize Themselves,"Scientists discovered a small protein region that determines whether plants reject or welcome nitrogen-fixing bacteria. By tweaking only two amino acids, they converted a defensive receptor into one that supports symbiosis. Early success in barley hints that cereals may eventually be engineered to fix nitrogen on their own. Such crops could dramatically reduce fertilizer use and emissions.",Environment,https://www.sciencedaily.com/releases/2025/12/251209043038.htm
Scientists Finally Discover What’s Fueling Massive Sargassum Blooms,"Massive Sargassum blooms sweeping across the Caribbean and Atlantic are fueled by a powerful nutrient partnership: phosphorus pulled to the surface by equatorial upwelling and nitrogen supplied by cyanobacteria living directly on the drifting algae. Coral cores reveal that this nutrient engine has intensified over the past decade, perfectly matching surges in Sargassum growth since 2011. By ruling out older theories involving Saharan dust and river runoff, researchers uncovered a climate-driven process that shapes when and where these colossal seaweed mats form.",Environment,https://www.sciencedaily.com/releases/2025/11/251118220054.htm
Laser Satellites Expose a Secret Antarctic Carbon Burst,"A new study shows that the Southern Ocean releases far more carbon dioxide in winter than once thought. By combining laser satellite data with AI analysis, scientists managed to “see” through the polar darkness for the first time. The results reveal a 40% undercount in winter emissions, changing how researchers view the ocean’s carbon balance and its impact on climate models.",Environment,https://www.sciencedaily.com/releases/2025/11/251108014024.htm
Satellite Images Reveal the Fastest Antarctic Glacier Retreat Ever,"Hektoria Glacier’s sudden eight-kilometer collapse stunned scientists, marking the fastest modern ice retreat ever recorded in Antarctica. Its flat, below-sea-level ice plain allowed huge slabs of ice to detach rapidly once retreat began. Seismic activity confirmed this wasn’t just floating ice but grounded mass contributing to sea level rise. The event raises alarms that other fragile glaciers may be poised for similar, faster-than-expected collapses.",Environment,https://www.sciencedaily.com/releases/2025/11/251113071611.htm
Turning CO2 Into Clean Fuel Faster and Cheaper,"A new copper-magnesium-iron catalyst transforms CO2 into CO at low temperatures with record-breaking efficiency and stability. The discovery paves the way for affordable, scalable production of carbon-neutral synthetic fuels.",Environment,https://www.sciencedaily.com/releases/2025/11/251105050712.htm
"Even Climate Fixes Might Not Save Coffee, Chocolate, and Wine, Scientists Warn","Even with futuristic geoengineering methods like Stratospheric Aerosol Injection, the fate of wine, coffee, and cacao crops remains uncertain. Scientists found that while this intervention could slightly cool the planet, it cannot stabilize the erratic rainfall and humidity that devastate yields. The findings reveal that only a fraction of major growing regions might benefit, leaving most producers exposed to volatile harvests and economic instability.",Environment,https://www.sciencedaily.com/releases/2025/11/251104094139.htm
Scientists Warn About Golden Oyster Mushrooms Sold in Florida Markets,"The golden oyster mushroom may be a culinary hit, but it’s becoming an ecological problem. Scientists warn it’s spreading quickly through U.S. forests, where it outcompetes native fungi and reduces biodiversity. In just a decade, it has appeared in more than 25 states, largely due to human cultivation and transport. Its silent expansion is now raising concerns about long-term impacts on forest ecosystems.",Environment,https://www.sciencedaily.com/releases/2026/04/260423031521.htm
Antarctica Just Saw the Fastest Glacier Collapse Ever Recorded,"Antarctica’s Hektoria Glacier stunned scientists by retreating eight kilometers in just two months, with nearly half of it collapsing in record time. The rapid breakup was driven by a flat, underwater bedrock surface that allowed the glacier to suddenly float and fracture from below. Satellite and seismic data captured the dramatic chain reaction in near real time. The findings raise concerns that much larger glaciers could one day collapse just as quickly.",Environment,https://www.sciencedaily.com/releases/2026/02/260226042454.htm
3.7-Billion-Year-Old Rocks Reveal How Earth and the Moon Were Born,"Crystals hidden in Australia’s oldest rocks have revealed new clues about how Earth and the Moon formed. The study suggests Earth’s continents didn’t begin growing until hundreds of millions of years after the planet itself formed. When scientists compared the rocks with Moon samples from the Apollo missions, they found a remarkable match. The results support the idea that a massive cosmic impact gave birth to the Moon.",Environment,https://www.sciencedaily.com/releases/2026/01/260108231825.htm
Scientists Find Hidden Rainfall Pattern That Could Reshape Farming,"New research shows that crops are far more vulnerable when too much rainfall originates from land rather than the ocean. Land-sourced moisture leads to weaker, less reliable rainfall, heightening drought risk. The U.S. Midwest and East Africa are particularly exposed due to soil drying and deforestation. Protecting forests and improving land management could help stabilize rainfall and crop yields.",Environment,https://www.sciencedaily.com/releases/2025/12/251211100633.htm
Killer Whales Perfect a Ruthless Trick to Hunt Great White Sharks,"In the Gulf of California, a pod of orcas known as Moctezuma’s pod has developed a chillingly precise technique for hunting young great white sharks — flipping them upside down to paralyze and extract their nutrient-rich livers. The behavior, filmed and documented by marine biologists, reveals a level of intelligence and social learning that suggests cultural transmission of hunting tactics among orcas.",Environment,https://www.sciencedaily.com/releases/2025/11/251103093007.htm
Floating Device Turns Raindrops Into Electricity,"A new floating droplet electricity generator is redefining how rain can be harvested as a clean power source by using water itself as both structural support and an electrode. This nature-integrated design dramatically reduces weight and cost compared to traditional solid-based generators while still producing high-voltage outputs from each falling drop. It remains stable in harsh natural conditions, scales to large functional devices, and has the potential to power sensors, off-grid electronics, and distributed energy systems on lakes and coastal waters.",Environment,https://www.sciencedaily.com/releases/2025/11/251114041228.htm
The Hidden Carbon Cost of ‘green’ Bamboo Tissue,"Bamboo tissue paper, often marketed as an eco-friendly alternative, may not be as green as consumers think. Researchers at NC State University found that while bamboo fibers themselves are not more polluting than wood, China’s coal-dependent energy grid results in a higher carbon footprint for bamboo-based products compared to North American wood tissue. The study emphasizes that manufacturing technology and energy sources play a greater role in sustainability than the choice of fiber.",Environment,https://www.sciencedaily.com/releases/2025/11/251102205017.htm
Soil Microbes Remember Drought and Help Plants Survive,"Researchers discovered that soil microbes in Kansas carry drought “memories” that affect how plants grow and survive. Native plants showed stronger responses to these microbial legacies than crops like corn, hinting at co-evolution over time. Genetic analysis revealed a key gene tied to drought tolerance, potentially guiding biotech efforts to enhance crop resilience. The work connects ecology, genetics, and agriculture in a novel way.",Environment,https://www.sciencedaily.com/releases/2025/11/251101000348.htm
Your Pumpkin Might Be Hiding a Toxic Secret,"Researchers in Japan have revealed how some gourds draw pollutants into their fruits. The secret lies in a protein that carries contaminants through the plant sap. By manipulating this protein’s structure, scientists hope to breed crops that resist contamination or serve as natural soil purifiers. This finding bridges food safety and environmental cleanup.",Environment,https://www.sciencedaily.com/releases/2025/10/251030075117.htm
A 400-Million-Year-Old Plant Creates Water So Weird It Looks Alien,"Researchers discovered that living horsetails act like natural distillation towers, producing bizarre oxygen isotope signatures more extreme than anything previously recorded on Earth—sometimes resembling meteorite water. By tracing these isotopic shifts from the plant base to its tip, scientists unlocked a new way to decode ancient humidity and climate, using both modern plants and fossilized phytoliths that preserve isotopic clues for millions of years.",Environment,https://www.sciencedaily.com/releases/2025/11/251112111032.htm
A “scary” New Spider Species Found Beneath California’s Beaches,"UC Davis scientists uncovered Aptostichus ramirezae, a new trapdoor spider species living under California’s dunes. Genetic analysis revealed it was distinct from its close relative, Aptostichus simus. The species was named after pioneering arachnologist Martina Ramirez. Researchers warn that shrinking coastal habitats could threaten both species’ survival.",Environment,https://www.sciencedaily.com/releases/2025/11/251102205001.htm
Those Halloween Fireballs Might Be More Dangerous Than You Think,"The Taurid meteor shower, born from Comet Encke, delights skywatchers but may conceal hidden risks. Research led by Mark Boslough examines potential Taurid swarms that could increase impact danger in 2032 and 2036. Using planetary defense modeling and telescope data, scientists assess these threats while fighting misinformation and promoting preparedness.",Environment,https://www.sciencedaily.com/releases/2025/10/251030075121.htm
Antarctic Robot ‘Lassie’ Uncovers Thousands of Icefish Nests Beneath Antarctic Ice,"Beneath the ice of Antarctica’s Weddell Sea, scientists discovered a vast, organized city of fish nests revealed after the colossal A68 iceberg broke away. Using robotic explorers, they found over a thousand circular nests forming geometric patterns, each guarded by yellowfin noties. The expedition, initially aimed at studying the ice shelf and locating Shackleton’s Endurance, instead unveiled a thriving, structured ecosystem in one of the harshest places on Earth.",Environment,https://www.sciencedaily.com/releases/2025/10/251029002847.htm
"Frozen for 6 Million Years, Antarctic Ice Rewrites Earth’s Climate Story","Scientists discovered 6-million-year-old ice in Antarctica, offering the oldest direct record of Earth’s ancient atmosphere and climate. The finding reveals a dramatic cooling trend and promises insights into greenhouse gas changes over millions of years.",Environment,https://www.sciencedaily.com/releases/2025/11/251105050716.htm
Scientists Just Found out How Corals Rebuild Themselves on the Reef,"Researchers at QUT uncovered how corals reattach to reefs through a three-phase process involving tissue transformation, anchoring, and skeleton formation. Differences among species reveal why some corals grow and attach faster than others. Intriguingly, corals even digest their own tissue to heal and prepare for attachment. This insight could make coral restoration projects more precise and successful.",Environment,https://www.sciencedaily.com/releases/2025/10/251029002851.htm
Scientists Uncover the Secret Triggers of ‘impossible’ Earthquakes,"Once considered geologically impossible, earthquakes in stable regions like Utah and Groningen can actually occur due to long-inactive faults that slowly “heal” and strengthen over millions of years. When reactivated—often by human activities—these faults release all that built-up stress in one powerful event before stabilizing again. This discovery reshapes how scientists assess earthquake risks in areas once thought safe, offering new insights for geothermal and energy storage projects that rely on the Earth’s shallow subsurface.",Environment,https://www.sciencedaily.com/releases/2025/11/251104094144.htm
Astronomers Capture a Violent Super-Eruption from a Young Sun,"Astronomers observed a massive, multi-temperature plasma eruption from a young Sun-like star, revealing how early solar explosions could shape planets. These fierce events may have influenced the atmosphere and life-forming chemistry of the early Earth.",Environment,https://www.sciencedaily.com/releases/2025/11/251102205023.htm
"It Sounds Creepy, but These Scientific Breakthroughs Could Save Lives","From mini-brains to spider-inspired gloves and wolf apple coatings, scientists are turning eerie-sounding experiments into real innovations that could revolutionize health and sustainability. Lab-grown brain organoids may replace animal testing, spider-silk gloves could create instant wound dressings, wolf apple starch keeps veggies fresh, and researchers even found microplastics lurking in human retinas—offering both wonder and a warning about the modern world.",Environment,https://www.sciencedaily.com/releases/2025/10/251030075112.htm
Earth’s “boring Billion” Set the Stage for Complex Life,"Scientists have traced the origins of complex life to the breakup of the supercontinent Nuna 1.5 billion years ago. This tectonic shift reduced volcanic carbon emissions, expanded shallow seas, and boosted oxygen availability. Far from a stagnant era, Earth’s “Boring Billion” was a time of crucial transformation that made the planet more habitable. The study links deep-Earth movements directly to the rise of eukaryotic life.",Environment,https://www.sciencedaily.com/releases/2025/10/251027224824.htm
Scientists Turn Flower Fragrance Into a Mosquito Killer,"A team of researchers has developed a floral-scented fungus that tricks mosquitoes into approaching and dying. The fungus emits longifolene, a natural scent that irresistibly draws them in. It’s harmless to humans, inexpensive to produce, and remains potent for months. This innovative biological control could be crucial as mosquitoes spread with climate change.",Environment,https://www.sciencedaily.com/releases/2025/10/251026021737.htm
Europe’s “untouched” Wilderness Was Shaped by Neanderthals and Hunter-Gatherers,"Long before agriculture, humans were transforming Europe’s wild landscapes. Advanced simulations show that hunting and fire use by Neanderthals and Mesolithic hunter-gatherers reshaped forests and grasslands in measurable ways. By reducing populations of giant herbivores, people indirectly altered how dense vegetation became. The findings challenge the idea that prehistoric Europe was an untouched natural world.",Environment,https://www.sciencedaily.com/releases/2026/02/260212025613.htm
Scientists Warn Climate Models Are Missing a Key Ocean Player,"Tiny marine plankton that build calcium carbonate shells play an outsized role in regulating Earth’s climate, quietly pulling carbon from the atmosphere and helping lock it away in the deep ocean. New research shows these microscopic engineers are largely missing from the climate models used to forecast our planet’s future, meaning scientists may be underestimating how the ocean responds to climate change.",Environment,https://www.sciencedaily.com/releases/2026/02/260208011024.htm
These Strange Pink Rocks Just Revealed a Hidden Giant Beneath Antarctica,"Pink granite boulders sitting mysteriously atop Antarctica’s Hudson Mountains have led scientists to a stunning discovery: a hidden granite mass buried beneath Pine Island Glacier, stretching nearly 100 km wide and 7 km thick. By dating the rocks to the Jurassic period and matching them with gravity signals detected from aircraft, researchers solved a decades-old puzzle about their origin.",Environment,https://www.sciencedaily.com/releases/2026/03/260318033126.htm
Scientists Reveal a Surprising New Timeline for Ancient Egypt,"A new radiocarbon study has clarified the timing of the colossal Thera eruption, placing it before Egypt’s New Kingdom. Researchers analyzed artifacts tied to Pharaoh Ahmose, gaining rare access to museum materials. Their results favor a younger chronology for early 18th Dynasty Egypt. The revised timeline reshapes regional historical connections.",Environment,https://www.sciencedaily.com/releases/2025/12/251207031331.htm
"Before Plants or Animals, Fungi Conquered Earth’s Surface","Fungi’s evolutionary roots stretch far deeper than once believed — up to 1.4 billion years ago, long before plants or animals appeared. Using advanced molecular dating and gene transfer analysis, researchers reconstructed fungi’s ancient lineage, revealing they were crucial in shaping Earth’s first soils and ecosystems.",Environment,https://www.sciencedaily.com/releases/2025/10/251027224841.htm
Scientists Just Found a Surprising Twist in Earth’s Extinction Story,"Extinction rates are not spiraling upward as many believe, according to a large-scale study analyzing 500 years of data. Researchers found that species losses peaked about a century ago and have decreased since, with different drivers shaping past and present threats. Whereas invasive species once caused most island extinctions, habitat destruction now looms largest on continents.",Environment,https://www.sciencedaily.com/releases/2025/10/251027023751.htm
Yellowstone Wolves May Not Have Reshaped the National Park After All,"One of the most celebrated claims about Yellowstone’s wolves is facing a major challenge. Scientists say the study behind the famous trophic cascade story relied on flawed methods that overstated the ecological impact of wolf recovery. Their reanalysis found no evidence for a dramatic, park-wide surge in willow growth. Instead, the effects appear smaller and vary from place to place.",Environment,https://www.sciencedaily.com/releases/2026/06/260613215510.htm
Yellowstone Wolves May Not Have Transformed the National Park After All,"A new scientific review challenges the headline-grabbing claim that Yellowstone’s returning wolves triggered one of the strongest trophic cascades on Earth. Researchers found that the reported 1,500% surge in willow growth was based on circular calculations and questionable comparisons. After correcting for modeling and sampling flaws, the supposed ecosystem-wide boom largely disappears.",Environment,https://www.sciencedaily.com/releases/2026/02/260212025612.htm
A Surprising New Method Finally Makes Teflon Recyclable,Researchers have discovered a low-energy way to recycle Teflon® by using mechanical motion and sodium metal. The process turns the notoriously durable plastic into sodium fluoride that can be reused directly in chemical manufacturing. This creates a potential circular economy for fluorine and reduces environmental harm from PFAS-related waste.,Environment,https://www.sciencedaily.com/releases/2025/11/251124094336.htm
Scientists Say Dimming the Sun Could Spark Global Chaos,"Scientists are taking the once-radical concept of dimming the sun through stratospheric aerosol injection (SAI) seriously, but a Columbia University team warns that reality is far messier than models suggest. Their study reveals how physical, geopolitical, and economic constraints could derail even the best-intentioned attempts to cool the planet. From unpredictable monsoon disruptions to material shortages and optical inefficiencies, every step introduces new risks.",Environment,https://www.sciencedaily.com/releases/2025/10/251021083631.htm
Scientists Discover a Universal Temperature Curve That Governs All Life,"Researchers have uncovered a universal pattern showing how temperature affects life on Earth. Across thousands of species—from microbes to reptiles—performance rises gradually with warming until an optimal temperature is reached, after which it drops sharply. Although each species has its own preferred temperature range, they all follow the same underlying curve. This surprising constraint suggests evolution may have limited room to help species cope with rapid climate warming.",Environment,https://www.sciencedaily.com/releases/2026/03/260311213448.htm
Scientists Just Found Hidden Life Thriving Beneath the Arctic Ice,"Melting Arctic ice is revealing a hidden world of nitrogen-fixing bacteria beneath the surface. These microbes, not the usual cyanobacteria, enrich the ocean with nitrogen, fueling algae growth that supports the entire marine food chain. As ice cover declines, both algae production and CO2 absorption may increase, altering the region’s ecological balance. The discovery could force scientists to revise predictions about Arctic climate feedbacks.",Environment,https://www.sciencedaily.com/releases/2025/10/251020092826.htm
"Birds, Not Wind, Brought Life to Iceland’s Youngest Island","When Surtsey erupted from the sea in 1963, it became a living experiment in how life begins anew. Decades later, scientists discovered that the plants colonizing this young island weren’t carried by the wind or floating on ocean currents, but delivered by birds — gulls, geese, and shorebirds serving as winged gardeners. Their findings overturn long-held beliefs about seed dispersal and reveal how deeply interconnected life truly is.",Environment,https://www.sciencedaily.com/releases/2025/11/251104094148.htm
Melting Ice Is Hiding a Massive Climate Secret Beneath Antarctica,"The Southern Ocean absorbs nearly half of all ocean-stored human CO2, but its future role is uncertain. Despite models predicting a decline, researchers found that freshening surface waters are currently keeping deep CO2 trapped below. This stratification effect may be only temporary, as intensifying winds bring deep, carbon-rich water closer to the surface. If mixing increases, the Southern Ocean could begin releasing more CO2 than it absorbs.",Environment,https://www.sciencedaily.com/releases/2025/10/251027023802.htm
"El Niño Could Soon Turn Deadly Predictable, Scientists Warn","Scientists have discovered that El Niño and La Niña could become far more powerful and predictable as the planet warms. By 2050, the tropical Pacific may hit a tipping point, locking ENSO into strong, rhythmic oscillations that synchronize with other global climate patterns. The result could be intensified rainfall extremes and greater risk of “climate whiplash” across multiple continents.",Environment,https://www.sciencedaily.com/releases/2025/10/251024041753.htm
A Gold Catalyst Just Broke a Decade Old Green Chemistry Record,"A new catalyst design could transform how acetaldehyde is made from renewable bioethanol. Researchers found that a carefully balanced mix of gold, manganese, and copper creates a powerful synergy that boosts efficiency while lowering operating temperatures. Their best catalyst achieved a 95% yield at just 225°C and stayed stable for hours. The discovery points to a cleaner, more sustainable path for producing key industrial chemicals.",Environment,https://www.sciencedaily.com/releases/2025/12/251225080734.htm
"Scientists Predict a Wetter, Greener Future for the Sahara Desert","UIC researchers predict that the Sahara Desert could see up to 75% more rain by the end of this century due to rising global temperatures. Using 40 climate models, the team found widespread precipitation increases across Africa, though some regions may dry out. The results suggest a major rebalancing of the continent’s climate. Scientists stress that adaptation planning is essential to prepare for both wetter and drier futures.",Environment,https://www.sciencedaily.com/releases/2025/11/251102205025.htm
China’s Coastal Cities Are Sinking as Seas Rise at Record Speed,"Sea levels are rising faster than at any time in 4,000 years, scientists report, with China’s major coastal cities at particular risk. The rapid increase is driven by warming oceans and melting ice, while human activities like groundwater pumping make it worse. In some areas, the land itself is sinking faster than the ocean is rising. Still, researchers see progress as cities like Shanghai adopt new technologies to stabilize the ground and prepare for the future.",Environment,https://www.sciencedaily.com/releases/2025/10/251023031627.htm
MIT Finds Traces of a Lost World Deep Within Planet Earth,"Researchers have discovered chemical fingerprints of Earth&apos;s earliest incarnation, preserved in ancient mantle rocks. A unique imbalance in potassium isotopes points to remnants of “proto Earth” material that survived the planet’s violent formation. The study suggests the original building blocks of Earth remain hidden beneath its surface, offering a direct glimpse into our planet’s ancient origins.",Environment,https://www.sciencedaily.com/releases/2025/10/251016223056.htm
Forged in Fire: The 900°C Heat That Built Earth’s Stable Continents,"New research reveals that Earth’s continents owe their stability to searing heat deep in the planet’s crust. At more than 900°C, radioactive elements shifted upward, cooling and strengthening the landmasses that support life. This ancient heat engine also distributed valuable minerals, giving scientists new clues for exploration and for spotting potentially habitable planets.",Environment,https://www.sciencedaily.com/releases/2025/10/251015230947.htm
Earth’s Magnetic Field Went Wild 600 Million Years Ago and Scientists Finally Know Why,"Hundreds of millions of years ago, Earth’s magnetic field behaved in a way that has long baffled scientists, showing wild and seemingly chaotic shifts unlike anything seen before or since. A new study suggests this chaos may actually hide a deeper pattern: instead of random fluctuations, the magnetic field may have followed a global, organized structure.",Environment,https://www.sciencedaily.com/releases/2026/04/260401071927.htm
A Giant Weak Spot in Earth’s Magnetic Field Is Now Half the Size of Europe,"Earth’s magnetic shield is shifting in dramatic ways. New data from ESA’s Swarm satellites show that the South Atlantic Anomaly — a vast weak spot in Earth’s magnetic field — has grown by nearly half the size of continental Europe since 2014. Even more striking, a region southwest of Africa has begun weakening even faster in recent years, hinting at unusual activity deep within Earth’s molten outer core.",Environment,https://www.sciencedaily.com/releases/2026/02/260224023221.htm
"Earth Has Hit Its First Climate Tipping Point, Scientists Warn","Global scientists warn that humanity is on the verge of crossing irreversible climate thresholds, with coral reefs already at their tipping point and polar ice sheets possibly beyond recovery. The Global Tipping Points Report 2025 reveals how rising temperatures could trigger a cascade of system collapses, from the Amazon rainforest turning to savanna to the potential shutdown of the Atlantic Ocean circulation.",Environment,https://www.sciencedaily.com/releases/2025/10/251029002920.htm
Scientists Just Uncovered What’s Really Happening Beneath This Mysterious Volcano,"Researchers traced tremor signals deep inside Tanzania’s Oldoinyo Lengai volcano, pinpointing their 3D locations for the first time. The study revealed linked tremors at different depths, offering a rare glimpse into magma and gas movement. Because this volcano’s magma is unusually cool and fluid, the results defy expectations and could transform how scientists forecast eruptions.",Environment,https://www.sciencedaily.com/releases/2025/10/251026021744.htm
Atlantic Dolphins Are Dying Much Younger. Scientists Sound the Alarm,"Common dolphins in the North Atlantic are living significantly shorter lives, with female longevity dropping seven years since the 1990s. Researchers found this decline by analyzing stranded dolphins, revealing a 2.4% drop in population growth linked to bycatch deaths and environmental pressures. The findings expose flaws in traditional counting methods and call for adaptive conservation measures, such as smarter fishing restrictions.",Environment,https://www.sciencedaily.com/releases/2025/10/251021083647.htm
Scientists Find Perfect Fossils in Rust Beneath Australian Farmland,"Beneath the dry farmland of New South Wales lies a hidden window into a lost rainforest teeming with life from 11-16 million years ago. At McGraths Flat, scientists have uncovered fossils preserved in astonishing detail—not in typical rock like shale or sandstone, but in iron-rich sediment once thought incapable of such preservation. Tiny iron particles filled and captured entire cells, preserving everything from insect organs to fish eye pigments and delicate spider hairs.",Environment,https://www.sciencedaily.com/releases/2026/04/260423031536.htm
Earth’s Climate Just Crossed a Line We Can’t Ignore,"Humanity has reached the first Earth system tipping point, the widespread death of warm-water coral reefs, marking the beginning of irreversible planetary shifts. As global temperatures move beyond 1.5°C, the world risks cascading crises such as ice sheet melt, Amazon rainforest dieback, and ocean current collapse. Scientists from the University of Exeter warn that these interconnected tipping points could transform the planet unless urgent, systemic action triggers “positive tipping points,” like rapid renewable energy adoption.",Environment,https://www.sciencedaily.com/releases/2025/10/251013040325.htm
Hippos Once Roamed Frozen Germany With Mammoths,"New research shows that hippos lived in central Europe tens of thousands of years longer than previously thought. Ancient DNA and radiocarbon dating confirm they survived in Germany’s Upper Rhine Graben during a milder Ice Age phase. Closely related to modern African hippos, they shared the landscape with cold-adapted giants like mammoths. The finding rewrites Ice Age history and suggests regional climates were far more diverse.",Environment,https://www.sciencedaily.com/releases/2025/10/251026021740.htm
Earth Is Splitting Open Beneath the Pacific Northwest,"For the first time, scientists have seen a subduction zone actively breaking apart beneath the Pacific Northwest. Seismic data show the oceanic plate tearing into fragments, forming microplates in a slow, step-by-step collapse. This process, once only theorized, explains mysterious fossil plates found elsewhere and offers new clues about earthquake risks. The dying subduction zone is revealing Earth’s tectonic life cycle in real time.",Environment,https://www.sciencedaily.com/releases/2025/10/251025084611.htm
Glaciers’ Secret Cooling Power Won’t Last Much Longer,"Scientists have uncovered that glaciers can temporarily cool the air around them, delaying some effects of global warming. This self-cooling, driven by katabatic winds, is nearing its peak and will likely reverse in the next two decades. Once glaciers lose enough mass, they will heat up faster, speeding their decline. The team urges immediate global action to curb emissions and manage dwindling water resources wisely.",Environment,https://www.sciencedaily.com/releases/2025/10/251025084606.htm
"They’re Smaller Than Dust, but Crucial for Earth’s Climate","Coccolithophores, tiny planktonic architects of Earth’s climate, capture carbon, produce oxygen, and leave behind geological records that chronicle our planet’s history. European scientists are uniting to honor them with International Coccolithophore Day on October 10. Their global collaboration highlights groundbreaking research into how these microscopic organisms link ocean chemistry, climate regulation, and carbon storage. The initiative aims to raise awareness that even the smallest ocean dwellers have planetary impact.",Environment,https://www.sciencedaily.com/releases/2025/10/251010091548.htm
Scientists Uncover What Delayed Earth’s Oxygen Boom for a Billion Years,"Researchers uncovered that trace compounds like nickel and urea may have delayed Earth’s oxygenation for millions of years. Experiments mimicking early Earth revealed how their concentrations controlled cyanobacterial growth, dictating when oxygen began to accumulate. As nickel declined and urea stabilized, photosynthetic life thrived, sparking the Great Oxidation Event. The findings could also guide the search for biosignatures on distant worlds.",Environment,https://www.sciencedaily.com/releases/2025/11/251102011144.htm
Scientists Find Gold Hiding in Food Waste,"Researchers are finding extraordinary new uses for what we throw away. Beet pulp may help crops resist disease, while composted coconut fibers could replace peat moss. Discarded radish and beet greens are rich in bioactive compounds that boost gut health and protect cells. Food waste is rapidly becoming a source of sustainable solutions for both agriculture and health.",Environment,https://www.sciencedaily.com/releases/2025/10/251011105518.htm
Scientists Shocked as Birds Soaked in “forever Chemicals” Still Thrive,"Tree swallows in polluted U.S. regions are accumulating high levels of “forever chemicals.” These durable pollutants, used in firefighting foams and consumer products, are found everywhere from soil to human blood. Surprisingly, researchers observed no significant impact on the birds’ reproduction, suggesting possible resilience in wild populations.",Environment,https://www.sciencedaily.com/releases/2025/10/251008030936.htm
Record Amazon Fires Release More Carbon Than an Entire Country,"The Amazon has suffered its most destructive fire season in more than two decades, releasing a staggering 791 million tons of carbon dioxide—on par with Germany’s annual emissions. Scientists found that for the first time, fire-driven degradation, not deforestation, was the main source of carbon emissions, signaling a dangerous shift in the rainforest’s decline. Using advanced satellite systems and rigorous simulations, researchers uncovered vast damage across Brazil and Bolivia, exposing the fragility of the Amazon’s ecosystems.",Environment,https://www.sciencedaily.com/releases/2025/10/251008030932.htm
The “big One” Might Not Come Alone: Double West Coast Earthquake Threat,"Two of the most dangerous fault systems on the U.S. West Coast may be more connected than scientists once thought. New research suggests the Cascadia subduction zone and the San Andreas fault can “sync up,” triggering earthquakes within minutes or hours of each other. This rare “synchronization” could dramatically increase the scale of a major West Coast disaster. Instead of one massive quake, multiple regions could be hit at nearly the same time.",Environment,https://www.sciencedaily.com/releases/2026/05/260502002153.htm
New Technology Eliminates “forever Chemicals” With Record-Breaking Speed and Efficiency,"A new eco-friendly technology can capture and destroy PFAS, the dangerous “forever chemicals” found worldwide in water. The material works hundreds to thousands of times faster and more efficiently than current filters, even in river water, tap water, and wastewater. After trapping the chemicals, the system safely breaks them down and refreshes itself for reuse. It’s a rare one-two punch against pollution: fast cleanup and sustainable destruction.",Environment,https://www.sciencedaily.com/releases/2025/12/251224032401.htm
When Sunshine Became Cheaper Than Coal,"Solar energy is now the cheapest source of power worldwide, driving a massive shift toward renewables. Falling battery prices and innovations in solar materials are making clean energy more reliable than ever. Yet, grid congestion and integration remain key challenges. Experts say smart grids and sustained policy support are crucial to accelerate the transition.",Environment,https://www.sciencedaily.com/releases/2025/10/251007081814.htm
Ocean Heatwaves Are Breaking Earth’s Hidden Climate Engine,"Marine heatwaves can jam the ocean’s natural carbon conveyor belt, preventing carbon from reaching the deep sea. Researchers studying two major heatwaves in the Gulf of Alaska found that plankton shifts caused carbon to build up near the surface instead of sinking. This disrupted the ocean’s ability to store carbon for millennia and intensified climate feedbacks. The study highlights the urgent need for continuous, collaborative ocean observation.",Environment,https://www.sciencedaily.com/releases/2025/10/251007081819.htm
They Were Drilling Off Oregon. What They Found Could Shake the Entire West Coast,Scientists have found evidence that a major Cascadia earthquake could trigger a second quake on the San Andreas Fault. The discovery came from unusual sediment layers formed by underwater landslides recorded over thousands of years. These patterns suggest both fault systems may have ruptured close together in the past. The findings raise new concerns about a potential coast-wide earthquake sequence.,Environment,https://www.sciencedaily.com/releases/2026/05/260502012325.htm
They Were Drilling Off Oregon. What They Found Could Shake All of California,Scientists have uncovered evidence that megaquakes in the Pacific Northwest might trigger California’s San Andreas Fault. A research ship’s navigational error revealed paired sediment layers showing both fault systems moved together in the past. This finding hints that the next “Big One” could set off a devastating one-two seismic punch along the coast.,Environment,https://www.sciencedaily.com/releases/2025/10/251022023130.htm
"From Gentle Giants to Ghostly Hunters, Sharks Face an Unseen Peril","New research reveals that deep-sea mining could dramatically threaten 30 species of sharks, rays, and ghost sharks whose habitats overlap with proposed mining zones. Many of these species, already at risk of extinction, could face increased dangers from seafloor disruptions and sediment plumes caused by mining activity.",Environment,https://www.sciencedaily.com/releases/2025/10/251004092909.htm
"1,000 Swiss Glaciers Already Gone, and the Melting Is Speeding Up","Swiss glaciers lost nearly 3% of their volume in 2025, following a snow-poor winter and scorching summer heatwaves. The melt has been so extreme that some glaciers lost more than two meters of ice thickness in a single season. Scientists caution that the decline is destabilizing mountains, raising risks of rock and ice avalanches. Long-term monitoring efforts are now more critical than ever.",Environment,https://www.sciencedaily.com/releases/2025/10/251001092211.htm
The Billion-Year Reign of Fungi That Predated Plants and Made Earth Livable,"Fungi may have shaped Earth’s landscapes long before plants appeared. By combining rare gene transfers with fossil evidence, researchers have traced fungal origins back nearly a billion years earlier than expected. These ancient fungi may have partnered with algae, recycling nutrients, breaking down rock, and creating primitive soils. Far from being silent background players, fungi were ecosystem engineers that prepared Earth’s surface for plants, fundamentally altering the course of life’s history.",Environment,https://www.sciencedaily.com/releases/2025/10/251001092208.htm
"Earth Is Splitting Open Beneath the Pacific Northwest, Scientists Say","For the first time, scientists have watched a subduction zone literally fall apart beneath the ocean floor. Using advanced seismic imaging, they found the Juan de Fuca plate splitting into fragments as it sinks beneath North America. Rather than collapsing all at once, the plate is tearing piece by piece, like a train slowly derailing. The finding helps explain ancient plate fragments and could refine how scientists understand earthquake behavior.",Environment,https://www.sciencedaily.com/releases/2026/04/260429232851.htm
A Warming Earth Could Accidentally Trigger a Deep Freeze,"Earth’s climate balance isn’t just governed by the slow weathering of silicate rocks, which capture carbon and stabilize temperature over eons. New research reveals that biological and oceanic feedback loops—especially involving algae, phosphorus, and oxygen—can swing the planet’s temperature far more dramatically.",Environment,https://www.sciencedaily.com/releases/2025/11/251102011216.htm
The Red Sea That Vanished and the Catastrophic Flood That Brought It Back,"Researchers at KAUST have confirmed that the Red Sea once vanished entirely, turning into a barren salt desert before being suddenly flooded by waters from the Indian Ocean. The flood carved deep channels and restored marine life in less than 100,000 years. This finding redefines the Red Sea’s role as a key site for studying how oceans form and evolve through extreme geological events.",Environment,https://www.sciencedaily.com/releases/2025/10/251007081831.htm
Something Hidden Deep Underground Supercharged This Chile Earthquake,"A powerful 7.4-magnitude earthquake struck northern Chile in July 2024—and it wasn’t supposed to be that strong. Unlike Chile’s infamous shallow “megathrust” quakes, this one ruptured deep inside the Earth, where shaking is usually weaker at the surface. Researchers discovered that the quake broke long-held assumptions by tearing through hotter rock layers than expected, fueled by a rare chain reaction that accelerated the rupture.",Environment,https://www.sciencedaily.com/releases/2025/12/251228020002.htm
Scientists Just Found the Shocking Reason Chile’s Quake Shook So Hard,"A massive quake struck Calama, Chile, in 2024, surprising scientists with its unusual depth and destructive power. Unlike typical deep quakes, it broke past thermal limits and triggered an intense “thermal runaway” rupture. Researchers say the event challenges long-held theories and highlights the need for improved monitoring and preparedness. Their findings could shape how we predict and respond to future seismic threats worldwide.",Environment,https://www.sciencedaily.com/releases/2025/10/251002074005.htm
Scientists Just Recreated a Wildfire That Made Its Own Weather,"In 2020, California’s Creek Fire became so intense that it generated its own thunderstorm, a phenomenon called a pyrocumulonimbus cloud. For years, scientists struggled to replicate these explosive fire-born storms in climate models, leaving major gaps in understanding their global effects. Now, a new study has finally simulated them successfully, reproducing the Creek Fire’s storm and others like it.",Environment,https://www.sciencedaily.com/releases/2025/10/251002074001.htm
Global Warming Could Trigger the Next Ice Age,"Scientists have uncovered a missing feedback in Earth’s carbon cycle that could cause global warming to overshoot into an ice age. As the planet warms, nutrient-rich runoff fuels plankton blooms that bury huge amounts of carbon in the ocean. In low-oxygen conditions, this process can spiral out of control, cooling Earth far beyond its original state. While this won’t save us from modern climate change, it may explain Earth’s most extreme ancient ice ages.",Environment,https://www.sciencedaily.com/releases/2025/12/251221043231.htm
Japan’s Hot Springs Hold Clues to the Origins of Life on Earth,"Billions of years ago, Earth’s atmosphere was hostile, with barely any oxygen and toxic conditions for life. Researchers from the Earth-Life Science Institute studied Japan’s iron-rich hot springs, which mimic the ancient oceans, to uncover how early microbes survived. They discovered communities of bacteria that thrived on iron and tiny amounts of oxygen, forming ecosystems that recycled elements like carbon, nitrogen, and sulfur.",Environment,https://www.sciencedaily.com/releases/2025/10/251002074009.htm
Tiny Stones Rewrite Earth’s Evolution Story,"Scientists have uncovered an unexpected witness to Earth’s distant past: tiny iron oxide stones called ooids. These mineral snowballs lock away traces of ancient carbon, revealing that oceans between 1,000 and 541 million years ago held far less organic carbon than previously thought. This discovery challenges long-standing theories linking carbon levels, oxygen surges, and the emergence of complex life.",Environment,https://www.sciencedaily.com/releases/2025/09/250926035026.htm
Biochar’s Secret Power Could Change Clean Water Forever,"Scientists found that biochar doesn’t just capture pollutants, it actively destroys them using direct electron transfer. This newly recognized ability accounts for up to 40% of its cleaning power and remains effective through repeated use. The discovery opens the door to cheaper, greener, and more efficient water treatment methods worldwide.",Environment,https://www.sciencedaily.com/releases/2025/09/250926035019.htm
Toxic Waste Could Become the Next Clean Energy Breakthrough,"Bio-tar, once seen as a toxic waste, can be transformed into bio-carbon with applications in clean energy and environmental protection. This innovation could reduce emissions, create profits, and solve a major bioenergy industry problem.",Environment,https://www.sciencedaily.com/releases/2025/09/250926035016.htm
Hidden “electron Highways” Beneath Our Feet Could Revolutionize Pollution Cleanup,"Electrons flow underground in ways far more extensive than once believed, forming networks that link distant chemical zones. Minerals, organic molecules, and specialized bacteria can act as bridges, creating long-distance electron highways. These discoveries hold promise for pollution cleanup strategies, remote remediation, and protecting ecosystems. Scientists now see the subsurface as an interconnected redox system with exciting practical potential.",Environment,https://www.sciencedaily.com/releases/2025/09/250926035015.htm
"Massive Magma Surge Sparked 28,000 Santorini Earthquakes","When tens of thousands of earthquakes shook Santorini, the cause wasn’t just shifting tectonic plates—it was rising magma. Scientists tracked about 300 million cubic meters of molten rock pushing up through the crust, triggering intense seismic swarms as it fractured the surrounding rock. Advanced AI analysis and seafloor instruments revealed the magma’s path in remarkable detail.",Environment,https://www.sciencedaily.com/releases/2026/02/260215225532.htm
A Tiny Mineral May Hold the Secret to Feeding Billions Sustainably,"Rice, a staple for billions, is one of the most resource-hungry crops on the planet—but scientists may have found a way to change that. By applying nanoscale selenium directly to rice plants, researchers dramatically improved nitrogen efficiency, boosted yields, and made grains more nutritious while reducing fertilizer use and cutting greenhouse gas emissions.",Environment,https://www.sciencedaily.com/releases/2025/09/250924012230.htm
Scientists Crack the Explosive Secret of How Diamonds Reach the Surface,"Diamonds hitch a ride to the surface through explosive kimberlite eruptions, powered by volatile-rich magmas. New simulations show that carbon dioxide and water are the secret ingredients that make these eruptions possible.",Environment,https://www.sciencedaily.com/releases/2025/09/250924012229.htm
Diamonds Reveal Hidden Chemistry Deep Inside Earth,"South African diamonds have revealed nickel-rich metallic inclusions, offering the first direct evidence of reactions predicted to occur deep in Earth’s mantle. The study shows how oxidized melts infiltrated reduced rocks, trapping both the cause and effect of diamond formation. These reactions help explain volatile-rich magmas like kimberlites, linking mantle chemistry to volcanic processes. Diamonds emerge as tiny record-keepers of Earth’s deep, dynamic engine.",Environment,https://www.sciencedaily.com/releases/2025/09/250923021217.htm
The Shocking Reason Arctic Rivers Are Turning Rusty Orange,"Researchers found that ice can trigger stronger chemical reactions than liquid water, dissolving iron minerals in extreme cold. Freeze-thaw cycles amplify the effect, releasing iron into rivers and soils. With climate change accelerating these cycles, Arctic waterways may face major transformations.",Environment,https://www.sciencedaily.com/releases/2025/09/250922074938.htm
"This Surprising Building Material Is Strong, Cheap, and Sustainable","A team at RMIT University has created a cement-free construction material using only cardboard, soil, and water. Strong enough for low-rise buildings, it reduces emissions, costs, and waste compared to concrete. The lightweight, on-site process makes it ideal for remote areas, while its thermal properties naturally cool buildings. Researchers see it as a key step toward greener, more resilient architecture.",Environment,https://www.sciencedaily.com/releases/2025/09/250922074949.htm
"Childhood Plastic Exposure Could Be Fueling Obesity, Infertility, and Asthma","A sweeping review from NYU Langone Health reveals that everyday exposure to plastics—especially during childhood—poses lasting risks for heart disease, infertility, asthma, and even brain development issues. These chemicals, found in packaging, cosmetics, and common household items, can disrupt hormones, ignite chronic inflammation, and lower IQ.",Environment,https://www.sciencedaily.com/releases/2025/09/250922074947.htm
A Massive Asteroid Slammed Into the North Sea and Triggered a 330-Foot Tsunami,Scientists have finally confirmed the origin of the mysterious Silverpit Crater beneath the North Sea. New evidence shows that an asteroid about 160 meters wide struck the seabed roughly 43 to 46 million years ago. The impact triggered a tsunami more than 100 meters high and left behind a crater that geologists debated for years.,Environment,https://www.sciencedaily.com/releases/2026/06/260623011230.htm
A Massive Asteroid Hit the North Sea and Triggered a 330-Foot Tsunami,A long-running debate about the Silverpit Crater beneath the North Sea has finally been resolved. Scientists now confirm it formed when a roughly 160-meter asteroid struck the seabed about 43–46 million years ago. New seismic imaging and rare shocked minerals in rock samples provided the crucial proof. The impact would have sent a massive plume skyward and unleashed a tsunami over 100 meters (330 feet) high.,Environment,https://www.sciencedaily.com/releases/2026/03/260311004836.htm
The Deep Ocean Has a Missing Link and Scientists Finally Found It,"Scientists have uncovered why big predators like sharks spend so much time in the ocean’s twilight zone. The answer lies with mid-sized fish such as the bigscale pomfret, which live deep during the day and rise at night to feed, linking deep and surface food webs. Using satellite tags, researchers tracked these hard-to-study fish for the first time. Their movements shift with water clarity, potentially altering entire ocean food chains.",Environment,https://www.sciencedaily.com/releases/2025/12/251228074505.htm
Scientists Discover a Hidden Deep Sea Hotspot Bursting With Life,"Beneath the waters off Papua New Guinea lies an extraordinary deep-sea environment where scorching hydrothermal vents and cool methane seeps coexist side by side — a pairing never before seen. This unusual chemistry fuels a vibrant oasis teeming with mussels, tube worms, shrimp, and even purple sea cucumbers, many of which may be unknown to science. The rocks themselves shimmer with traces of gold, silver, and other metals deposited by past volcanic activity.",Environment,https://www.sciencedaily.com/releases/2025/11/251125081928.htm
California’s Next Big One Could Be Faster and Far More Destructive,"Supershear earthquakes, moving faster than seismic waves, could cause catastrophic shaking across California. USC researchers warn that many faults capable of magnitude 7 quakes might produce these explosive ruptures. Current construction standards don’t account for their directional force. Stronger monitoring and building codes are urgently needed.",Environment,https://www.sciencedaily.com/releases/2025/10/251012054628.htm
"Scientists Solve 12,800-Year-Old Climate Mystery Hidden in Greenland Ice","A mysterious spike of platinum buried deep in Greenland’s ice has long fueled theories of a catastrophic comet or asteroid strike 12,800 years ago—possibly triggering a sudden return to icy conditions known as the Younger Dryas. But new research points to a far less dramatic, yet still powerful culprit: volcanic eruptions. Scientists found the platinum signal doesn’t match space debris and actually appeared decades after the cooling began, ruling out an impact as the trigger.",Environment,https://www.sciencedaily.com/releases/2026/03/260319044714.htm
Scientists Discover a Stunning New Golden-Tongued Lizard in China,"A new species of mountain lizard, Diploderma bifluviale, has been discovered in the upper Dadu River Valley of China. Its distinct traits and isolated habitat highlight the hidden biodiversity of the Hengduan Mountains.",Environment,https://www.sciencedaily.com/releases/2025/10/251029100158.htm
Asteroid Ryugu’s Hidden Waters Could Explain How Earth Got Its Oceans,"Ryugu’s samples reveal that water activity on asteroids lasted far longer than scientists thought, possibly reshaping theories of how Earth gained its oceans. A billion-year-old impact may have melted ancient ice, keeping asteroids wet and influential far into solar system history.",Environment,https://www.sciencedaily.com/releases/2025/10/251015230955.htm
Thousands Fall Ill as Mosquito Fever Explodes Across Southern China,"China’s Guangdong Province is battling its worst-ever chikungunya outbreak, with thousands of infections spreading across major cities and nearby regions. Transmitted by Aedes mosquitoes, the disease underscores how climate change, urbanization, and global travel are fueling mosquito-borne threats.",Environment,https://www.sciencedaily.com/releases/2025/10/251009033244.htm
Strange New Hybrid Bird Spotted in Texas Backyard,"In Texas, biologists have documented an extraordinary bird — the natural hybrid offspring of a green jay and a blue jay. Once separated by millions of years of evolution and distinct ranges, the two species were brought together as climate change expanded their territories. A backyard birder’s photo led to the discovery, and after years of elusiveness, scientists confirmed the bird’s identity through genetic testing.",Environment,https://www.sciencedaily.com/releases/2025/09/250920214309.htm
"Wildfire Smoke Could Kill 70,000 Americans a Year by 2050","Wildfires are no longer a seasonal nuisance but a deadly, nationwide health crisis. Fueled by climate change, smoke is spreading farther and lingering longer, with new research warning of tens of thousands of additional deaths annually by mid-century. The health costs alone could surpass all other climate damages combined, revealing wildfire smoke as one of the most underestimated threats of our warming world.",Environment,https://www.sciencedaily.com/releases/2025/09/250918225016.htm
A Clue to Ancient Life? What Scientists Found Inside Mars’ Frozen Vortex,"Mars’ north polar vortex locks its atmosphere in extreme cold and darkness, freezing out water vapor and triggering a dramatic rise in ozone. Scientists found that the lack of sunlight and moisture lets ozone build up unchecked. This discovery, made with data from ESA’s and NASA’s orbiters, could reveal clues about Mars’ past atmospheric chemistry and potential for life.",Environment,https://www.sciencedaily.com/releases/2025/10/251018102124.htm
"A Giant Asteroid Hit Earth, but Its Crater Is Missing","Researchers discovered a new field of ancient tektites in South Australia, revealing a long-forgotten asteroid impact. These 11-million-year-old glass fragments differ chemically and geographically from other known tektites. Although the crater remains missing, the find exposes a massive event once thought unrecorded, offering clues to Earth’s tumultuous past and planetary defense.",Environment,https://www.sciencedaily.com/releases/2025/10/251015230957.htm
A Popular Climate Fix Could Accidentally Trigger Massive Changes to Global Weather,"A new study found that not all geoengineering ideas are created equal. Brightening marine clouds over the eastern Pacific could dramatically weaken the El Niño cycle, triggering major changes to global weather patterns, while stratospheric aerosol injection left the system largely unchanged. Researchers say the results are a reminder that efforts to cool the planet could produce unexpected consequences if they are deployed without a full understanding of how Earth&apos;s climate works.",Environment,https://www.sciencedaily.com/releases/2026/06/260626030448.htm
"Archaeologists Uncover a 2,000-Year-Old Crop in the Canary Islands",Scientists decoded DNA from millennia-old lentils preserved in volcanic rock silos on Gran Canaria. The findings show that today’s Canary Island lentils largely descend from varieties brought from North Africa around the 200s. These crops survived cultural upheavals because they were so well-suited to the islands’ harsh climate. Their long-standing resilience could make them valuable for future agriculture.,Environment,https://www.sciencedaily.com/releases/2025/11/251125081933.htm
Breakthrough Method Could Dramatically Cut Prescription Drug Prices,"University of Maine researchers developed a new process to make HBL, a key ingredient in many medicines, from renewable glucose instead of petroleum. The approach not only lowers drug production costs but also reduces emissions.",Environment,https://www.sciencedaily.com/releases/2025/09/250921090838.htm
Earthquakes Release Blistering Heat That Can Melt Rock in an Instant,"MIT scientists have unraveled the hidden energy balance of earthquakes by recreating them in the lab. Their findings show that while only a sliver of energy goes into the shaking we feel on the surface, the overwhelming majority is released as heat—sometimes hot enough to melt surrounding rock in an instant.",Environment,https://www.sciencedaily.com/releases/2025/09/250918225010.htm
Soil Warming Experiments Challenge Assumptions About Climate Change,Heating alone won’t drive soil microbes to release more carbon dioxide — they need added carbon and nutrients to thrive. This finding challenges assumptions about how climate warming influences soil emissions.,Environment,https://www.sciencedaily.com/releases/2025/09/250916221823.htm
Scientists Just Found the “master Switch” for Plant Growth,"Scientists at Cold Spring Harbor Laboratory have cracked open the secrets of plant stem cells, mapping key genetic regulators in maize and Arabidopsis. By using single-cell RNA sequencing, they created a gene expression atlas that identifies rare stem cell regulators, links them to crop size and productivity, and offers a new roadmap for breeding resilient, high-yield plants.",Environment,https://www.sciencedaily.com/releases/2025/09/250915202831.htm
A Volcano Erased an Island’s Plants. Their DNA Revealed How Life Starts Over,"Volcanic eruptions on the remote island of Nishinoshima repeatedly wipe the land clean, giving scientists a rare chance to study life’s earliest stages. Researchers traced the genetic origins of an extinct purslane population to nearby Chichijima but found striking quirks—evidence of a founder’s effect and genetic drift. These discoveries shed light on how plants recolonize harsh environments and how ecosystems evolve from scratch.",Environment,https://www.sciencedaily.com/releases/2025/09/250915202828.htm
Did an Exploding Comet Wipe out the Mammoths?,"Scientists are uncovering new clues that a cosmic explosion may have rocked Earth at the end of the last ice age. At major Clovis-era sites, researchers found shocked quartz—evidence of intense heat and pressure consistent with a comet airburst rather than volcanism or human activity. The event could have sparked massive fires, blocked sunlight, and triggered a rapid return to ice-age conditions. These harsh changes may explain the sudden loss of megafauna and the disappearance of the Clovis culture.",Environment,https://www.sciencedaily.com/releases/2025/12/251225080736.htm
This Tiny Microbe May Be the Key to Fighting Forever Chemicals,"A photosynthetic bacterium shows a surprising ability to absorb persistent PFAS chemicals, offering a glimpse into biological tools that might one day tackle toxic contamination. Researchers are now exploring genetic and synthetic biology approaches to enhance these early signs of PFAS-handling potential.",Environment,https://www.sciencedaily.com/releases/2025/11/251125081938.htm
"A Supervolcano Nearly Wiped out Humanity 74,000 Years Ago, but Humans Did Something Incredible","The Toba supereruption 74,000 years ago was so massive it may have plunged Earth into years of darkness and cold, leading some scientists to believe humanity nearly went extinct. Yet archaeological evidence from Africa and Asia suggests early humans were far more resilient than once thought. Instead of disappearing, some communities adapted with new tools, new survival strategies, and remarkable flexibility. The disaster may not have destroyed humanity — it may have revealed just how tough humans really are.",Environment,https://www.sciencedaily.com/releases/2026/05/260510234711.htm
DNA from Old Ants Reveals a Hidden Insect Apocalypse in Fiji,"Insects are essential for ecosystems, but mounting evidence suggests many populations are collapsing under modern pressures. A new study used cutting-edge genomic techniques on museum specimens to track centuries of ant biodiversity across Fiji. The results reveal that nearly 80% of native ants are in decline, with losses intensifying in the past few hundred years as human activities expanded.",Environment,https://www.sciencedaily.com/releases/2025/09/250919085246.htm
Plastic-Eating Bacteria Discovered in the Ocean,"Beneath the ocean’s surface, bacteria have evolved specialized enzymes that can digest PET plastic, the material used in bottles and clothes. Researchers at KAUST discovered that a unique molecular signature distinguishes enzymes capable of efficiently breaking down plastic. Found in nearly 80% of ocean samples, these PETase variants show nature’s growing adaptation to human pollution.",Environment,https://www.sciencedaily.com/releases/2025/11/251104013023.htm
Tiny Skaters Beneath the Arctic Ice Rewrite the Limits of Life,"Hidden within Arctic ice, diatoms are proving to be anything but dormant. New Stanford research shows these glass-walled algae glide through frozen channels at record-breaking subzero temperatures, powered by mucus-like ropes and molecular motors. Their astonishing resilience raises questions about how life adapts in extreme conditions and highlights the urgency of studying polar ecosystems before they vanish.",Environment,https://www.sciencedaily.com/releases/2025/09/250911073201.htm
Scientists Finally Solve the Mystery of Ghostly Halos on the Ocean Floor,"Barrels dumped off Southern California decades ago have been found leaking alkaline waste, not just DDT, leaving behind eerie white halos and transforming parts of the seafloor into toxic vents. The findings reveal a persistent and little-known legacy of industrial dumping that still shapes marine life today.",Environment,https://www.sciencedaily.com/releases/2025/09/250910000244.htm
Record Sargassum Piles Trap Sea Turtle Hatchlings on Florida Beaches,"Sargassum seaweed is creating major new obstacles for sea turtle hatchlings, drastically slowing their crawl to the ocean and increasing their risk from predators and heat. Despite the physical challenge, their energy stores stay stable, suggesting the real danger lies in the delay itself.",Environment,https://www.sciencedaily.com/releases/2025/11/251123115439.htm
Why Alaska’s Salmon Streams Are Suddenly Bleeding Orange,"Warming Arctic permafrost is unlocking toxic metals, turning Alaska’s once-clear rivers into orange, acid-laced streams. The shift, eerily similar to mine pollution but entirely natural, threatens fish, ecosystems, and communities that depend on them—with no way to stop the process once it starts.",Environment,https://www.sciencedaily.com/releases/2025/09/250918011602.htm
The Invisible Plastic Threat You Can Finally See,"Researchers in Germany and Australia have created a simple but powerful tool to detect nanoplastics—tiny, invisible particles that can slip through skin and even the blood-brain barrier. Using an &quot;optical sieve&quot; test strip viewed under a regular microscope, these particles reveal themselves through striking color changes.",Environment,https://www.sciencedaily.com/releases/2025/09/250910000240.htm
Hungry Flathead Catfish Are Changing Everything in the Susquehanna,"Flathead catfish are rapidly reshaping the Susquehanna River’s ecosystem. Once introduced, these voracious predators climbed to the top of the food chain, forcing native fish like channel catfish and bass to shift diets and habitats. Using stable isotope analysis, researchers uncovered how the invaders disrupt food webs, broaden dietary overlaps, and destabilize energy flow across the river system. The findings show how a single invasive species can spark cascading ecological consequences.",Environment,https://www.sciencedaily.com/releases/2025/09/250909031516.htm
Why Some Plants Are Taking Over the World,"Plants are spreading across the globe faster than ever, largely due to human activity, and new research shows that the very same traits that make plants thrive in their native lands also drive their success abroad. A study of nearly 4,000 European species reveals that tall, adaptable, nutrient-loving generalists dominate both at home and in foreign ecosystems.",Environment,https://www.sciencedaily.com/releases/2025/09/250909031507.htm
The Ocean’s Most Abundant Microbe Is Near Its Breaking Point,"Tiny ocean microbes called Prochlorococcus, once thought to be climate survivors, may struggle as seas warm. These cyanobacteria drive 5% of Earth’s photosynthesis and underpin much of the marine food web. A decade of research shows they thrive only within a narrow temperature range, and warming oceans could slash their populations by up to 50% in tropical waters.",Environment,https://www.sciencedaily.com/releases/2025/09/250909031505.htm
"Antarctica’s Frozen Heart Is Warming Fast, and Models Missed It","New research has revealed that East Antarctica’s vast and icy interior is heating up faster than its coasts, fueled by warm air carried from the Southern Indian Ocean. Using 30 years of weather station data, scientists uncovered a hidden climate driver that current models fail to capture, suggesting the world’s largest ice reservoir may be more vulnerable than previously thought.",Environment,https://www.sciencedaily.com/releases/2025/09/250909031503.htm
Insects Are Disappearing from the Last Places We Thought Were Safe,"A long-term study in Colorado reveals that insect populations are plummeting even in remote, undisturbed areas. Over two decades, flying insect abundance dropped by more than 70%, closely linked to rising summer temperatures. The results suggest that climate change, not just human land use, is driving massive losses. Scientists warn that biodiversity hotspots, especially mountain ecosystems, are now at serious risk.",Environment,https://www.sciencedaily.com/releases/2025/09/250922074956.htm
Scientists Made Plastic That Eats Carbon,"A team of chemists has discovered how to transform PET plastic waste into BAETA, a material that captures CO2 with remarkable efficiency. Instead of ending up as microplastics in the environment, discarded bottles and textiles could become tools to combat climate change. The method is energy-friendly, scalable, and potentially lucrative, offering industries both sustainability and practicality.",Environment,https://www.sciencedaily.com/releases/2025/09/250905180736.htm
New Ghost Marsupial Related to the Kangaroo Found in Australia,Researchers analyzing ancient fossils from caves across Western Australia have uncovered a completely new species of bettong along with two new woylie subspecies—remarkable finds made bittersweet by signs that some may already be extinct.,Environment,https://www.sciencedaily.com/releases/2025/12/251213032623.htm
Oceans Could Reach a Dangerous Tipping Point by 2050,"UC Santa Barbara researchers project that human impacts on oceans will double by 2050, with warming seas and fisheries collapse leading the charge. The tropics and poles face the fastest changes, and coastal regions will be hardest hit, threatening food and livelihoods worldwide.",Environment,https://www.sciencedaily.com/releases/2025/09/250905180728.htm
Even the Toughest Corals Are Shrinking in Warming Seas,"Scientists found that Red Sea corals can endure warming seas but grow much smaller and weaken under long-term heat stress. Though recovery is possible in cooler months, rising global temperatures may outpace their resilience, endangering reefs and the people who depend on them.",Environment,https://www.sciencedaily.com/releases/2025/09/250905112308.htm
Seagrass Found to Be a Powerful Carbon Sponge With a Surprising Weakness,"Seagrass, a vital coastal ecosystem, may be one of the planet’s best natural carbon sponges—but its fate depends on how we manage nutrients like nitrogen and phosphorus. While moderate nutrient input can supercharge seagrass growth and boost carbon storage, too much—especially nitrogen—fuels phytoplankton that block sunlight and devastate seagrass beds.",Environment,https://www.sciencedaily.com/releases/2025/09/250905112306.htm
Earth’s Inner Core Exists Only Because of Carbon,"New research reveals that carbon made it possible for Earth’s molten core to freeze into a solid heart, stabilizing the magnetic field that protects our planet. Without it, Earth’s deep interior — and life above — might look very different.",Environment,https://www.sciencedaily.com/releases/2025/09/250904103920.htm
Scientists Create Biodegradable Plastic Stronger Than PET,"A Japanese research team successfully harnessed E. coli to produce PDCA, a strong, biodegradable plastic alternative. Their method avoids toxic byproducts and achieves record production levels, overcoming key roadblocks with creative fixes.",Environment,https://www.sciencedaily.com/releases/2025/09/250904014137.htm
The Flawed Carbon Math That Lets Major Polluters Off the Hook,"Past climate assessments let big polluters delay action, placing more burden on smaller nations. A new method based on historical responsibility demands steep cuts from wealthy countries and more financial support for poorer ones. Courts are now stepping in, making climate justice not just political but also legal.",Environment,https://www.sciencedaily.com/releases/2025/09/250903075156.htm
This Plastic Is Made from Milk and It Vanishes in 13 Weeks,"Scientists racing to tackle plastic pollution have created a surprising new contender: a biodegradable packaging film made partly from milk protein. Researchers at Flinders University blended calcium caseinate with starch and natural nanoclay to form a thin, durable material designed to mimic everyday plastic. In soil tests, the film fully broke down in about 13 weeks, pointing to a realistic alternative for single-use food packaging.",Environment,https://www.sciencedaily.com/releases/2026/02/260227071922.htm
Space Lasers Reveal Oceans Rising Faster Than Ever,"A new 30-year analysis reveals that melting land ice is now the main force behind rising global sea levels. Researchers discovered that oceans rose about 90 millimeters since 1993, with most of the increase coming from added water mass rather than just warming expansion. Ice loss from Greenland and mountain glaciers accounts for the vast majority of this gain. Even more concerning, the rate of sea-level rise is accelerating.",Environment,https://www.sciencedaily.com/releases/2026/02/260222092321.htm
Rare Rocks Beneath Australia Reveal the Origins of a Critical Metal,"Rare rocks buried deep in central Australia have revealed how a valuable niobium deposit formed during the breakup of an ancient supercontinent. More than 800 million years ago, tectonic rifting opened pathways that allowed metal-rich magma to rise from the mantle. These unusual rocks contain niobium, a key ingredient in high-strength steel, electric vehicles, and emerging energy technologies. The discovery offers fresh insight into how some of Earth’s most important mineral resources reach the surface.",Environment,https://www.sciencedaily.com/releases/2026/01/260122074028.htm
Dinosaur Teeth Reveal Secrets of Jurassic Life 150 Million Years Ago,"Sauropod tooth scratches reveal that some dinosaurs migrated seasonally, others ate a wide variety of plants, and climate strongly shaped their diets. Tanzania’s sand-blasted vegetation left especially heavy wear, offering rare insights into ancient ecosystems.",Environment,https://www.sciencedaily.com/releases/2025/09/250907172638.htm
A Simple Metal Could Solve the World’s Plastic Recycling Problem,"Scientists at Northwestern University have developed a groundbreaking nickel-based catalyst that could transform the way the world recycles plastic. Instead of requiring tedious sorting, the catalyst selectively breaks down stubborn polyolefin plastics—the single-use materials that make up much of our daily waste—into valuable oils, waxes, fuels, and more.",Environment,https://www.sciencedaily.com/releases/2025/09/250902085150.htm
Central Asia’s Last Stable Glaciers Just Started to Collapse,"Snowfall shortages are now destabilizing some of the world’s last resilient glaciers, as shown by a new study in Tajikistan’s Pamir Mountains. Using a monitoring station on Kyzylsu Glacier, researchers discovered that stability ended around 2018, when snowfall declined sharply and melt accelerated. The work sheds light on the Pamir-Karakoram Anomaly, where glaciers had resisted climate change longer than expected.",Environment,https://www.sciencedaily.com/releases/2025/09/250902085147.htm
Rapid Rocket Growth Raises Alarm Over Earth’s Fragile Ozone Layer,"The booming space industry has filled the skies with rockets and satellites, but this rapid expansion comes with a hidden danger: slowing the recovery of the ozone layer. Rocket launches and burning space debris release chlorine, soot, and metals high in the atmosphere, where they linger for years, damaging Earth’s protective shield against UV radiation. Scientists warn that if annual launches surge to projected levels by 2030, ozone recovery—already not expected until mid-century—could be delayed for decades.",Environment,https://www.sciencedaily.com/releases/2025/09/250902085134.htm
Panama’s Ocean Lifeline Vanishes for the First Time in 40 Years,"For decades, the Gulf of Panama has relied on strong seasonal winds to trigger upwelling, bringing cool, nutrient-packed water to the surface. But in 2025, this dependable event didn’t happen. Researchers point to unusually weak winds as the likely culprit, reducing ocean productivity and warming coastal waters. The surprise disruption highlights how vulnerable these critical systems may be to climate change.",Environment,https://www.sciencedaily.com/releases/2026/04/260426012253.htm
Panama’s Ocean Lifeline Vanishes for the First Time in 40 Years,"Every year, Panama’s Pacific coast benefits from powerful seasonal winds that drive nutrient-rich waters to the surface, sustaining fisheries and protecting coral reefs. But in 2025, for the first time in at least four decades, this crucial upwelling did not occur. Scientists suspect weakened trade winds linked to climate disruption played a role, leaving cooler waters absent and fisheries under stress.",Environment,https://www.sciencedaily.com/releases/2025/09/250907024537.htm
Microbes That Breathe Rust Could Help Save Earth’s Oceans,"Researchers from the University of Vienna discovered MISO bacteria that use iron minerals to oxidize toxic sulfide, creating energy and producing sulfate. This biological process reshapes how scientists understand global sulfur and iron cycles. By outpacing chemical reactions, these microbes could help stop the spread of oceanic dead zones and maintain ecological balance.",Environment,https://www.sciencedaily.com/releases/2025/11/251109013252.htm
Scientists Fear the Atlantic’s Great Ocean Conveyor Could Shut Down,"A new study projects that the Atlantic Meridional Overturning Circulation (AMOC)—the system of currents that includes the Gulf Stream—could shut down after 2100 under high-emission scenarios. This shutdown would drastically reduce heat transport northward, leaving Europe vulnerable to extreme winters, summers of drying, and shifts in tropical rainfall. Climate models show the tipping point is linked to collapsing winter convection in the North Atlantic, which weakens vertical mixing and creates a feedback loop that accelerates decline.",Environment,https://www.sciencedaily.com/releases/2025/08/250830001201.htm
A Monster Seaweed Bloom Is Taking Over the Atlantic,"Sargassum has escaped the Sargasso Sea and exploded across the Atlantic, forming the massive Great Atlantic Sargassum Belt. Fueled by nutrient runoff, Amazon outflows, and climate events, these blooms now reshape ecosystems, economies, and coastlines on a staggering scale.",Environment,https://www.sciencedaily.com/releases/2025/08/250830001159.htm
Microplastics Are Falling from the Sky and Polluting Forests,"Tiny plastic particles aren’t just choking oceans and cities—they’re quietly infiltrating forests too. Scientists discovered that most microplastics arrive through the air, settling onto treetops before being washed or dropped to the forest floor in rain and falling leaves. Once there, natural processes like leaf decay help bury and store these particles deep in the soil. The findings reveal forests as hidden reservoirs of airborne pollution—and potentially a new frontline in the growing microplastics crisis.",Environment,https://www.sciencedaily.com/releases/2026/03/260323005535.htm
"A Hidden Climate Shift May Have Sparked Epic Pacific Voyages 1,000 Years Ago","Around 1,000 years ago, a major climate shift reshaped rainfall across the South Pacific, making western islands like Samoa and Tonga drier while eastern islands such as Tahiti became increasingly wet. New evidence from plant waxes preserved in island sediments shows this change coincided with the final major wave of Polynesian expansion eastward. As freshwater became scarcer in the west and more abundant in the east, people may have been pushed to migrate, effectively “chasing the rain” across vast stretches of ocean.",Environment,https://www.sciencedaily.com/releases/2025/12/251215084206.htm
CRISPR Wheat That Makes Its Own Fertilizer,"UC Davis researchers engineered wheat that encourages soil bacteria to convert atmospheric nitrogen into plant-usable fertilizer. By boosting a natural compound in the plant, the wheat triggers bacteria to form biofilms that enable nitrogen fixation. This breakthrough could cut fertilizer use, reduce pollution, and increase yields. It also offers huge potential savings for farmers worldwide.",Environment,https://www.sciencedaily.com/releases/2025/11/251123115435.htm
Scientists Just Cracked a 60-Million-Year-Old Volcanic Mystery,"Cambridge scientists discovered that thin, weak zones in Earth’s plates helped spread Iceland’s mantle plume across the North Atlantic, explaining why volcanic activity once spanned thousands of kilometers. These ancient scars not only shaped the landscape but still influence earthquakes and could point to untapped geothermal energy.",Environment,https://www.sciencedaily.com/releases/2025/09/250907024546.htm
Scientists Recreate Life’s First Step: Linking Amino Acids to RNA,"Researchers demonstrated how amino acids could spontaneously attach to RNA under early Earth-like conditions using thioesters, providing a long-sought clue to the origins of protein synthesis. This finding bridges the “RNA world” and “thioester world” theories and suggests how life’s earliest peptides may have formed.",Environment,https://www.sciencedaily.com/releases/2025/08/250828002406.htm
Sharks’ Teeth Are Crumbling in Acid Seas,"Even sharks’ famous tooth-regrowing ability may not save them from ocean acidification. Researchers found that future acidic waters cause shark teeth to corrode, crack, and weaken, threatening their effectiveness as hunting weapons and highlighting hidden dangers for ocean ecosystems.",Environment,https://www.sciencedaily.com/releases/2025/08/250827010714.htm
Scientists Just Found Hidden Parasitic Wasps Spreading Across the U. S.,"Researchers discovered two new parasitic wasp species living in the U.S., tracing their origins back to Europe and uncovering clues about how they spread. Their arrival raises fresh questions about biodiversity, ecological risks, and the role of citizen science in tracking hidden species.",Environment,https://www.sciencedaily.com/releases/2025/09/250914205835.htm
The Ancient Oxygen Flood That Forever Changed Life in the Oceans,"Ancient forests may have fueled a deep-sea oxygen boost nearly 390 million years ago, unlocking evolutionary opportunities for jawed fish and larger marine animals. New isotopic evidence shows that this permanent oxygenation marked a turning point in Earth’s history — a reminder of how fragile the ocean’s oxygen balance remains today.",Environment,https://www.sciencedaily.com/releases/2025/08/250827010726.htm
Scientists Found a New Way to Turn Sunlight Into Fuel,"A research team created a plant-inspired molecule that can store four charges using sunlight, a key step toward artificial photosynthesis. Unlike past attempts, it works with dimmer light, edging closer to real-world solar fuel production.",Environment,https://www.sciencedaily.com/releases/2025/08/250826005230.htm
Satellites Confirm 1990s Sea-Level Predictions Were Shockingly Accurate,"Satellite data reveals sea-level rise has unfolded almost exactly as predicted by 1990s climate models, with one key underestimation: melting ice sheets. Researchers stress the importance of refining local projections as seas continue to rise faster than before.",Environment,https://www.sciencedaily.com/releases/2025/09/250906013453.htm
Maui’s Fires Drove a 67% Jump in Deaths. Most Went Uncounted,"Researchers uncovered that the Maui wildfires caused a spike in deaths far higher than reported, with hidden fatalities linked to fire, smoke, and lack of medical access. They warn that prevention rooted in Native Hawaiian ecological knowledge is critical to avoiding another tragedy.",Environment,https://www.sciencedaily.com/releases/2025/08/250825234019.htm
America Is Throwing Away the Minerals That Could Power Its Future,"America already mines all the critical minerals it needs for energy, defense, and technology, but most are being wasted as mine tailings. Researchers discovered that minerals like cobalt, germanium, and rare earths are discarded in massive amounts, even though recovering just a fraction could eliminate U.S. dependence on imports.",Environment,https://www.sciencedaily.com/releases/2025/09/250917221212.htm
Scientists Uncover Wildfire Paradox That’s Putting 440 Million People in Danger,"A massive global study uncovered a striking paradox: even as total burned land has dropped by more than a quarter since 2002, human exposure to wildfires has skyrocketed. Africa accounts for a staggering 85% of these exposures, while California stands out as an extreme hotspot despite its relatively small share of burned land. Climate change is fueling more intense fire weather, population growth is pushing communities into fire-prone landscapes, and the overlap between people and flames is growing more dangerous.",Environment,https://www.sciencedaily.com/releases/2025/08/250831010536.htm
Geologists Got It Wrong: Rivers Didn’t Need Plants to Meander,"Stanford researchers reveal meandering rivers existed long before plants, overturning textbook geology. Their findings suggest carbon-rich floodplains shaped climate for billions of years.",Environment,https://www.sciencedaily.com/releases/2025/08/250831010533.htm
"Antarctica’s Collapse May Already Be Unstoppable, Scientists Warn","Researchers warn Antarctica is undergoing abrupt changes that could trigger global consequences. Melting ice, collapsing ice shelves, and disrupted ocean circulation threaten sea levels, ecosystems, and climate stability. Wildlife such as penguins and krill face growing extinction risks. Scientists stress that only rapid emission reductions can avert irreversible damage.",Environment,https://www.sciencedaily.com/releases/2025/11/251106003941.htm
Ancient Tides May Have Sparked Humanity’s First Urban Civilization,"New research shows that the rise of Sumer was deeply tied to the tidal and sedimentary dynamics of ancient Mesopotamia. Early communities harnessed predictable tides for irrigation, but when deltas cut off the Gulf’s tides, they faced crisis and reinvented their society. This interplay of environment and culture shaped Sumer’s myths, politics, and innovations, marking the dawn of civilization.",Environment,https://www.sciencedaily.com/releases/2025/10/251027023809.htm
Most of Earth’s Species Came from Explosive Bursts of Evolution,"A new study reveals that the majority of Earth’s species stem from a few evolutionary explosions, where new traits or habitats sparked rapid diversification. From flowers to birds, these bursts explain most of the planet’s biodiversity.",Environment,https://www.sciencedaily.com/releases/2025/08/250822073805.htm
Ozone Recovery Could Trigger 40% More Global Warming Than Predicted,"As the ozone layer recovers, it’s also intensifying global warming. Researchers predict that by 2050, ozone will rank just behind carbon dioxide as a driver of heating, offsetting many of the benefits from banning CFCs.",Environment,https://www.sciencedaily.com/releases/2025/08/250821094527.htm
The Surprising Reason Timber Plantations Explode Into Megafires,"Industrial forests, packed with evenly spaced trees, face nearly 50% higher odds of megafires than public lands. A lidar-powered study of California’s Sierra Nevada reveals how dense plantations feed fire severity, but also shows that proactive thinning could prevent forests from collapsing into shrubland ecosystems.",Environment,https://www.sciencedaily.com/releases/2025/08/250821004202.htm
Mysterious Earthquake Reveals Cascadia’s Hidden Dangers,"In 1954, a powerful earthquake shook Northern California near Humboldt Bay, baffling scientists for decades. Most quakes in the region come from the Gorda Plate, but this one didn’t fit the pattern. After digging through old records, modern models, and eyewitness accounts, researchers now believe the quake originated on the Cascadia subduction interface—the same fault capable of producing catastrophic megaquakes.",Environment,https://www.sciencedaily.com/releases/2025/08/250829022837.htm
A Tiny Chip May Have Solved One of Clean Energy’s Biggest Problems,"In just one afternoon, scientists used a nanoparticle “megalibrary” to find a catalyst that matches or exceeds iridium’s performance in hydrogen fuel production, at a fraction of the cost.",Environment,https://www.sciencedaily.com/releases/2025/08/250828060040.htm
Protected Seas Help Kelp Forests Bounce Back from Heatwaves,"Kelp forests bounce back faster from marine heatwaves when shielded inside Marine Protected Areas. UCLA researchers found that fishing restrictions and predator protection strengthen ecosystem resilience, though results vary by location.",Environment,https://www.sciencedaily.com/releases/2025/08/250820000805.htm
This Is Where Tree Planting Has the Biggest Climate Impact,"Planting more trees can help cool the planet and reduce fire risk—but where they are planted matters. According to UC Riverside researchers, tropical regions provide the most powerful climate benefits because trees there grow year-round, absorb more carbon dioxide, and cool the air through processes like evapotranspiration, or “tree sweating.”",Environment,https://www.sciencedaily.com/releases/2025/08/250820000810.htm
Earth’s Safe Zones Are Vanishing Fast,"A sweeping new study reveals that humanity has already pushed 60% of Earth’s land outside its safe biosphere zone, with 38% in a high-risk state. By analyzing centuries of data, researchers mapped how human demands on biomass—from farming to energy production—have destabilized ecosystems worldwide. Europe, Asia, and North America show the deepest disruptions, reflecting centuries of land-use change.",Environment,https://www.sciencedaily.com/releases/2025/09/250906155053.htm
Scientists Reveal How Just Two Human Decisions Rewired the Great Salt Lake Forever,"Scientists found that Great Salt Lake’s chemistry and water balance were stable for thousands of years, until human settlement. Irrigation and farming in the 1800s and a railroad causeway in 1959 created dramatic, lasting changes. The lake now behaves in ways unseen for at least 2,000 years.",Environment,https://www.sciencedaily.com/releases/2025/08/250818102953.htm
The Oxygen You Breathe Depends on a Tiny Ocean Ingredient,"Microscopic ocean algae produce a huge share of Earth’s oxygen—but they need iron to do it. New field research shows that when iron is scarce, phytoplankton waste energy and photosynthesis falters. Climate-driven changes may reduce iron delivery to the oceans, weakening the base of marine food chains. Over time, this could mean fewer krill and fewer whales, seals, and penguins.",Environment,https://www.sciencedaily.com/releases/2026/01/260112001034.htm
A Greenland Glacier Is Cracking Open in Real Time,"A meltwater lake that formed in the mid-1990s on Greenland’s 79°N Glacier has been draining in sudden, dramatic bursts through cracks and vertical ice shafts. These events have accelerated in recent years, creating strange triangular fracture patterns and flooding the glacier’s base with water in just hours. Some drainages even pushed the ice upward from below, like a blister forming under the glacier. Scientists now wonder whether the glacier can ever return to its previous seasonal rhythm.",Environment,https://www.sciencedaily.com/releases/2026/01/260104202818.htm
Scientists Just Found a Hidden Factor Behind Earth’s Methane Surge,"Roughly two-thirds of all atmospheric methane, a potent greenhouse gas, comes from methanogens. Tracking down which methanogens in which environment produce methane with a specific isotope signature is difficult, however. UC Berkeley researchers have for the first time CRISPRed the key enzyme involved in microbial methane production to understand the unique isotopic fingerprints of different environments to better understand Earth&amp;#39;s methane budget.",Environment,https://www.sciencedaily.com/releases/2025/08/250816113528.htm
The Surprising Way Rising CO2 Could Supercharge Space Storms,"Rising CO₂ levels will make the upper atmosphere colder and thinner, altering how geomagnetic storms impact satellites. Future storms could cause sharper density spikes despite lower overall density, increasing drag-related challenges.",Environment,https://www.sciencedaily.com/releases/2025/08/250816113525.htm
Massive Hidden Waves Are Rapidly Melting Greenland’s Glaciers,Researchers in Greenland used a 10-kilometer fiber-optic cable to track how iceberg calving stirs up warm seawater. The resulting surface tsunamis and massive hidden underwater waves intensify melting at the glacier face. This powerful mixing effect accelerates ice loss far more than previously understood. The work highlights how fragile the Greenland ice system has become as temperatures rise.,Environment,https://www.sciencedaily.com/releases/2025/11/251113071623.htm
Mexican Cave Stalagmites Reveal the Deadly Droughts Behind the Maya Collapse,"Chemical evidence from a stalagmite in Mexico has revealed that the Classic Maya civilization’s decline coincided with repeated severe wet-season droughts, including one that lasted 13 years. These prolonged droughts corresponded with halted monument construction and political disruption at key Maya sites, suggesting that climate stress played a major role in the collapse. The findings demonstrate how stalagmites offer unmatched precision for linking environmental change to historical events.",Environment,https://www.sciencedaily.com/releases/2025/08/250814094654.htm
The Ocean’s Fragile Fortresses Are Crumbling Under Climate Pressure,"Mediterranean bryozoans, including the “false coral,” are showing alarming changes in structure and microbiomes under acidification and warming. Field studies at volcanic CO₂ vents reveal that these stressors combined sharply reduce survival, posing risks to marine ecosystems.",Environment,https://www.sciencedaily.com/releases/2025/08/250814094700.htm
Strange Spotted Rock on Mars Could Reveal Signs of Ancient Life,"A curious red Martian rock nicknamed Sapphire Canyon has scientists excited, as its spotted appearance hints at possible organic origins. On Earth, researchers tested a powerful laser technique, O-PTIR, on a similar rock found by chance in Arizona, proving it can rapidly and precisely reveal a material’s chemical makeup. This high-resolution method could play a key role in analyzing Mars samples once they arrive, adding to its growing track record in NASA missions like Europa Clipper.",Environment,https://www.sciencedaily.com/releases/2025/08/250814094626.htm
Scientists Warn Ocean Could Soon Reach Rapa Nui’s Sacred Moai,"Advanced computer modeling suggests that by 2080, waves driven by sea level rise could flood Ahu Tongariki and up to 51 cultural treasures on Rapa Nui. The findings emphasize the urgent need for protective measures to preserve the island’s identity, traditions, and tourism economy.",Environment,https://www.sciencedaily.com/releases/2025/08/250812234532.htm
"Scientists Turn Grapevine Waste Into Clear, Strong Films That Vanish in Days","Amid growing concerns over plastic waste and microplastics, researchers are turning agricultural leftovers into biodegradable packaging. Using cellulose extracted from unlikely sources, including grapevine canes, they have created strong, transparent films that break down in just 17 days without leaving harmful residue.",Environment,https://www.sciencedaily.com/releases/2025/08/250812234523.htm
NASA’s PREFIRE Satellites Reveal a Secret Glow Escaping from Our Planet,"With its two tiny CubeSats, NASA’s PREFIRE mission is capturing invisible heat escaping from Earth, offering clues to how ice, clouds, and storms influence the climate system. The insights could lead to better weather forecasts and a deeper understanding of global change.",Environment,https://www.sciencedaily.com/releases/2025/08/250817055324.htm
A Record-Breaking Antenna Just Deployed in Space. Here’s What It Will See,"NASA and ISRO s NISAR satellite has just reached a major milestone: the successful deployment of its enormous 39-foot antenna reflector in orbit. Folded up like an umbrella during launch, the reflector is now fully extended and ready to support NISAR s groundbreaking radar systems. This record-breaking satellite will monitor everything from shifting ice sheets and glaciers to the subtle movement of land caused by earthquakes, volcanoes, and landslides.",Environment,https://www.sciencedaily.com/releases/2025/08/250817055320.htm
Myanmar’s Massive Quake Hints at Bigger Earthquakes to Come,"The massive 2025 Myanmar earthquake revealed that strike slip faults can behave in surprising ways. Using satellite data, Caltech researchers found the Sagaing Fault ruptured more dramatically than expected, suggesting faults like the San Andreas could unleash even larger quakes than history shows.",Environment,https://www.sciencedaily.com/releases/2025/08/250817055318.htm
Predator Fly Unleashes Chaotic Ant Wars That Could Save Coffee,"In a Puerto Rican coffee farm, researchers uncovered a web of chaotic interactions between three ant species and a predator fly, revealing how shifting dominance patterns make pest management unpredictable. By combining theories of cyclic dominance and predator-mediated coexistence, they showed how ecological forces oscillate and intertwine, creating patterns too complex for simple forecasting. This deep dive into ant behavior underscores both the potential and the challenges of replacing pesticides with ecological methods, as nature’s own “rules” prove to be far from straightforward.",Environment,https://www.sciencedaily.com/releases/2025/08/250814094623.htm
Ancient Predators and Giant Amphibians Found in African Fossil Treasure Trove,"Over 15 years of fossil excavations in Tanzania and Zambia have revealed a vivid portrait of life before Earth s most devastating mass extinction 252 million years ago. Led by the University of Washington and the Field Museum, scientists uncovered saber-toothed predators, burrowing herbivores, and giant amphibians, offering rare insight into southern Pangea s ecosystems just before the Great Dying.",Environment,https://www.sciencedaily.com/releases/2025/08/250813083614.htm
Earth May Have Been Ravaged by “invisible” Explosions from Space,"Cosmic “touchdown airbursts” — explosions of comets or asteroids above Earth’s surface — may be far more common and destructive than previously thought, according to new research. Unlike crater-forming impacts, these events unleash extreme heat and pressure without leaving obvious scars, making them harder to detect.",Environment,https://www.sciencedaily.com/releases/2025/12/251218060602.htm
These Bald Eagles Fly the Wrong Way Every Year and Stun Scientists,"Scientists tracking young Arizona Bald Eagles found that many migrate north during summer and fall, bucking the traditional southbound pattern of most birds. Their routes rely heavily on historic stopover lakes and rivers, and often extend deep into Canada. As the eagles mature, their flights become more precise, but they also encounter significant dangers like electrocution and poisoning. These discoveries point to the need for targeted conservation of critical travel corridors.",Environment,https://www.sciencedaily.com/releases/2025/12/251210092029.htm
3.3 Billion-Year-Old Crystals Reveal a Shockingly Active Early Earth,Fresh evidence suggests early Earth wasn’t locked under a rigid stagnant lid but was already experiencing intense subduction. Ancient melt inclusions and advanced simulations point to continents forming far earlier than expected. The findings overturn long-held assumptions about the planet’s infancy and reveal a surprisingly active Hadean world.,Environment,https://www.sciencedaily.com/releases/2025/12/251204024245.htm
Scientists Finally Crack the Mystery of Rogue Waves,"Once thought to be sailors’ myths, rogue waves gained credibility after a towering 80-foot wall of water struck the Draupner oil platform in 1995. New research shows that these extreme waves don’t need mysterious forces to form—they emerge when ordinary ocean behaviors like wave alignment and nonlinear stretching converge at the wrong moment.",Environment,https://www.sciencedaily.com/releases/2025/09/250907172647.htm
Scientists Just Measured How Fast Glaciers Carve the Earth,"Scientists used machine learning to reveal how glaciers erode the land at varying speeds, shaped by climate, geology, and heat. The findings help guide global planning from environmental management to nuclear waste storage.",Environment,https://www.sciencedaily.com/releases/2025/08/250809100914.htm
Scientists Shocked by Reversed Electric Field Around Earth,"Earth’s magnetosphere, once thought to have a simple electric polarity pattern, has revealed a surprising twist. New satellite data and advanced simulations show that the morning side of the magnetosphere carries a negative charge, not positive as long believed. Researchers from Kyoto, Nagoya, and Kyushu Universities found that while the polar regions retain the expected polarity, the equatorial areas flip it entirely.",Environment,https://www.sciencedaily.com/releases/2025/10/251030075141.htm
Could This New Earthquake System Give Alaska 50 Seconds to Prepare?,"A new study reveals that an earthquake early warning system, similar to the USGS ShakeAlert used in California, Oregon, and Washington, could give Alaskan communities precious seconds to prepare before strong shaking hits. Modeling shows that towns like Sand Point, King Cove, and Chignik might receive between 10 and 50 seconds of warning during major quakes, while a simulated magnitude 8.3 event could provide up to half a minute in some areas.",Environment,https://www.sciencedaily.com/releases/2025/08/250807233054.htm
Scientists Reveal Alaska Could Get Up to Two Minutes’ Warning Before the Next Big Quake,"A new study suggests Alaska could get 10–120 seconds of warning before major quakes, with more seismic stations adding up to 15 extra seconds. Researchers emphasize challenges like harsh winters, remote sites, and alert transmission delays, but say the benefits could be lifesaving.",Environment,https://www.sciencedaily.com/releases/2025/08/250807233053.htm
This Prehistoric Predator Survived Global Warming by Eating Bones,"A prehistoric predator changed its diet and body size during a major warming event 56 million years ago, revealing how climate change can reshape animal behavior, food chains, and survival strategies.",Environment,https://www.sciencedaily.com/releases/2025/08/250806094118.htm
The Hidden Climate Battle Between Forests and the Ocean,"Between 2003 and 2021, Earth saw a net boost in photosynthesis, mainly thanks to land plants thriving in warming, wetter conditions—especially in temperate and high-latitude regions. Meanwhile, ocean algae struggled in increasingly stratified and nutrient-poor tropical waters. Scientists tracked this global energy shift using satellite data, revealing that land ecosystems not only added more biomass but also helped stabilize climate by capturing more carbon.",Environment,https://www.sciencedaily.com/releases/2025/08/250802022926.htm
The Race to Save Our Oceans Could Sink Us Without Rules,"From acid-taming ocean tech to coral breeding and seaweed farming, ocean-based climate interventions are ramping up fast. But a new international study warns we’re moving too quickly—and without solid governance, these quick fixes could cause more harm than healing.",Environment,https://www.sciencedaily.com/releases/2025/08/250802022929.htm
515-Mile Lightning Flash Caught from Space,"A jaw-dropping 515-mile lightning bolt lit up the skies from Texas to Kansas City, smashing previous records and reshaping our understanding of extreme weather. Thanks to advanced satellite tech, scientists like Randy Cerveny and Michael Peterson are uncovering the mechanics of &quot;megaflash&quot; lightning—rare, colossal discharges that span hundreds of miles across the sky. These massive bolts, emerging from long-lived, sprawling thunderstorms, pose real danger even when skies seem clear.",Environment,https://www.sciencedaily.com/releases/2025/08/250801021013.htm
New Simulation Reveals How Earth’s Magnetic Field First Sparked to Life,"Geophysicists have modeled how Earth’s magnetic field could form even when its core was fully liquid. By removing the effects of viscosity in their simulation, they revealed a self-sustaining dynamo that mirrors today’s mechanism. The results illuminate Earth’s early history, life’s origins, and the magnetism of other planets. Plus, it could help forecast future changes to our planet’s protective shield.",Environment,https://www.sciencedaily.com/releases/2025/10/251011105527.htm
Giant Hidden Heat Blob Slowly Travels Beneath the U.S.,"An immense pocket of hot rock deep beneath the Appalachians may be a wandering relic of the breakup between Greenland and North America 80 million years ago. Researchers suggest this slow-moving “mantle wave” drifted over 1,800 km to reach its current position, gradually reshaping the continent from below and even helping prop up the Appalachian Mountains long after tectonic activity at the surface ceased.",Environment,https://www.sciencedaily.com/releases/2025/11/251125081916.htm
18th-Century Mechanical Volcano Roars to Life 250 Years Later,"A centuries-old vision of a mechanical volcano has finally erupted into reality, as two University of Melbourne engineering students recreated a design first imagined in 1775 by volcanology enthusiast Sir William Hamilton. Drawing from an 18th-century watercolor and a preserved sketch, they used modern tools like LED lighting and electronic systems to simulate the glowing flows and explosive drama of Mount Vesuvius.",Environment,https://www.sciencedaily.com/releases/2026/05/260502015359.htm
Ancient Bird Droppings Reveal a Hidden Extinction Crisis,"An intriguing new study reveals that over 80% of parasites found in the ancient poo of New Zealand’s endangered kākāpō have vanished, even though the bird itself is still hanging on. Researchers discovered this dramatic parasite decline by analyzing droppings dating back 1,500 years, uncovering an unexpected wave of coextinctions that occurred long before recent conservation efforts began. These hidden losses suggest that as we fight to save charismatic species, we may be silently erasing whole communities of organisms that play crucial, yet misunderstood, ecological roles.",Environment,https://www.sciencedaily.com/releases/2025/08/250803233059.htm
"Scientists Unveil Bioplastic That Degrades at Room Temperature, and Outperforms Petroplastics","Plastic pollution is a mounting global issue, but scientists at Washington University in St. Louis have taken a bold step forward by creating a new bioplastic inspired by the structure of leaves. Their innovation, LEAFF, enhances strength, functionality, and biodegradability by utilizing cellulose nanofibers, outperforming even traditional plastics. It degrades at room temperature, can be printed on, and resists air and water, offering a game-changing solution for sustainable packaging.",Environment,https://www.sciencedaily.com/releases/2025/08/250803011823.htm
Scientists Finally Solve the Mystery of What Triggers Lightning,"A Penn State-led research team has unraveled the long-standing mystery of how lightning begins inside thunderclouds. Their findings offer the first quantitative, physics-based explanation for lightning initiation—and a glimpse into the stormy heart of Earth’s atmosphere.",Environment,https://www.sciencedaily.com/releases/2025/08/250801021015.htm
Digital Twins Are Reinventing Clean Energy — but There’s a Catch,"Researchers are exploring AI-powered digital twins as a game-changing tool to accelerate the clean energy transition. These digital models simulate and optimize real-world energy systems like wind, solar, geothermal, hydro, and biomass. But while they hold immense promise for improving efficiency and sustainability, the technology is still riddled with challenges—from environmental variability and degraded equipment modeling to data scarcity and complex biological processes.",Environment,https://www.sciencedaily.com/releases/2025/07/250729001217.htm
New Discovery Upends an 80-Year-Old Theory of Turbulence,"Researchers discovered a way to reverse the direction of energy flow in turbulence, challenging a theory that has stood for more than 80 years. The finding could open new possibilities for controlling ocean currents, improving medical technologies, and enhancing climate forecasting.",Environment,https://www.sciencedaily.com/releases/2026/06/260602021655.htm
The Real-Life Kryptonite Found in Serbia—and Why It Could Power the Future,"Deep in Serbia&apos;s Jadar Valley, scientists discovered a mineral with an uncanny resemblance to Superman&apos;s Kryptonite both in composition and name. Dubbed jadarite, this dull white crystal lacks the glowing green menace of its comic book counterpart but packs a punch in the real world. Rich in lithium and boron, jadarite could help supercharge the global transition to green energy.",Environment,https://www.sciencedaily.com/releases/2025/07/250727235859.htm
Deep-Sea Fish Just Changed What We Know About Earth’s Carbon Cycle,"Mesopelagic fish, long overlooked in ocean chemistry, are now proven to excrete carbonate minerals much like their shallow-water counterparts—despite living in dark, high-pressure depths. Using the deep-dwelling blackbelly rosefish, researchers have demonstrated that carbonate production is consistent across ocean layers, bolstering global carbon cycle models. These findings reveal that these abundant fish play a hidden but crucial role in regulating Earth’s ocean chemistry and could reshape how we understand deep-sea contributions to climate processes.",Environment,https://www.sciencedaily.com/releases/2025/07/250726234426.htm
Satellites Just Revealed a Hidden Global Water Crisis—and It’s Worse Than Melting Ice,"For over two decades, satellites have quietly documented a major crisis unfolding beneath our feet: Earth&apos;s continents are drying out at unprecedented rates. Fueled by climate change, groundwater overuse, and extreme drought, this trend has carved out four massive &quot;mega-drying&quot; regions across the northern hemisphere, threatening freshwater supplies for billions. Groundwater loss alone now contributes more to sea level rise than melting ice sheets, and unless urgent global water policies are enacted, we could face a catastrophic freshwater bankruptcy.",Environment,https://www.sciencedaily.com/releases/2025/07/250726234415.htm
Is the Air You Breathe Silently Fueling Dementia? A 29-Million-Person Study Says Yes,"Air pollution isn&apos;t just bad for your lungs—it may be eroding your brain. In a sweeping review covering nearly 30 million people, researchers found that common pollutants like PM2.5, nitrogen dioxide, and soot are all linked to a significantly higher risk of dementia. The most dangerous? PM2.5—tiny particles from traffic and industry that can lodge deep in your lungs and reach your brain.",Environment,https://www.sciencedaily.com/releases/2025/07/250726234404.htm
The Oceans Are Overheating—and Scientists Say a Climate Tipping Point May Be Here,"In 2023, the world’s oceans experienced the most intense and widespread marine heatwaves ever recorded, with some events persisting for over 500 days and covering nearly the entire globe. These searing ocean temperatures are causing mass coral bleaching and threatening fisheries, while also signaling deeper, system-wide climate changes.",Environment,https://www.sciencedaily.com/releases/2025/07/250724232417.htm
DNA from the Deep Reveals a Hidden Ocean “superhighway”,"Deep beneath the ocean&apos;s surface, a groundbreaking DNA study reveals that the deep sea is far more globally connected than once thought. By analyzing thousands of brittle stars preserved in museum collections, scientists discovered these ancient creatures have silently migrated across the planet&apos;s seafloor for millions of years, forming a vast evolutionary network from Iceland to Tasmania.",Environment,https://www.sciencedaily.com/releases/2025/08/250806094119.htm
Scientists Modeled Nuclear Winter—the Global Food Collapse Was Worse Than Expected,"What would happen if a nuclear war triggered a climate-altering catastrophe? Researchers have modeled how such a scenario could devastate global corn crops cutting production by as much as 87% due to blocked sunlight and increased UV-B radiation. Using advanced climate-agriculture simulations, they propose a survival strategy: emergency resilience kits containing fast-growing, cold-tolerant seeds that could keep food systems afloat not just after nuclear war, but also after volcanic eruptions or other mega-disasters.",Environment,https://www.sciencedaily.com/releases/2025/07/250724232419.htm
The Fungus That Makes Bread Better for You,"Scientists have discovered that pairing bread wheat with a special soil fungus can significantly enhance its nutritional value. This partnership leads to bigger grains rich in zinc and phosphorus—without increasing anti-nutrients that block absorption. As a result, the wheat becomes a healthier option for human diets. Researchers believe this fungal strategy could offer a natural, sustainable way to fortify global crops with essential nutrients.",Environment,https://www.sciencedaily.com/releases/2025/07/250723045655.htm
Scientists Stunned by Colossal Formations Hidden Under the North Sea,"Beneath the North Sea, scientists have uncovered colossal sand formations, dubbed “sinkites,” that have mysteriously sunk into lighter sediments, flipping the usual geological order. Formed millions of years ago by ancient earthquakes or pressure shifts, these giant structures could reshape how we locate oil, gas, and safe carbon storage sites. The discovery not only challenges established geology but also introduces a new partner phenomenon, “floatites,” and sparks debate among experts.",Environment,https://www.sciencedaily.com/releases/2025/08/250813083646.htm
This Plastic Disappears in the Deep Sea—and Microbes Make It Happen,"A new eco-friendly plastic called LAHB has shown it can biodegrade even in the extreme environment of the deep ocean, unlike conventional plastics that persist for decades. In real-world underwater testing nearly a kilometer below the surface, LAHB lost more than 80% of its mass after 13 months, while traditional PLA plastic remained completely intact. The secret? Colonies of deep-sea microbes actively broke down the material using specialized enzymes, converting it into harmless byproducts like CO and water.",Environment,https://www.sciencedaily.com/releases/2025/07/250724232418.htm
Watch the Earth Split in Real Time: Stunning Footage Captures a 2.5-Meter Fault Slip in Seconds,"A massive 7.7 magnitude earthquake struck Myanmar in March 2025, but what makes this event extraordinary is what happened next. For the first time, a nearby CCTV camera captured the fault rupture in real time, giving scientists a rare, direct look at how the Earth moves during a major quake. Researchers discovered that the ground shifted 2.5 meters in just 1.3 seconds, confirming a rapid, pulse-like rupture and revealing that the fault path was slightly curved.",Environment,https://www.sciencedaily.com/releases/2026/03/260327211149.htm
Scientists Just Uncovered Three Ancient Worlds Frozen Beneath Illinois for 300 Million Years,"Over 300 million years ago, Illinois teemed with life in tropical swamps and seas, now preserved at the famous Mazon Creek fossil site. Researchers from the University of Missouri and geologist Gordon Baird have reexamined a vast fossil collection, uncovering three distinct ancient environments—freshwater, transitional marine, and offshore—each with unique animal life. Their findings, enhanced by advanced imaging and data analysis, reveal how sea-level changes, sediment conditions, and microbial activity shaped fossil formation.",Environment,https://www.sciencedaily.com/releases/2025/08/250809100919.htm
332 Colossal Canyons Just Revealed Beneath Antarctica’s Ice,"Deep beneath the Antarctic seas lies a hidden network of 332 colossal submarine canyons, some plunging over 4,000 meters, revealed in unprecedented detail by new high-resolution mapping. These underwater valleys, shaped by glacial forces and powerful sediment flows, play a vital role in transporting nutrients, driving ocean currents, and influencing global climate. Striking differences between East and West Antarctica’s canyon systems offer clues to the continent’s ancient ice history, while also exposing vulnerabilities as warm waters carve away at protective ice shelves.",Environment,https://www.sciencedaily.com/releases/2025/08/250809100910.htm
Concrete That Lasts Centuries and Captures Carbon? AI Just Made It Possible,"Imagine concrete that not only survives wildfires and extreme weather, but heals itself and absorbs carbon from the air. Scientists at USC have created an AI model called Allegro-FM that simulates billions of atoms at once, helping design futuristic materials like carbon-neutral concrete. This tech could transform cities by reducing emissions, extending building lifespans, and mimicking the ancient durability of Roman concrete—all thanks to a massive leap in AI-driven atomic modeling.",Environment,https://www.sciencedaily.com/releases/2025/07/250723045707.htm
Snowless Winter? Arctic Field Team Finds Flowers and Meltwater Instead,"Scientists in Svalbard were shocked to find rain and greenery instead of snow during Arctic winter fieldwork. The event highlights not just warming—but a full seasonal shift with major consequences for ecosystems, climate feedback, and research feasibility.",Environment,https://www.sciencedaily.com/releases/2025/07/250722035658.htm
Watch the Earth Split in Real Time: Stunning Footage Reveals a 2.5-Meter Fault Slip in Seconds,"A colossal 7.7 magnitude earthquake rocked central Myanmar in March 2025, marking the strongest quake in over a century. What makes this event groundbreaking isn&apos;t just the seismic power, it&apos;s the unprecedented footage captured by a CCTV camera near the fault line. Researchers at Kyoto University used this rare video to measure the fault&apos;s movement in stunning detail, confirming a rapid, pulse-like rupture and a subtle curve in the slip path. This real-time visual data opens a new frontier in earthquake science, potentially transforming how we understand and predict seismic behavior.",Environment,https://www.sciencedaily.com/releases/2025/07/250722035653.htm
This Oat Discovery Could Change Your Breakfast—and the Future of Plant-Based Food,"Scientists in Australia have uncovered the biological triggers behind oil production in oats, a discovery that could revolutionize how oats are processed and marketed. By using advanced imaging and molecular techniques, researchers identified key enzymes that drive oil synthesis in oat grains. This opens the door to developing low-oil oat varieties that are easier to mill and better suited for high-demand markets like plant-based foods and oat flour.",Environment,https://www.sciencedaily.com/releases/2025/07/250722035552.htm
Scientists Stunned by Salt Giants Forming Beneath the Dead Sea,"The Dead Sea isn’t just the saltiest body of water on Earth—it’s a living laboratory for the formation of giant underground salt deposits. Researchers are unraveling how evaporation, temperature shifts, and unusual mixing patterns lead to phenomena like “salt snow,” which falls in summer as well as winter. These processes mirror what happened millions of years ago in the Mediterranean, leaving behind thick salt layers still buried today.",Environment,https://www.sciencedaily.com/releases/2025/09/250916221828.htm
"The Earth Didn’t Just Crack, It Curved. ""It Sent Chills Down My Spine!""","A surprising discovery emerged from a security camera video taken during Myanmar’s recent magnitude 7.7 earthquake. While the footage initially drew attention for showing the dramatic fault movement, scientists soon realized it revealed something never captured before: curved fault slip.",Environment,https://www.sciencedaily.com/releases/2025/08/250806094127.htm
"AI Uncovers 86,000 Hidden Earthquakes Beneath Yellowstone’s Surface","Beneath Yellowstone’s stunning surface lies a hyperactive seismic world, now better understood thanks to machine learning. Researchers have uncovered over 86,000 earthquakes—10 times more than previously known—revealing chaotic swarms moving along rough, young fault lines. With these new insights, we’re getting closer to decoding Earth’s volcanic heartbeat and improving how we predict and manage volcanic and geothermal hazards.",Environment,https://www.sciencedaily.com/releases/2025/07/250720034027.htm
"The Heatwave That Shattered Ecosystems, Starved Whales, and Drove Fish North","A scorching marine heatwave from 2014 to 2016 devastated the Pacific coast, shaking ecosystems from plankton to whales and triggering mass die-offs, migrations, and fishery collapses. Researchers synthesized findings from over 300 studies, revealing the far-reaching impacts of rising ocean temperatures. Kelp forests withered, species shifted north, and iconic marine animals perished—offering a chilling preview of the future oceans under climate change. This sweeping event calls for urgent action in marine conservation and climate mitigation.",Environment,https://www.sciencedaily.com/releases/2025/07/250720034018.htm
This Genetic Breakthrough Could Help Thousands of Species Cheat Extinction,"Gene editing may hold the key to rescuing endangered species—not just by preserving them, but by restoring their lost genetic diversity using DNA from museum specimens and related species. Scientists propose a visionary framework that merges biotechnology with traditional conservation, aiming to give struggling populations like Mauritius’ pink pigeon a fighting chance against extinction. From agriculture to de-extinction, these tools are already transforming biology—and now, they could transform the future of biodiversity itself.",Environment,https://www.sciencedaily.com/releases/2025/07/250720034017.htm
"Drones Reveal 41,000-Turtle Nesting Mega-Site Hidden in the Amazon","A team at the University of Florida used drones and smart modeling to accurately count over 41,000 endangered turtles nesting along the Amazon’s Guaporé River—revealing the world’s largest known turtle nesting site. Their innovative technique, combining aerial imagery with statistical correction for turtle movement, exposes major flaws in traditional counting methods and opens doors to more precise wildlife monitoring worldwide.",Environment,https://www.sciencedaily.com/releases/2025/07/250729231241.htm
"18x More Floods, 105% Bigger Storms — All from a Single Clear-Cut","Clear-cutting forests doesn’t just raise flood risk — it can supercharge it. UBC researchers found that in certain watersheds, floods became up to 18 times more frequent and over twice as severe after clear-cutting, with these effects lasting more than four decades. The surprise? Terrain details like which direction a slope faces played a huge role in flood behavior. Conventional models miss these dynamics, which could mean we&apos;ve been underestimating the danger for decades — especially as climate change accelerates extreme weather.",Environment,https://www.sciencedaily.com/releases/2025/07/250718031220.htm
These Dogs Are Trained to Sniff out an Invasive Insect—and They're Shockingly Good at It,"Dogs trained by everyday pet owners are proving to be surprisingly powerful allies in the fight against the invasive spotted lanternfly. In a groundbreaking study, citizen scientists taught their dogs to sniff out the pests’ hard-to-spot egg masses with impressive accuracy. The initiative not only taps into the huge community of recreational scent-detection dog enthusiasts, but also opens a promising new front in protecting agriculture. And it doesn’t stop there—these canine teams are now sniffing out vineyard diseases too, hinting at a whole new future of four-legged fieldwork.",Environment,https://www.sciencedaily.com/releases/2025/07/250717013901.htm
Scientists Just Found a Massive Earthquake Threat Hiding Beneath Yukon,"A long-forgotten fault in Canada&apos;s Yukon Territory has just revealed its dangerous potential. Scientists using cutting-edge satellite and drone data discovered that the Tintina fault, previously considered dormant, has produced multiple major earthquakes in the recent geological past and could do so again. These hidden fault lines, now identified near Dawson City, may be capable of triggering devastating quakes over magnitude 7.5, posing a serious threat to communities, infrastructure, and the unstable landslides in the region.",Environment,https://www.sciencedaily.com/releases/2025/08/250805041625.htm
"Frozen for 12,000 Years, This Alpine Ice Core Captures the Rise of Civilization","An ancient glacier high in the French Alps has revealed the oldest known ice in Western Europe—dating back over 12,000 years to the last Ice Age. This frozen archive, meticulously analyzed by scientists, captures a complete chemical and atmospheric record spanning humanity’s transition from hunter-gatherers to modern industry. The core contains stories of erupting volcanoes, changing forests, Saharan dust storms, and even economic impacts across history. It offers a rare glimpse into both natural climate transitions and human influence on the atmosphere, holding vital clues for understanding past and future climate change.",Environment,https://www.sciencedaily.com/releases/2025/07/250716000858.htm
They Fled the Flames—now Jaguars Rule a Wetland Refuge,"After devastating wildfires scorched the Brazilian Pantanal, an unexpected phenomenon unfolded—more jaguars began arriving at a remote wetland already known for having the densest jaguar population on Earth. Scientists discovered that not only did the local jaguars survive, but their numbers swelled as migrants sought refuge. This unique ecosystem, where jaguars feast mainly on fish and caimans and tolerate each other’s presence unusually well, proved remarkably resilient. Researchers found that this floodplain may serve as a natural climate sanctuary, highlighting its crucial role in a changing world.",Environment,https://www.sciencedaily.com/releases/2025/07/250716000849.htm
Corals in Crisis: A Hidden Chemical Shift Is Reshaping Hawaiian Reefs,"Hawaiian coral reefs may face unprecedented ocean acidification within 30 years, driven by carbon emissions. A new study by University of Hawai‘i researchers shows that even under conservative climate scenarios, nearshore waters will change more drastically than reefs have experienced in thousands of years. Some coral species may adapt, offering a glimmer of hope, but others may face critical stress.",Environment,https://www.sciencedaily.com/releases/2025/07/250716000851.htm
"25 Years, 1 Coastline Report Card: The Shocking Wins and Misses","Twenty-five years after first warning that oil spills would wane while invasive species and climate impacts would surge, an international team revisits its coastal forecasts and finds many bull&apos;s-eyes, alongside surprising misses. Plastic pollution, ocean acidification, and sensory pollution have risen faster than imagined, even as strong treaties curbed chemicals like TBT. The scientists argue that shorelines remain “sentinels” for the global ocean and urge a blend of local action and sweeping accords such as a Global Plastics Treaty to keep future surprises in check.",Environment,https://www.sciencedaily.com/releases/2025/07/250715043405.htm
Egg-Eating Worms Could Be the Secret to Saving Chesapeake Bay’s Blue Crabs,"Egg-eating worms living on Chesapeake Bay blue crabs may hold the key to smarter fishery management. Once thought to be a threat, these parasites actually serve as natural biomarkers that reveal when and how often female crabs reproduce. Researchers found the worms are surprisingly resilient to varying salinity levels, meaning they can track crab spawning across the Bay.",Environment,https://www.sciencedaily.com/releases/2025/09/250918225022.htm
What Radar Found Beneath Antarctica Could Slow Ice Melt and Rising Seas,"Ancient river landscapes buried beneath the East Antarctic Ice Sheet have been uncovered by radar, revealing vast, flat surfaces formed over 80 million years ago before Antarctica froze. These hidden features, stretching across 3,500 kilometers, are now acting as natural brakes on glacier flow, potentially moderating current ice loss. Their discovery adds a new piece to the puzzle of Earth&apos;s climate history and could help scientists better forecast how this enormous ice sheet will behave as the planet warms.",Environment,https://www.sciencedaily.com/releases/2025/07/250721223835.htm
Why America’s Still Freezing — Even as the World Heats Up,"Even in a warming climate, brutal cold snaps still hammer parts of the U.S., and a new study uncovers why. High above the Arctic, two distinct polar vortex patterns — both distorted and displaced — play a major role in steering icy air toward different regions. One sends it plunging into the Northwest, while the other aims it at the Central and Eastern U.S. Since 2015, the westward version has been more common, bringing intensified cold to the Northwest in defiance of global warming trends. This stratospheric detective work offers fresh insight into extreme winter weather — and could supercharge long-range forecasts.",Environment,https://www.sciencedaily.com/releases/2025/07/250711224318.htm
Glowing Sugars Show How Microbes Eat the Ocean's Carbon,"Researchers have developed a light-emitting sugar probe that exposes how marine microbes break down complex carbohydrates. The innovative fluorescent tool allows scientists to visualize when and where sugars are degraded in the ocean. This breakthrough helps map microbial activity and carbon cycling, providing new clues about how the ocean stores and releases carbon.",Environment,https://www.sciencedaily.com/releases/2025/10/251019120511.htm
Scientists Solved the Mystery of Missing Ocean Plastic—and the Answer Is Alarming,"Scientists have discovered that the ocean’s “missing” plastic hasn’t vanished—it has broken down into trillions of invisible nanoplastics now spread through water, air, and living organisms. These tiny particles may be everywhere, including inside our bodies, raising serious concerns about their impact.",Environment,https://www.sciencedaily.com/releases/2026/03/260329041649.htm
Scientists Just Solved the Mystery of the Missing Ocean Plastic—now We’re All in Trouble,"Millions of tons of plastic in the ocean aren&apos;t floating in plain sight—they&apos;re invisible. Scientists have now confirmed that the most abundant form of plastic in the Atlantic is in the form of nanoplastics, smaller than a micrometer. These particles are everywhere: in rain, rivers, and even the air. They may already be infiltrating entire ecosystems, including the human brain, and researchers say prevention—not cleanup—is our only hope.",Environment,https://www.sciencedaily.com/releases/2025/07/250721223827.htm
Lasers Capture the Invisible Dance of Wind and Waves,"A laser-equipped research platform has, for the first time, photographed airflow just millimeters above ocean waves, revealing two simultaneous wind–wave energy-transfer tricks—slow short waves steal power from the breeze, while long giants sculpt the air in reverse. These crisp observations promise to overhaul climate and weather models by clarifying how heat, momentum, and greenhouse gases slip between sea and sky.",Environment,https://www.sciencedaily.com/releases/2025/07/250709091656.htm
Scientists Stunned as Strange Islands and Hidden Springs Appear in the Great Salt Lake,"As the Great Salt Lake shrinks, scientists are uncovering mysterious groundwater-fed oases hidden beneath its drying lakebed. Reed-covered mounds and strange surface disturbances hint at a vast underground plumbing system that pushes fresh water up under pressure. Using advanced tools like airborne electromagnetic surveys and piezometers, researchers are mapping the hidden freshwater reserves and testing whether they could help restore fragile lakebed crusts, reduce dust pollution, and reveal long-buried secrets of the region’s hydrology.",Environment,https://www.sciencedaily.com/releases/2025/08/250831010526.htm
These “plastivore” Caterpillars Can Devour a Plastic Bag in Just 24 Hours,"Scientists have discovered that waxworm caterpillars can break down polyethylene plastic, one of the most common and persistent pollutants on Earth. These “plastivores” metabolize plastic into body fat within days, offering a striking potential solution to the global waste crisis. But there’s a twist: on a plastic-only diet, the caterpillars weaken and die quickly.",Environment,https://www.sciencedaily.com/releases/2025/08/250827010736.htm
"Bigger Crops, Fewer Nutrients: The Hidden Cost of Climate Change","Climate change is silently sapping the nutrients from our food. A pioneering study finds that rising CO2 and higher temperatures are not only reshaping how crops grow but are also degrading their nutritional value especially in vital leafy greens like kale and spinach. This shift could spell trouble for global health, particularly in communities already facing nutritional stress. Researchers warn that while crops may grow faster, they may also become less nourishing, with fewer minerals, proteins, and antioxidants raising concerns about obesity, weakened immunity, and chronic diseases.",Environment,https://www.sciencedaily.com/releases/2025/07/250709091658.htm
No Training Needed: How Humans Instinctively Read Nature’s Signals,"People can intuitively sense how biodiverse a forest is just by looking at photos or listening to sounds, and their gut feelings surprisingly line up with what scientists measure.",Environment,https://www.sciencedaily.com/releases/2025/07/250709091655.htm
What Happens When Bees Can’t Buzz Right? Nature Starts Falling Apart,"High heat and heavy metals dampen a bumblebee’s trademark buzz, threatening pollen release and colony chatter. Tiny sensors captured up-to-400-hertz tremors that falter under environmental stress, raising alarms for ecosystems and sparking ideas for pollination robots.",Environment,https://www.sciencedaily.com/releases/2025/07/250708045645.htm
Scientists Turn Sunflower Oil Waste Into a Powerful Bread Upgrade,"Researchers have found a surprising way to turn sunflower oil waste into a powerful bread upgrade. By replacing part of wheat flour with partially defatted sunflower seed flour, breads became dramatically richer in protein, fiber, and antioxidants—while also offering potential benefits for blood sugar and fat digestion.",Environment,https://www.sciencedaily.com/releases/2026/02/260208011015.htm
Melting Glaciers Are Awakening Earth's Most Dangerous Volcanoes,"As glaciers melt around the world, long-dormant volcanoes may be waking up beneath the ice. New research reveals that massive ice sheets have suppressed eruptions for thousands of years, building up underground pressure. But as that icy weight disappears, it may trigger a wave of explosive eruptions—especially in places like Antarctica. This unexpected volcanic threat not only poses regional risks but could also accelerate climate change in a dangerous feedback loop. The Earth’s hidden fire may be closer to the surface than we thought.",Environment,https://www.sciencedaily.com/releases/2025/07/250708045654.htm
Where Wild Buffalo Roam Free — and Collide With City Life in Hong Kong,"Feral water buffalo now roam Hong Kong s South Lantau marshes, and a 657-person survey shows they ignite nostalgia, wonder, and worry in equal measure. Many residents embrace them as living links to a fading rural past and potential conservation icons, yet others fear road blockages, safety hazards, and ecosystem impacts. Attitudes skew more positive among younger locals familiar with wildlife, while concern rises in groups with less rural exposure.",Environment,https://www.sciencedaily.com/releases/2025/07/250707073351.htm
Honey Bees Remove 80% of Pollen—leaving Native Bees With Nothing,"Feral honey bees, once celebrated for their agricultural value, are now threatening native ecosystems in Southern California by monopolizing pollen sources and overwhelming native pollinators. A new study reveals they remove up to 80% of pollen in a single day, severely disrupting food sources for over 700 species of native bees. Despite their benefits to agriculture, these invasive bees dominate nearly all bee biomass in the region and even produce lower-quality offspring when pollinating native plants. The findings urge conservationists to rethink beekeeping practices, especially near threatened bee populations and natural preserves.",Environment,https://www.sciencedaily.com/releases/2025/07/250707073349.htm
From Air to Stone: The Fig Trees Fighting Climate Change,"Kenyan fig trees can literally turn parts of themselves to stone, using microbes to convert internal crystals into limestone-like deposits that lock away carbon, sweeten surrounding soils, and still yield fruit—hinting at a delicious new weapon in the climate-change arsenal.",Environment,https://www.sciencedaily.com/releases/2025/07/250706225819.htm
Scientists Thought the Arctic Was Sealed in Ice — They Were Wrong,"For decades, scientists believed the Arctic Ocean was sealed under a massive slab of ice during the coldest ice ages — but new research proves otherwise. Sediment samples from the seafloor, paired with cutting-edge climate simulations, show that the Arctic actually remained partially open, with seasonal sea ice allowing life to survive in the harshest climates. Traces of ancient algae, thriving only when light and water mix, reveal that the region was never a frozen tomb. This discovery not only reshapes our understanding of Earth’s past but offers vital clues about how the Arctic — and our planet — may respond to climate extremes ahead.",Environment,https://www.sciencedaily.com/releases/2025/07/250704235554.htm
Antarctica’s Slow Collapse Caught on Camera—and It’s Accelerating,"Long-lost 1960s aerial photos let Copenhagen researchers watch Antarctica’s Wordie Ice Shelf crumble in slow motion. By fusing film with satellites, they discovered warm ocean water, not surface ponds, drives the destruction, and mapped “pinning points” that reveal how far a collapse has progressed. The work shows these break-ups unfold more gradually than feared, yet once the ice “brake” fails, land-based glaciers surge, setting up meters of future sea-level rise that will strike northern coasts.",Environment,https://www.sciencedaily.com/releases/2025/07/250706230305.htm
Multisensory VR Forest Reboots Your Brain and Lifts Mood—study Confirms,"Immersing stressed volunteers in a 360° virtual Douglas-fir forest complete with sights, sounds and scents boosted their mood, sharpened short-term memory and deepened their feeling of nature-connectedness—especially when all three senses were engaged. Researchers suggest such multisensory VR “forest baths” could brighten clinics, waiting rooms and dense city spaces, offering a potent mental refresh where real greenery is scarce.",Environment,https://www.sciencedaily.com/releases/2025/07/250705084325.htm
Climate Is Changing Fast—and Forests Are 200 Years Behind,"Forests aren’t keeping up with today’s climate chaos. While temperatures soar within decades, tree populations take 100 to 200 years to shift in response. A sweeping new analysis of ancient pollen and modern data reveals this dramatic lag—and its consequences. As ecosystems fall out of sync with their environments, scientists warn that without help, many forests could wither or collapse.",Environment,https://www.sciencedaily.com/releases/2025/07/250704032919.htm
Avocado Alert! DNA Reveals How Native Plants Keep Brunch on the Menu,"Preserving strips of native vegetation beside avocado orchards gives insects a buffet of wild pollen when blossoms are scarce, doubling their plant menu and boosting their resilience. Using cutting-edge eDNA metabarcoding, Curtin scientists revealed how this botanical diversity underpins pollination, a service vital to 75% of crops and our brunch-worthy avocados. Their findings urge farmers to weave natural habitat back into farmland to secure food supplies for a swelling global population.",Environment,https://www.sciencedaily.com/releases/2025/07/250704032913.htm
"When Rainforests Died, the Planet Caught Fire: New Clues from Earth’s Greatest Extinction","When Siberian volcanoes kicked off the Great Dying, the real climate villain turned out to be the rainforests themselves: once they collapsed, Earth’s biggest carbon sponge vanished, CO₂ rocketed, and a five-million-year heatwave followed. Fossils from China and clever climate models now link that botanical wipe-out to runaway warming, hinting that losing today’s tropical forests could lock us in a furnace we can’t easily cool.",Environment,https://www.sciencedaily.com/releases/2025/07/250702214202.htm
Rainforest Deaths Are Surging and Scientists Just Found the Shocking Cause,"Tropical trees are dying faster than ever, and it&apos;s not just heat or drought to blame. Scientists have uncovered a surprising culprit: ordinary thunderstorms. These quick, fierce storms, powered by climate change, are toppling trees with intense winds and lightning, sometimes causing more damage than drought itself. The discovery is reshaping how we understand rainforest health and carbon storage, as storms may be responsible for up to 60% of tree deaths in some regions. Researchers now warn that failing to account for this hidden force could undermine forest conservation and climate models alike.",Environment,https://www.sciencedaily.com/releases/2025/07/250703092609.htm
"Even Low Levels of Air Pollution May Quietly Scar Your Heart, MRI Study Finds","Breathing polluted air—even at levels considered “safe”—may quietly damage your heart. A new study using advanced MRI scans found that people exposed to more air pollution showed early signs of scarring in their heart muscle, which can lead to heart failure over time. This damage showed up in both healthy individuals and people with heart conditions, and was especially noticeable in women, smokers, and those with high blood pressure.",Environment,https://www.sciencedaily.com/releases/2025/07/250703092606.htm
Antarctica’s Ocean Flip: Satellites Catch Sudden Salt Surge Melting Ice from Below,"A massive and surprising change is unfolding around Antarctica. Scientists have discovered that the Southern Ocean is getting saltier, and sea ice is melting at record speed, enough to match the size of Greenland. This change has reversed a decades-long trend and is letting hidden heat rise to the surface, melting the ice from below. One of the most dramatic signs is the return of a giant hole in the ice that hadn’t been seen in 50 years. The consequences are global: stronger storms, warmer oceans, and serious trouble for penguins and other polar wildlife.",Environment,https://www.sciencedaily.com/releases/2025/07/250701020711.htm
"Banned in Europe, Sprayed in America: The Fungicide Threatening Our Pollinators","Macquarie University researchers reveal that chlorothalonil, still commonly sprayed on American and Australian produce, cripples insect fertility by more than a third at residue levels typically found on food. The unexpectedly sharp drop in fruit-fly egg production suggests cascading damage to pollinator populations vital for crops and ecosystems. Although the fungicide is outlawed in the EU, Australian growers often apply it preventively, underscoring regulatory blind spots. Scientists urge scaled-back spraying and sustainable alternatives to stop a hidden contributor to global insect decline.",Environment,https://www.sciencedaily.com/releases/2025/07/250701020657.htm
New Orleans Is Sinking—and So Are Its $15 Billion Flood Defenses,"Parts of New Orleans are sinking at alarming rates — including some of the very floodwalls built to protect it. A new satellite-based study finds that some areas are losing nearly two inches of elevation per year, threatening the effectiveness of the city&apos;s storm defenses.",Environment,https://www.sciencedaily.com/releases/2025/06/250627234122.htm
"Tiny Creatures, Massive Impact: How Zooplankton Store 65 Million Tonnes of Carbon Annually","Zooplankton like copepods aren’t just fish food—they’re carbon-hauling powerhouses. By diving deep into the ocean each winter, they’re secretly stashing 65 million tonnes of carbon far below the surface, helping fight climate change in a way scientists are only just starting to understand.",Environment,https://www.sciencedaily.com/releases/2025/06/250627021851.htm
Fire Smoke Exposure Leaves Toxic Metals and Lasting Immune Changes,"Smoke from wildfires and structural fires doesn t just irritate lungs it actually changes your immune system. Harvard scientists found that even healthy people exposed to smoke showed signs of immune system activation, genetic changes tied to allergies, and even toxic metals inside their immune cells.",Environment,https://www.sciencedaily.com/releases/2025/06/250629033449.htm
Fighting Fire With Fire: How Prescribed Burns Reduce Wildfire Damage and Pollution,"Wildfires are becoming more intense and dangerous, but a new Stanford-led study offers hope: prescribed burns—intentionally set, controlled fires—can significantly lessen their impact. By analyzing satellite data and smoke emissions, researchers found that areas treated with prescribed burns saw wildfire severity drop by 16% and smoke pollution fall by 14%. Even more striking, the smoke from prescribed burns was just a fraction of what wildfires would have produced in the same areas.",Environment,https://www.sciencedaily.com/releases/2025/06/250629033445.htm
"This Breakthrough Turns Old Tech Into Pure Gold — No Mercury, No Cyanide, Just Light and Salt","At Flinders University, scientists have cracked a cleaner and greener way to extract gold—not just from ore, but also from our mounting piles of e-waste. By using a compound normally found in pool disinfectants and a novel polymer that can be reused, the method avoids toxic chemicals like mercury and cyanide. It even works on trace gold in scientific waste. Tested on everything from circuit boards to mixed-metal ores, the approach offers a promising solution to both the global gold rush and the growing e-waste crisis. The technique could be a game-changer for artisanal miners and recyclers, helping recover valuable metals while protecting people and the planet.",Environment,https://www.sciencedaily.com/releases/2025/06/250626081540.htm
A Giant Pulse Beneath Africa Could Split the Continent — and Form an Ocean,"Beneath the Afar region in Ethiopia, scientists have discovered pulsing waves of molten rock rising from deep within the Earth — a geological heartbeat that could eventually split Africa in two. These rhythmic surges of mantle material are helping to stretch and thin the continent’s crust, setting the stage for a new ocean to form in millions of years. The pulses aren’t random: they follow patterns shaped by the tectonic plates above, behaving differently depending on how thick the plates are and how fast they’re spreading.",Environment,https://www.sciencedaily.com/releases/2025/06/250627095035.htm
Can These Endangered Lizards Beat the Heat? Scientists Test Bold Relocation Plan,"South Australia’s tiny pygmy bluetongue skink is baking in a warming, drying homeland, so Flinders University scientists have tried a bold fix—move it. Three separate populations were shifted from the parched north to cooler, greener sites farther south. At first the lizards reacted differently—nervous northerners diving for cover, laid-back southerners basking in damp burrows—but after two years most are settling in, suggesting they can ultimately thrive.",Environment,https://www.sciencedaily.com/releases/2025/06/250626081530.htm
Wildfires Threaten Water Quality for Up to Eight Years After They Burn,"Wildfires don’t just leave behind scorched earth—they leave a toxic legacy in Western rivers that can linger for nearly a decade. A sweeping new study analyzed over 100,000 water samples from more than 500 U.S. watersheds and revealed that contaminants like nitrogen, phosphorus, organic carbon, and sediment remain elevated for up to eight years after a blaze.",Environment,https://www.sciencedaily.com/releases/2025/06/250624044332.htm
Ancient Carbon ‘burps’ Caused Ocean Oxygen Crashes — and We’re Repeating the Mistake,"Over 300 million years ago, Earth experienced powerful bursts of carbon dioxide from natural sources—like massive volcanic eruptions—that triggered dramatic drops in ocean oxygen levels. These ancient &quot;carbon burps&quot; led to dangerous periods of ocean anoxia, which stalled marine biodiversity and potentially reshaped entire ecosystems. In a groundbreaking study, scientists combined high-tech climate models with deep-ocean sediment analysis to pinpoint five such events. The alarming part? Today&apos;s human-driven CO₂ emissions are skyrocketing at speeds hundreds of times faster than those ancient upheavals—raising urgent questions about how modern oceans, particularly coastal zones rich in marine life, might react.",Environment,https://www.sciencedaily.com/releases/2025/06/250624044326.htm
Researchers Solve a Century-Old North Atlantic Cold Spot Mystery,"A century-old North Atlantic cold patch is now linked to a long-term slowdown in the AMOC, the climate-regulating conveyor belt of ocean water. Only weakened-AMOC models match observed temperature and salinity patterns, overturning recent model trends. This slowdown affects weather systems, jet streams, and marine life throughout the Northern Hemisphere. The discovery sharpens climate forecasts and highlights a major shift already underway.",Environment,https://www.sciencedaily.com/releases/2025/12/251207031333.htm
Scientists Create Living Building Material That Captures CO₂ from the Air,"Researchers at ETH Zurich have developed an astonishing new material: a printable gel that’s alive. Infused with ancient cyanobacteria, this &quot;photosynthetic living material&quot; not only grows but also removes CO₂ from the air, twice over. The bacteria use sunlight to produce biomass and simultaneously trigger mineral formation, which locks carbon away in a stable form. Engineered hydrogels provide an ideal habitat for these microbes, allowing them to thrive for over a year. Even more captivating, this material has already made its way into architecture, with living installations showcased in Venice and Milan that merge design, sustainability, and living science.",Environment,https://www.sciencedaily.com/releases/2025/06/250620231906.htm
"Gravity, Flipped: How Tiny, Porous Particles Sink Faster in Ocean Snowstorms","In a twist on conventional wisdom, researchers have discovered that in ocean-like fluids with changing density, tiny porous particles can sink faster than larger ones, thanks to how they absorb salt. Using clever lab experiments with 3D-printed agar shapes in a stratified water column, scientists demonstrated that porosity and particle shape are major factors in determining sinking speed. This finding could revolutionize how we understand carbon cycling, microplastic behavior, and even strategies for ocean-based carbon capture.",Environment,https://www.sciencedaily.com/releases/2025/06/250620222145.htm
The Atlantic's Chilling Secret: A Century of Data Reveals Ocean Current Collapse,"A century-old mystery of a stubborn cold patch in the North Atlantic is finally being unraveled. A new study links this anomaly to a long-term weakening of the Atlantic Meridional Overturning Circulation (AMOC) a massive ocean current system that regulates climate across the Northern Hemisphere. Using over 100 years of temperature and salinity data, researchers showed that only models with a weakening AMOC could recreate the observed changes. The implications are vast, influencing everything from European weather to marine ecosystems, and casting doubt on many recent climate models that underestimated this oceanic shift.",Environment,https://www.sciencedaily.com/releases/2025/06/250620222140.htm
Photon-Powered Alchemy: How Light Is Rewriting Fossil Fuel Chemistry,"Researchers at Colorado State University have developed a new photoredox catalysis system that uses visible light mimicking photosynthesis to drive energy-intensive chemical reactions at room temperature. This groundbreaking process could significantly reduce the energy required in chemical manufacturing, especially in industries reliant on fossil fuels.",Environment,https://www.sciencedaily.com/releases/2025/06/250620031618.htm
Hidden Carbon Giants: Satellite Data Reveals a 40-Year Arctic Peatland Surge,"Arctic peatlands are expanding with rising temperatures, storing more carbon at least for now. But future warming could reverse this benefit, releasing massive emissions.",Environment,https://www.sciencedaily.com/releases/2025/06/250620031151.htm
Flash Floods in the Alps: How Climate Change Is Supercharging Summer Storms,"Fierce, fast summer rainstorms are on the rise in the Alps, and a 2 C temperature increase could double their frequency. A new study from researchers at the University of Lausanne and the University of Padova used data from nearly 300 Alpine weather stations to model this unsettling future.",Environment,https://www.sciencedaily.com/releases/2025/06/250620031102.htm
How Life Endured the Snowball Earth: Evidence from Antarctic Meltwater Ponds,"During Earth&apos;s ancient Snowball periods, when the entire planet was wrapped in ice, life may have endured in tiny meltwater ponds on the surface of equatorial glaciers. MIT researchers discovered that these watery refuges could have supported complex eukaryotic life, serving as sanctuaries for survival amid extreme conditions. Their investigation into Antarctic melt ponds revealed not only evidence of eukaryotes but a striking diversity shaped by factors like salinity. These findings reshape our understanding of how life weathered one of the harshest climate events in Earth s history and ultimately set the stage for the evolution of complex life forms.",Environment,https://www.sciencedaily.com/releases/2025/06/250619090850.htm
Thinking AI Models Emit 50x More CO2—and Often for Nothing,"Every query typed into a large language model (LLM), such as ChatGPT, requires energy and produces CO2 emissions. Emissions, however, depend on the model, the subject matter, and the user. Researchers have now compared 14 models and found that complex answers cause more emissions than simple answers, and that models that provide more accurate answers produce more emissions. Users can, however, to an extent, control the amount of CO2 emissions caused by AI by adjusting their personal use of the technology, the researchers said.",Environment,https://www.sciencedaily.com/releases/2025/06/250619035520.htm
NASA Discovers Link Between Earth’s Core and Life-Sustaining Oxygen,"For over half a billion years, Earth’s magnetic field has risen and fallen in sync with oxygen levels in the atmosphere, and scientists are finally uncovering why. A NASA-led study reveals a striking link between deep-Earth processes and life at the surface, suggesting that the planet’s churning molten interior could be subtly shaping the conditions for life. By comparing ancient magnetic records with atmospheric data, researchers found that these two seemingly unrelated phenomena have danced together since the Cambrian explosion, when complex life first bloomed. This tantalizing connection hints at a single, hidden mechanism — perhaps even continental drift — orchestrating both magnetic strength and the air we breathe.",Environment,https://www.sciencedaily.com/releases/2025/06/250627095024.htm
Only 3 Years Left: The Carbon Budget for 1.5°C Is Almost Gone,"At current emission rates, we&apos;re just over three years away from blowing through the remaining carbon budget to limit warming to 1.5°C. This new international study paints a stark picture: the pace of climate change is accelerating, seas are rising faster than ever, and the Earth is absorbing more heat with devastating consequences from hotter oceans to intensified weather extremes.",Environment,https://www.sciencedaily.com/releases/2025/06/250627021853.htm
The AI That Writes Climate-Friendly Cement Recipes in Seconds,"AI researchers in Switzerland have found a way to dramatically cut cement s carbon footprint by redesigning its recipe. Their system simulates thousands of ingredient combinations, pinpointing those that keep cement strong while emitting far less CO2 all in seconds.",Environment,https://www.sciencedaily.com/releases/2025/06/250619035502.htm
Winter Sea Ice Supercharges Southern Ocean’s CO2 Uptake,"A breakthrough study has uncovered that the Southern Ocean&apos;s power to pull carbon dioxide from the atmosphere fluctuates dramatically depending on winter sea ice. When sea ice lingers longer into winter, the ocean absorbs up to 20% more CO2, thanks to a protective effect that blocks turbulent winds from stirring up deeper, carbon-loaded waters. This subtle seasonal shield plays a vital role in buffering our planet against climate change. But here s the twist: winter data from the Southern Ocean is notoriously scarce due to its brutal conditions, meaning we might be missing a key piece of Earth s climate puzzle.",Environment,https://www.sciencedaily.com/releases/2025/06/250618094450.htm
Plants’ Secret Second Roots Rewrite the Climate Playbook,Beneath the forest floor lies an overlooked secret: many plants grow a second set of roots far deeper than expected sometimes over three feet down tapping into hidden nutrient stores and potentially locking away carbon. A new study using deep-soil data from NEON reveals that these &quot;bimodal&quot; rooting systems are more common than previously believed and may play a powerful role in stabilizing ecosystems and fighting climate change.,Environment,https://www.sciencedaily.com/releases/2025/06/250620231806.htm
"123,000-Year-Old Coral Fossils Warn of Sudden, Catastrophic Sea-Level Rise","Ancient coral fossils from the remote Seychelles islands have unveiled a dramatic warning for our future—sea levels can rise in sudden, sharp bursts even when global temperatures stay steady.",Environment,https://www.sciencedaily.com/releases/2025/06/250623233210.htm
Fruit-Eating Mastodons? Ancient Fossils Confirm a Long-Lost Ecological Alliance,"Ten thousand years after mastodons disappeared, scientists have unearthed powerful fossil evidence proving these elephant cousins were vital seed spreaders for large-fruited trees in South America. Using dental wear, isotope analysis, and fossilized plant residue, researchers confirmed that mastodons regularly consumed fruit supporting a decades-old theory that many tropical plants evolved alongside giant animals. The extinction of these megafauna left a permanent ecological void, with some plants now teetering on the edge of extinction. Their story isn t just prehistoric it s a warning for today s conservation efforts.",Environment,https://www.sciencedaily.com/releases/2025/06/250614121947.htm
Passive Cooling Breakthrough Could Slash Data Center Energy Use,"UC San Diego engineers have created a passive evaporative cooling membrane that could dramatically slash energy use in data centers. As demand for AI and cloud computing soars, traditional cooling systems struggle to keep up efficiently. This innovative fiber membrane uses capillary action to evaporate liquid and draw heat away without fans or pumps. It performs with record-breaking heat flux and is stable under high-stress operation.",Environment,https://www.sciencedaily.com/releases/2025/06/250614121942.htm
Space-Laser AI Maps Forest Carbon in Minutes—a Game-Changer for Climate Science,"A pioneering study reveals how archaeologists&apos; satellite tools can be repurposed to tackle climate change. By using AI and satellite LiDAR imagery from NASA and ESA, researchers have found a faster, more accurate way to map forest biomass critical for tracking carbon. This innovative fusion of space tech and machine learning could revolutionize how we manage and preserve forests in a warming world.",Environment,https://www.sciencedaily.com/releases/2025/06/250614034237.htm
Rice University Breakthrough Keeps CO₂ Electrolyzers Running 50x Longer,"A Rice University team discovered that bubbling CO₂ through a mild acid dramatically improves the lifespan and efficiency of electrochemical devices that convert CO₂ into useful fuels. This simple trick prevents salt buildup—a major barrier to commercialization—by altering local chemistry just enough to keep salts dissolved and flowing. The result? A device that ran for over 4,500 hours without clogging, using common catalysts and scalable technology. It&apos;s a breakthrough that could make green CO₂ conversion far more viable in the real world.",Environment,https://www.sciencedaily.com/releases/2025/06/250622030532.htm
Hydrogen Fuel at Half the Cost? Scientists Reveal a Game-Changing Catalyst,"Researchers in South Korea have developed a powerful and affordable new material for producing hydrogen, a clean energy source key to fighting climate change. By fine-tuning boron-doping and phosphorus levels in cobalt phosphide nanosheets, the team dramatically boosted the efficiency of both sides of water-splitting reactions. This advancement could unlock scalable, low-cost hydrogen production, transforming how we generate clean fuel.",Environment,https://www.sciencedaily.com/releases/2025/06/250620231645.htm
Scientists Reveal the Hidden Trigger Behind Massive Floods,"Atmospheric rivers, while vital for replenishing water on the U.S. West Coast, are also the leading cause of floods though storm size alone doesn t dictate their danger. A groundbreaking study analyzing over 43,000 storms across four decades found that pre-existing soil moisture is a critical factor, with flood peaks multiplying when the ground is already saturated.",Environment,https://www.sciencedaily.com/releases/2025/06/250614121958.htm
Koalas on the Brink: Precision DNA Test Offers a Lifeline to Australia’s Icons,"A University of Queensland-led project has developed a tool to standardise genetic testing of koala populations, providing a significant boost to conservation and recovery efforts.",Environment,https://www.sciencedaily.com/releases/2025/06/250614121955.htm
Toxic Tides: Centuries-Old Mercury Is Flooding the Arctic Food Chain,"Despite falling global mercury emissions, mercury levels in Arctic wildlife continue to rise. A new study reveals that ocean currents are delivering legacy mercury pollution from distant regions like China to the Arctic, where it accumulates in animals and ecosystems.",Environment,https://www.sciencedaily.com/releases/2025/06/250613013926.htm
Something More Toxic Than Gators Is Hiding in the Swamps,"Mercury contamination is surfacing as a serious concern in parts of Georgia and South Carolina, particularly in regions like the Okefenokee Swamp. University of Georgia researchers found alarmingly high levels of the neurotoxic metal in alligators, especially in older individuals and even hatchlings suggesting the toxin is passed both up the food chain and through generations. These ancient reptiles act as environmental indicators, raising red flags for the broader ecosystem and potentially for humans who fish or hunt nearby.",Environment,https://www.sciencedaily.com/releases/2025/06/250612031558.htm
"Scientists Uncover Why ""stealth"" Volcanoes Stay Silent Until Eruption","Some volcanoes erupt with little to no warning, posing serious risks to nearby communities and air traffic. A study of Alaska&apos;s Veniaminof volcano reveals how specific internal conditions like slow magma flow and warm chamber walls can create these so-called &quot;stealthy eruptions.&quot;",Environment,https://www.sciencedaily.com/releases/2025/06/250610074307.htm
83% of Earth’s Climate-Critical Fungi Are Still Unknown,"Underground fungi may be one of Earth s most powerful and overlooked allies in the fight against climate change, yet most of them remain unknown to science. Known only by DNA, these &quot;dark taxa&quot; make up a shocking 83% of ectomycorrhizal species fungi that help forests store carbon and thrive. Their hotspots lie in tropical forests and other underfunded regions. Without names, they re invisible to conservation efforts. But scientists are urging more DNA sequencing and global collaboration to bring these critical organisms into the light before their habitats, or the fungi themselves, disappear forever.",Environment,https://www.sciencedaily.com/releases/2025/06/250615020607.htm
Unusual Airborne Toxin Detected in the U.S. for the First Time,Scientists searching for air pollution clues stumbled onto something unexpected: toxic MCCPs drifting through the air for the first time in the Western Hemisphere. The likely source—fertilizer made from sewage sludge—points to a hidden route for contamination.,Environment,https://www.sciencedaily.com/releases/2026/04/260411084441.htm
Forever Chemicals' Toxic Cousin: MCCPs Detected in U. S. Air for First Time,"In a surprising twist during an air quality study in Oklahoma, researchers detected MCCPs an industrial pollutant never before measured in the Western Hemisphere&apos;s atmosphere. The team suspects these toxic compounds are entering the air through biosolid fertilizers derived from sewage sludge. While these pollutants are not yet regulated like their SCCP cousins, their similarity to dangerous &quot;forever chemicals&quot; and unexpected presence raise red flags about how chemical substitutions and waste disposal may be silently contaminating rural air.",Environment,https://www.sciencedaily.com/releases/2025/06/250617014222.htm
New MIT Study Reveals How Biofilms Help Stop Microplastic Build-Up,"Where do microplastics really go after entering the environment? MIT researchers discovered that sticky biofilms naturally produced by bacteria play a surprising role in preventing microplastics from accumulating in riverbeds. Instead of trapping the particles, these biofilms actually keep them loose and exposed, making them easier for flowing water to carry away. This insight could help target cleanup efforts more effectively and identify hidden pollution hotspots.",Environment,https://www.sciencedaily.com/releases/2025/06/250613013823.htm
Why Past Mass Extinctions Didn't Break ecosystems—But This One Might,"For millions of years, large herbivores like mastodons and giant deer shaped the Earth&apos;s ecosystems, which astonishingly stayed stable despite extinctions and upheavals. A new study reveals that only twice in 60 million years did environmental shifts dramatically reorganize these systems once with a continental land bridge, and again with climate-driven habitat change. Yet the ecosystems adapted, with new species taking on old roles. Now, a third, human-driven tipping point threatens that ancient resilience.",Environment,https://www.sciencedaily.com/releases/2025/06/250609020620.htm
"Earth's Core Mystery Solved: How Solid Rock Flows 3,000 Kilometers Beneath Us","Beneath Earth s surface, nearly 3,000 kilometers down, lies a mysterious layer where seismic waves speed up inexplicably. For decades, scientists puzzled over this D&apos; layer. Now, groundbreaking experiments by ETH Zurich have finally revealed that solid rock flows at extreme depths, acting like liquid in motion. This horizontal mantle flow aligns mineral crystals called post-perovskite in a single direction, explaining the seismic behavior. It s a stunning leap in understanding Earth s deep inner mechanics, transforming a long-standing mystery into a vivid map of subterranean currents that power volcanoes, earthquakes, and even the magnetic field.",Environment,https://www.sciencedaily.com/releases/2025/06/250608222155.htm
How Outdated Phones Can Power Smart Cities and Save the Seas,"In a world where over a billion smartphones are produced yearly, a team of researchers is flipping the script on electronic waste. Instead of tossing out older phones, they ve demonstrated a groundbreaking approach: turning outdated smartphones into micro data centers. This low-cost innovation (just 8 euros per phone) offers practical applications from tracking bus passengers to monitoring marine life without needing new tech.",Environment,https://www.sciencedaily.com/releases/2025/06/250608072443.htm
Lighting Up Earthquakes: How Scientists Watched Ruptures Evolve in Milliseconds,"Scientists have built a lab model that visually tracks how microscopic contact points between fault surfaces evolve during earthquake cycles, revealing the hidden mechanics behind both the slow buildup of tectonic stress and the rapid ruptures that cause earthquakes. This breakthrough uncovers a key physical variable long used in models but never fully understood: the real contact area. With LED lighting and transparent materials, researchers watched ruptures unfold in milliseconds and verified their findings with simulations, potentially opening the door to future real-time earthquake prediction systems based on measurable physical signals like electric conductivity.",Environment,https://www.sciencedaily.com/releases/2025/06/250607231833.htm
Unprecedented Climate Shocks Are Changing the Great Lakes Forever,"Extreme heat waves and cold spells on the Great Lakes have more than doubled since the late 1990s, coinciding with a major El Niño event. Using advanced ocean-style modeling adapted for the lakes, researchers traced temperature trends back to 1940, revealing alarming potential impacts on billion-dollar fishing industries, fragile ecosystems, and drinking water quality.",Environment,https://www.sciencedaily.com/releases/2025/08/250813083616.htm
Rivers Are Exhaling Ancient Carbon — and Climate Math Just Changed,"Ancient carbon thought to be safely stored underground for millennia is unexpectedly resurfacing literally. A sweeping international study has found that over half of the carbon gases released by rivers come from long-term, old carbon sources like deep soils and weathered rocks, not just recent organic matter. This surprising discovery suggests Earth s vegetation is playing an even bigger role in absorbing excess carbon to keep the climate in check.",Environment,https://www.sciencedaily.com/releases/2025/06/250612092543.htm
The Global Rule That Predicts Where Life Thrives—and Where It Fails,"What if all life on Earth followed a surprisingly simple pattern? New research shows that in every region, species tend to cluster in small hotspots and then gradually thin out. This universal rule applies across drastically different organisms and habitats from trees to dragonflies, oceans to forests. Scientists now believe environmental filtering shapes this global distribution, providing new tools to predict how life responds to climate change and biodiversity threats.",Environment,https://www.sciencedaily.com/releases/2025/06/250610112541.htm
Telehealth Can Improve Care for Cats With Chronic Health Issues,"UC Davis researchers found that video telehealth visits help cat owners better care for arthritic cats without the stress of clinic visits. Owners appreciated personalized tips to improve their cat s comfort at home, and most said they&apos;d pay for this convenient service. It s a game-changer for supporting cats with chronic conditions in a low-stress, familiar setting.",Environment,https://www.sciencedaily.com/releases/2025/06/250603172914.htm
Collaboration Can Unlock Australia's Energy Transition Without Sacrificing Natural Capital,"Australia can reach net-zero emissions and still protect its natural treasures but only if everyone works together. New research from Princeton and The University of Queensland shows that the country can build the massive amount of renewable energy infrastructure needed by 2060 without sacrificing biodiversity, agriculture, or Indigenous land rights. But the path is delicate: if stakeholders clash instead of collaborate, the result could be soaring costs and a devastating shortfall in clean energy.",Environment,https://www.sciencedaily.com/releases/2025/06/250603172908.htm
Eating an Array of Smaller Fish Could Be Nutrient-Dense Solution to Overfishing,"To satisfy the seafood needs of billions of people, offering them access to a more biodiverse array of fish creates opportunities to mix-and-match species to obtain better nutrition from smaller portions of fish.",Environment,https://www.sciencedaily.com/releases/2025/06/250603141204.htm
Molecular Link Between Air Pollution and Pregnancy Risks,A new study found exposure to specific tiny particles in air pollution during pregnancy are associated with increased risk of various negative birth outcomes.,Environment,https://www.sciencedaily.com/releases/2025/06/250603141202.htm
Being in Nature Can Help People With Chronic Back Pain Manage Their Condition,"Researchers asked patients, some of whom had experienced lower back pain for up to 40 years, if being in nature helped them coped better with their lower back pain. They found that people able to spend time in their own gardens saw some health and wellbeing benefits. However, those able to immerse themselves in larger green spaces such as forests felt even more positive, as they were able to lose themselves in the environment and focus more on that than their pain levels. The researchers have recommended trying to incorporate time spent in nature into people&apos;s treatments plans, and are also using their findings to develop virtual reality interventions that allow people to experience some of the benefits of being in nature without the need to travel anywhere if they are unable to do so.",Environment,https://www.sciencedaily.com/releases/2025/06/250603115020.htm
Scientists Say Next Few Years Vital to Securing the Future of the West Antarctic Ice Sheet,"Collapse of the West Antarctic Ice Sheet could be triggered with very little ocean warming above present-day, leading to a devastating four meters of global sea level rise to play out over hundreds of years according to a new study. However, the authors emphasize that immediate actions to reduce emissions could still avoid a catastrophic outcome.",Environment,https://www.sciencedaily.com/releases/2025/06/250603115018.htm
First Direct Observation of the Trapped Waves That Shook the World in 2023,"A new study has finally confirmed the theory that the cause of extraordinary global tremors in September -- October 2023 was indeed two mega tsunamis in Greenland that became trapped standing waves. Using a brand-new type of satellite altimetry, the researchers provide the first observations to confirm the existence of these waves whose behavior is entirely unprecedented.",Environment,https://www.sciencedaily.com/releases/2025/06/250603115015.htm
"DNA Floating in the Air Tracks Wildlife, Viruses -- Even Drugs","In the heart of Dublin, scientists have discovered that the air holds more than melodies and Guinness-infused cheer it carries invisible traces of life, from wildlife to drugs and even human diseases. Using high-powered air filters and environmental DNA (eDNA) analysis, researchers vacuumed up the city s air and uncovered genetic material from cannabis, magic mushrooms, and pathogens. This emerging technology, which doesn t require direct contact with organisms, could revolutionize how we monitor ecosystems, track diseases, and even locate endangered species all from the sky above. It&apos;s science fiction turned science fact, and it s changing what we thought was possible from a simple breath of air.",Environment,https://www.sciencedaily.com/releases/2025/06/250603114822.htm
Extreme Weather Is Wiping out amphibians—Here’s Where It’s Worst,"Frogs, salamanders, and other amphibians are not just battling habitat loss and pollution they&apos;re now also contending with increasingly brutal heat waves and droughts. A sweeping 40-year study shows a direct link between the rise in extreme weather events and the growing number of species landing on the endangered list. Europe, the Amazon, and Madagascar have become danger zones, with amphibians unable to adapt quickly enough. But there s hope scientists are calling for focused conservation efforts like habitat restoration and micro-refuges to help these vulnerable creatures survive.",Environment,https://www.sciencedaily.com/releases/2025/06/250606231257.htm
Atmospheric Chemistry Keeps Pollutants in the Air,A new study details processes that keep pollutants aloft despite a drop in emissions.,Environment,https://www.sciencedaily.com/releases/2025/06/250603115026.htm
"Researchers Develop Recyclable, Healable Electronics",Electronics often get thrown away after use because recycling them requires extensive work for little payoff. Researchers have now found a way to change the game.,Environment,https://www.sciencedaily.com/releases/2025/06/250602190434.htm
Geological Time Capsule Highlights Great Barrier Reef's Resilience,New research adds to our understanding of how rapidly rising sea levels due to climate change foreshadow the end of the Great Barrier Reef as we know it. The findings suggest the reef can withstand rising sea levels in isolation but is vulnerable to associated environmental stressors arising from global climate change.,Environment,https://www.sciencedaily.com/releases/2025/06/250602155513.htm
Still on the Right Track? Researchers Enable Reliable Monitoring of the Paris Climate Goals,"Global warming is continuously advancing. How quickly this will happen can now be predicted more accurately than ever before, thanks to a method developed by climate researchers. Anthropogenic global warming is set to exceed 1.5 degrees Celsius by 2028 and hence improved quantification of the Paris goals is proposed.",Environment,https://www.sciencedaily.com/releases/2025/06/250602155340.htm
Coastal Flooding More Frequent Than Previously Thought,"Flooding in coastal communities is happening far more often than previously thought, according to a new study. The study also found major flaws with the widely used approach of using marine water level data to capture instances of flooding.",Environment,https://www.sciencedaily.com/releases/2025/06/250602155338.htm
Nitrogen Loss on Sandy Shores: The Big Impact of Tiny Anoxic Pockets,"Some microbes living on sand grains use up all the oxygen around them. Their neighbors, left without oxygen, make the best of it: They use nitrate in the surrounding water for denitrification -- a process hardly possible when oxygen is present. This denitrification in sandy sediments in well-oxygenated waters can substantially contribute to nitrogen loss in the oceans.",Environment,https://www.sciencedaily.com/releases/2025/06/250602155328.htm
Researchers Use Deep Learning to Predict Flooding This Hurricane Season,"Researchers have developed a deep learning model called LSTM-SAM that predicts extreme water levels from tropical cyclones more efficiently and accurately, especially in data-scarce coastal regions, to offer a faster, low-cost tool for flood forecasting.",Environment,https://www.sciencedaily.com/releases/2025/06/250602154901.htm
Human-Caused Dust Events Are Linked to Fallow Farmland,"California Central Valley, which is known for the agriculture that produces much of the nation&apos;s fruits, vegetables and nuts, is a major contributor to a growing dust problem that has profound implications for people&apos;s health, safety and well-being.",Environment,https://www.sciencedaily.com/releases/2025/06/250602154722.htm
Research Shows How Solar Arrays Can Aid Grasslands During Drought,"New research shows that the presence of solar panels in Colorado&apos;s grasslands may reduce water stress, improve soil moisture levels and -- particularly during dry years -- increase plant growth by about 20% or more compared to open fields.",Environment,https://www.sciencedaily.com/releases/2025/06/250602154719.htm
"Air-Quality Monitoring Underestimates Toxic Emissions to Salton Sea Communities, Study Finds","Researchers showed that hydrogen sulfide, which is associated with numerous health conditions, is emitted from California&apos;s largest lake at levels far higher and more frequently than previously reported.",Environment,https://www.sciencedaily.com/releases/2025/06/250602154610.htm
"Small Currents, Big Impact: Satellite Breakthrough Reveals Hidden Ocean Forces","While scientists have long studied currents of large eddies, the smaller ones -- called submesoscale eddies -- are notoriously difficult to detect. These currents, which range from several kilometers to 100 kilometers wide, have been the &apos;missing pieces&apos; of the ocean&apos;s puzzle -- until now. Using data from the new Surface Water and Ocean Topography (SWOT) satellite, scientists finally got a clear view of these hard-to-see currents, and they are a lot stronger than anyone thought.",Environment,https://www.sciencedaily.com/releases/2025/05/250530123950.htm
Scientists Find a New Way to Help Plants Fight Diseases,"Laboratory could improve crop resilience In a discovery three decades in the making, scientists have acquired detailed knowledge about the internal structures and mode of regulation for a specialized protein and are proceeding to develop tools that can capitalize on its ability to help plants combat a wide range of diseases. The work, which exploits a natural process where plant cells die on purpose to help the host plant stay healthy, is expected to have wide applications in the agricultural sector, offering new ways to protect major food crops from a variety of devastating diseases, the scientists said.",Environment,https://www.sciencedaily.com/releases/2025/05/250530123947.htm
Single-Atom Catalysts Change Spin State When Boosted by a Magnetic Field,Researchers proposed a novel strategy for using a magnetic field to boost the efficiency of single-atom catalysts -- thus speeding up helpful reactions used for ammonia production and wastewater treatment.,Environment,https://www.sciencedaily.com/releases/2025/05/250530123830.htm
"Rising Soil Nitrous Acid Emissions, Driven by Climate Change and Fertilization, Accelerate Global Ozone Pollution","Ozone pollution is a global environmental concern that not only threatens human health and crop production, but also worsens global warming. While the formation of ozone is often attributed to anthropogenic pollutants, soil emissions are revealed to be another important source.",Environment,https://www.sciencedaily.com/releases/2025/05/250530123821.htm
"The EU Should Allow Gene Editing to Make Organic Farming More Sustainable, Researchers Say","To achieve the European Green Deal&apos;s goal of 25% organic agriculture by 2030, researchers argue that new genomic techniques (NGTs) should be allowed without pre-market authorization in organic as well as conventional food production. NGTs -- also known as gene editing --- are classified under the umbrella of GMOs, but they involve more subtle genetic tweaks.",Environment,https://www.sciencedaily.com/releases/2025/05/250530123818.htm
Predicting Underwater Landslides Before They Strike,A new method for predicting underwater landslides may improve the resilience of offshore facilities.,Environment,https://www.sciencedaily.com/releases/2025/05/250530123805.htm
Long Shot Science Leads to Revised Age for Land-Animal Ancestor,"The fossils of ancient salamander-like creatures in Scotland are among the most well-preserved examples of early stem tetrapods -- some of the first animals to make the transition from water to land. Thanks to new research, scientists believe that these creatures are 14 million years older than previously thought. The new age -- dating back to 346 million years ago -- adds to the significance of the find because it places the specimens in a mysterious hole in the fossil record called Romer&apos;s Gap.",Environment,https://www.sciencedaily.com/releases/2025/05/250529194648.htm
Save Twice the Ice by Limiting Global Warming,"A new study finds that if global warming exceeds the Paris Climate Agreement targets, the non-polar glacier mass will diminish significantly. However, if warming is limited to 1.5 degrees Celsius, at least 54 per cent could be preserved -- more than twice as much ice as in a 2.7 C scenario.",Environment,https://www.sciencedaily.com/releases/2025/05/250529155432.htm
Birds Nested in Arctic Alongside Dinosaurs,"Spring in the Arctic brings forth a plethora of peeps and downy hatchlings as millions of birds gather to raise their young. The same was true 73 million years ago, according to a new article. The paper documents the earliest-known example of birds nesting in the polar regions.",Environment,https://www.sciencedaily.com/releases/2025/05/250529155427.htm
Anthropologists Spotlight Human Toll of Glacier Loss,Anthropologists have examined the societal consequences of global glacier loss. This article appears alongside new research that estimates that more than three-quarters of the world&apos;s glacier mass could disappear by the end of the century under current climate policies.,Environment,https://www.sciencedaily.com/releases/2025/05/250529155415.htm
2021's Hurricane Ida Could Have Been Even Worse for NYC,"Hurricane Ida wreaked an estimated $75 billion in total damages and was responsible for 112 fatalities -- including 32 in New Jersey and 16 in New York state. Yet the hurricane could have been even worse in the Big Apple, find scientists.",Environment,https://www.sciencedaily.com/releases/2025/05/250529155413.htm
Rock Record Illuminates Oxygen History,"A new study reveals that the aerobic nitrogen cycle in the ocean may have occurred about 100 million years before oxygen began to significantly accumulate in the atmosphere, based on nitrogen isotope analysis from ancient South African rock cores. These findings not only refine the timeline of Earth&apos;s oxygenation but also highlight a critical evolutionary shift, where life began adapting to oxygen-rich conditions -- paving the way for the emergence of complex, multicellular organisms like humans.",Environment,https://www.sciencedaily.com/releases/2025/05/250529140125.htm
An Iron Oxide 'Oxygen Sponge' for Efficient Thermochemical Hydrogen Production,"As the world shifts toward sustainable energy sources, &apos;green hydrogen&apos; - hydrogen produced without emitting carbon - has emerged as a leading candidate for clean power. Scientists have now developed a new iron-based catalyst that more than doubles the conversion efficiency of thermochemical green hydrogen production.",Environment,https://www.sciencedaily.com/releases/2025/05/250529124856.htm
"'Future-Proofing' Crops Will Require Urgent, Consistent Effort","A professor of crop sciences and of plant biology describes research efforts to &apos;future-proof&apos; the crops that are essential to feeding a hungry world in a changing climate. Long, who has spent decades studying the process of photosynthesis and finding ways to improve it, provides an overview of key scientific findings that offer a ray of hope.",Environment,https://www.sciencedaily.com/releases/2025/05/250529124740.htm
Atlantic Ocean Current Unlikely to Collapse With Climate Change,Researchers created a detailed physical model that suggests a major Atlantic Ocean current will weaken far less under climate change than indicated by more extreme climate model projections.,Environment,https://www.sciencedaily.com/releases/2025/05/250529124732.htm
Living Libraries Could Save Our Food,"Scientists have pioneered a new way to breed climate-resilient crops faster by combining plant genebank data with climate and DNA analysis. The method, tested on sorghum, could speed up global efforts to secure food supplies in a changing climate.",Environment,https://www.sciencedaily.com/releases/2025/05/250529124729.htm
EV Battery Recycling Key to Future Lithium Supplies,"Lightweight, powerful lithium-ion batteries are crucial for the transition to electric vehicles, and global demand for lithium is set to grow rapidly over the next 25 years. A new analysis looks at how new mining operations and battery recycling could meet that demand. Recycling could play a big role in easing supply constraints, the researchers found.",Environment,https://www.sciencedaily.com/releases/2025/05/250529124724.htm
Does Planting Trees Really Help Cool the Planet?,"Replanting forests can help cool the planet even more than some scientists once believed, especially in the tropics. But even if every tree lost since the mid-19th century is replanted, the total effect won&apos;t cancel out human-generated warming.",Environment,https://www.sciencedaily.com/releases/2025/05/250529124628.htm
Waste to Foundation: Transforming Construction Waste Into High-Performance Material,"In a major advancement for sustainable construction, scientists have created a cement-free soil solidifier from industrial waste. By combining Siding Cut Powder and activated by Earth Silica, an alkaline stimulant from recycled glass, scientists produced a high-performance material that meets compressive strength standards exceeding the 160 kN/m construction-grade threshold and eliminates arsenic leaching through calcium hydroxide stabilization. The technology reduces landfill volumes and carbon emissions, offering a circular solution for infrastructure development worldwide.",Environment,https://www.sciencedaily.com/releases/2025/05/250529124623.htm
Portable Sensor Enables Community Lead Detection in Tap Water,"Lead contamination in municipal water sources is a consistent threat to public health. Ingesting even tiny amounts of lead can harm the human brain and nervous system -- especially in young children. To empower people to detect lead contamination in their own homes, a team of researchers developed an accessible, handheld water-testing system called the E-Tongue. This device was tested through a citizen science project across four Massachusetts towns.",Environment,https://www.sciencedaily.com/releases/2025/05/250529124612.htm
"Amphibian Road Mortality Drops by Over 80% With Wildlife Underpasses, Study Shows","A new study shows that wildlife underpass tunnels dramatically reduce deaths of frog, salamanders, and other amphibians migrating across roads.",Environment,https://www.sciencedaily.com/releases/2025/05/250529124447.htm
"Cotton Virus Circulated Undetected for Nearly 20 Years, Study Finds","A virus responsible for damaging cotton crops across the southern United States has been lurking in U.S. fields for nearly 20 years -- undetected. According to new research, cotton leafroll dwarf virus (CLRDV), long believed to be a recent arrival, was infecting plants in cotton-growing states as early as 2006.",Environment,https://www.sciencedaily.com/releases/2025/05/250529124220.htm
Thousands of Sensors Reveal 3D Structure of Earthquake-Triggered Sound Waves,Earthquakes create ripple effects in Earth&apos;s upper atmosphere that can disrupt satellite communications and navigation systems we rely on. Scientists have now used Japan&apos;s extensive network of Global Navigation Satellite System (GNSS) receivers to create the first 3D images of atmospheric disturbances caused by the 2024 Noto Peninsula Earthquake. Their results show sound wave disturbance patterns in unique 3D detail and provide new insights into how earthquakes generate these waves.,Environment,https://www.sciencedaily.com/releases/2025/05/250529124122.htm
"When Climate Disasters Hit, They Often Leave Long-Term Health Care Access Shortages","Immediate recovery efforts receive the most attention after severe natural disasters, yet new data from researchers at Drexel University and the University of Maryland suggests these climate events often also leave a critical long-term -- and often unaddressed -- problem in declines in access to health care.",Environment,https://www.sciencedaily.com/releases/2025/05/250529124119.htm
A Cheap and Easy Potential Solution for Lowering Carbon Emissions in Maritime Shipping,"Reducing travel speeds and using an intelligent queuing system at busy ports can reduce greenhouse gas (GHG) emissions from oceangoing container vessels by 16-24%, according to researchers. Not only would those relatively simple interventions reduce emissions from a major, direct source of greenhouse gases, the technology to implement these measures already exists.",Environment,https://www.sciencedaily.com/releases/2025/05/250529124114.htm
Does Outdoor Air Pollution Affect Indoor Air Quality? It Could Depend on Buildings' HVAC,"Researchers determined how much outdoor particulate pollution affects indoor air quality. Their study concluded pollution from inversion and dust events is kept out of buildings, but wildfire smoke can sneak inside if efficient &apos;air-side economizers&apos; are in use.",Environment,https://www.sciencedaily.com/releases/2025/05/250529145727.htm
Agriculture in Forests Can Provide Climate and Economic Dividends,"Forest-based agroforestry can restore forests, promote livelihoods, and combat climate change, but emerging agroforestry initiatives focusing only on tree planting is leading to missed opportunities to support beneficial outcomes of forest management, scientists found.",Environment,https://www.sciencedaily.com/releases/2025/05/250529145725.htm
Too Much of a Good Thing: Consequences of Overplanting Bt Corn in the US,A new study shows that planting too much genetically modified corn designed to fight off a tough insect -- the corn rootworm -- especially in the eastern U.S. Corn Belt states may be causing more harm than good.,Environment,https://www.sciencedaily.com/releases/2025/05/250528174917.htm
Huge Sea-Urchin Populations Are Overwhelming Hawaii's Coral Reefs,"This study measured the growth rate of coral reefs in Honaunau Bay, Hawaii, using on-site data gathering and aerial imagery. Researchers found that the reefs are being eroded by sea urchin populations which have exploded due to overfishing in the area. The reefs are also threatened by climate change and water pollution, and their growth rates are not fast enough to counteract the erosion caused by the urchins.",Environment,https://www.sciencedaily.com/releases/2025/05/250528150650.htm
Synthetic Molecular Rings Re-Create Energy Flow Found in Plants,"Scientists created dye-based molecules that self-assemble into ring-shaped structures, mimicking nature&apos;s light-harvesting systems. These stacked rings allow electrons and energy to circulate freely, demonstrating a phenomenon called toroidal conjugation. The work could inspire new materials for solar energy, optoelectronics and next-generation electronic devices.",Environment,https://www.sciencedaily.com/releases/2025/05/250528132459.htm
"Humans Are Seasonal Creatures, According to Our Circadian Rhythms","It&apos;s tempting to think that, with our fancy electric lights and indoor bedrooms, humanity has evolved beyond the natural influence of sunlight when it comes to our sleep routines. But new research shows that our circadian rhythms are still wild at heart, tracking the seasonal changes in daylight.",Environment,https://www.sciencedaily.com/releases/2025/05/250528132237.htm
New Velvet Worm Species a First for the Arid Karoo,"A new species of velvet worm, Peripatopsis barnardi, represents the first ever species from the arid Karoo, which indicates that the area was likely historically more forested than at present. In the Cape Fold Mountains, we now know that every mountain peak has an endemic species. This suggests that in unsampled areas there are likely to be additional novel diversity, waiting to be found.",Environment,https://www.sciencedaily.com/releases/2025/05/250528132224.htm
"Europe's Most Complete Stegosaurian Skull Unearthed in Teruel, Spain",Palaeontologists have analyzed the most complete stegosaurian skull ever found in Europe and rewritten the evolutionary history of this iconic group of dinosaurs.,Environment,https://www.sciencedaily.com/releases/2025/05/250528132111.htm
Chemists Recreate How RNA Might Have Reproduced for First Time,Chemists have demonstrated how RNA (ribonucleic acid) might have replicated itself on early Earth -- a key process in the origin of life.,Environment,https://www.sciencedaily.com/releases/2025/05/250528132057.htm
Coastal Alaska Wolves Exposed to High Mercury Concentrations from Eating Sea Otters,Scientists show that wolves that are eating sea otters in Alaska have much higher concentrations of mercury than those eating other prey such as deer and moose.,Environment,https://www.sciencedaily.com/releases/2025/05/250528131641.htm
When the Forest Is No Longer a Home -- Forest Bats Seek Refuge in Settlements,"Many bat species native to Germany, such as the Leisler&apos;s bat, are forest specialists. However, as it is becoming increasingly hard for them to find tree hollows in forest plantations, so they are moving to settlements instead. Using high-resolution GPS data from bats, a team led by scientists has analyzed in greater detail than ever before how Leisler&apos;s bats use their habitats, which tree species they look for when searching a roost, and which forest types they avoid. They found that these bats increasingly seek refuge in old trees in urban areas and in old buildings such as churches.",Environment,https://www.sciencedaily.com/releases/2025/05/250528131557.htm
"Involving Communities in Nature-Based Solutions to Climate Challenges Leads to Greater Innovation, Study Shows","Involving communities in nature-based solutions to tackle urban climate and environmental challenges leads to innovation and multiple benefits, a study shows.",Environment,https://www.sciencedaily.com/releases/2025/05/250528131538.htm
Even Birds Can't Outfly Climate Change,"As rising global temperatures alter ecosystems worldwide, animal species usually have two choices: adapt to changing local conditions or flee to a cooler clime. Ecologists have long assumed that the world&apos;s bird species were best equipped to respond to the pressures of climate change simply because they have the option of flying to higher altitudes or towards global poles. But a new study finds that few bird species are able to escape the realities of a warming world.",Environment,https://www.sciencedaily.com/releases/2025/05/250528131536.htm
"Electric Buses Struggle in the Cold, Researchers Find","Researchers have released new insights on a pilot program involving all-electric buses in Ithaca, NY, USA -- with implications for cities, schools and other groups that are considering the electrification of their fleets, as well as operators, policymakers and manufacturers.",Environment,https://www.sciencedaily.com/releases/2025/05/250528131533.htm
New Study Analyzes Air Quality Impacts of Wildfire Smoke,"With wildfires increasing in frequency, severity, and size in the Western U.S., researchers are determined to better understand how smoke impacts air quality, public health, and even the weather. As fires burn, they release enormous amounts of aerosols -- the vaporized remains of burning trees and homes that enter the atmosphere and the air we breathe. Now, a new study dissects these aerosols and gases to pinpoint their potential effects on our health as well as the planet&apos;s short and long-term weather.",Environment,https://www.sciencedaily.com/releases/2025/05/250527180929.htm
Cryogenic Hydrogen Storage and Delivery System for Next-Generation Aircraft,"Researchers have designed a liquid hydrogen storage and delivery system that could help make zero-emission aviation a reality. Their work outlines a scalable, integrated system that addresses several engineering challenges at once by enabling hydrogen to be used as a clean fuel and also as a built-in cooling medium for critical power systems aboard electric-powered aircraft.",Environment,https://www.sciencedaily.com/releases/2025/05/250527180926.htm
Just Add Iron: Researchers Develop a Clever Way to Remove Forever Chemicals from Water,"Researchers find that iron powder, an inexpensive alternative to activated carbon, does a better job at filtering PFOS from water -- it&apos;s 26 times more effective.",Environment,https://www.sciencedaily.com/releases/2025/05/250527180920.htm
How Does Digestion Affect Molecular Analysis of Owl Pellets?,Researchers found that digestion in hawks and owls can alter the results of isotopic analysis in pellets and droppings.,Environment,https://www.sciencedaily.com/releases/2025/05/250527180914.htm
Rapid Simulations of Toxic Particles Could Aid Air Pollution Fight,"A pioneering method to simulate how microscopic particles move through the air could boost efforts to combat air pollution, a study suggests.",Environment,https://www.sciencedaily.com/releases/2025/05/250527135244.htm
Cryo-Em Freezes the Funk: How Scientists Visualized a Pungent Protein,"Most people have witnessed -- or rather smelled -- when a protein enzyme called sulfite reductase works its magic. This enzyme catalyzes the chemical reduction of sulfite to hydrogen sulfide. Hydrogen sulfide is the rotten egg smell that can occur when organic matter decays and is frequently associated with sewage treatment facilities and landfills. But scientists have not been able to capture a visual image of the enzyme&apos;s structure until now, thus limiting their full understanding of how it works.",Environment,https://www.sciencedaily.com/releases/2025/05/250527135241.htm
Home Water-Use App Improves Water Conservation,"A new study has found that a smartphone app that tracks household water use and alerts users to leaks or excessive consumption offers a promising tool for helping California water agencies meet state-mandated conservation goals. The study found that use of the app -- called Dropcountr -- reduced average household water use by 6%, with even greater savings among the highest water users.",Environment,https://www.sciencedaily.com/releases/2025/05/250527124635.htm
Nordic Studies Show the Significance of Old-Growth Forests for Biodiversity,"Researchers conducted a systematic review of 99 scientific publications that compared the flora or fauna of old-growth forests, managed forests and clearcut sites in boreal Europe. The reviewed studies showed large differences in the species communities inhabiting these forest types. The species richness of full-canopy forests increases as the forest gets older. Clearcut sites are also species-rich, but they are inhabited by a distinct set of species in comparison to full-canopy forests.",Environment,https://www.sciencedaily.com/releases/2025/05/250527124632.htm
"Without Public Trust, Effective Climate Policy Is Impossible","When formulating climate policy, too little attention is paid to social factors and too much to technological breakthroughs and economic reasons. Because citizens are hardly heard in this process, European governments risk losing public support at a crucial moment in the climate debate.",Environment,https://www.sciencedaily.com/releases/2025/05/250527124539.htm
The Ocean Seems to Be Getting Darker,"Scientists, who have spent more than a decade examining the impact of artificial light at night on the world&apos;s coasts and oceans, have shown that more than one-fifth of the global ocean -- an area spanning more than 75 million sq km -- has been the subject of ocean darkening over the past two decades. Ocean darkening occurs when changes in the optical properties of the ocean reduce the depth of its photic zones, home to 90% of all marine life and places where sunlight and moonlight drive ecological interactions.",Environment,https://www.sciencedaily.com/releases/2025/05/250527124438.htm
Stirling Research Could Extend Biopesticide Effectiveness,Alterations to the diet of pests could impact how quickly they can adapt to biopesticides.,Environment,https://www.sciencedaily.com/releases/2025/05/250527124319.htm
Oldest Whale Bone Tools Discovered,"Humans were making tools from whale bones as far back as 20,000 years ago, according to a new study. This discovery broadens our understanding of early human use of whale remains and offers valuable insight into the marine ecology of the time.",Environment,https://www.sciencedaily.com/releases/2025/05/250527124110.htm
A Root Development Gene That's Older Than Root Development,"A gene that regulates the development of roots in vascular plants is also involved in the organ development of liverworts -- land plants so old they don&apos;t even have proper roots. The discovery highlights the fundamental evolutionary dynamic of co-opting, evolving a mechanism first and adopting it for a different purpose later.",Environment,https://www.sciencedaily.com/releases/2025/05/250526150144.htm
"Flowers Unfold With Surprising Precision, Despite Unruly Genes","Flowers grow stems, leaves and petals in a perfect pattern again and again. A new study shows that even in this precise, patterned formation in plants, gene activity inside individual cells is far more chaotic than it appears.",Environment,https://www.sciencedaily.com/releases/2025/05/250526150152.htm
How Marine Plankton Adapts to a Changing World,"Plankton may be tiny, but they play an important role in the ocean. As the foundation of marine ecosystems, they support ocean food webs and help regulate Earth&apos;s climate by storing carbon. While lab studies have shown plankton can adjust their chemistry in response to environmental changes, a new global study reveals how these adaptations occur in the real ocean.",Environment,https://www.sciencedaily.com/releases/2025/05/250523141909.htm
El Niño and La Niña Climate Swings Threaten Mangroves Worldwide,"New international research demonstrates global-scale patterns in how El Ni o-Southern Oscillation (ENSO) influences mangrove growth and degradation. Previously, impacts had only been documented at individual sites, such as a dramatic die-off in northern Australia in 2015 when more than 40 million mangrove trees perished along a 1,200-mile stretch of coastline.",Environment,https://www.sciencedaily.com/releases/2025/05/250523120456.htm
Modulation of Antiviral Response in Fungi Via RNA Editing,"The molecular pathways involved in antiviral defenses and counter-defenses in host-pathogen systems remain unclear. Researchers have used Neurospora crassa as a model organism to explore how RNA editing influences fungal antiviral responses. They identified two neighboring genes -- an RNA-editing enzyme (old) and a transcription factor (zao) -- that regulate virus-induced gene expression. Their findings show how the old-zao module controls both asymptomatic and symptomatic infections, providing new insight into conserved antiviral mechanisms in fungi.",Environment,https://www.sciencedaily.com/releases/2025/05/250523120450.htm
When the Sea Moves Inland: A Global Climate Wake-Up Call from Bangladesh's Delta,"As sea levels climb and weather grows more extreme, coastal regions everywhere are facing a creeping threat: salt. Salinization of freshwater and soils adversely affects 500 million people around the world, especially in low-lying river deltas. A new study sheds light on how rising oceans are pushing saltwater into freshwater rivers and underground water sources in the world&apos;s largest river mouth -- the Bengal Delta in Bangladesh.",Environment,https://www.sciencedaily.com/releases/2025/05/250523120445.htm
"Managing Surrogate Species, Providing a Conservation Umbrella for More Species",A new study shows that monitoring and managing select bird species can provide benefits for other species within specific regions.,Environment,https://www.sciencedaily.com/releases/2025/05/250523120439.htm
New Study Reveals How Competition Between Algae Is Transforming the Gulf of Maine,New research shows how rapidly proliferating turf algae are waging &apos;chemical warfare&apos; to inhibit the recovery of kelp forests along Maine&apos;s warming coast.,Environment,https://www.sciencedaily.com/releases/2025/05/250522162700.htm
Ancient DNA Used to Map Evolution of Fever-Causing Bacteria,"Researchers have analyzed ancient DNA from Borrelia recurrentis, a type of bacteria that causes relapsing fever, pinpointing when it evolved to spread through lice rather than ticks, and how it gained and lost genes in the process.",Environment,https://www.sciencedaily.com/releases/2025/05/250522162551.htm
Why Europe's Fisheries Management Needs a Rethink,"Every year, total allowable catches (TACs) and fishing quotas are set across Europe through a multi-step process -- and yet many fish stocks in EU waters remain overfished. A new analysis reveals that politically agreed-upon catch limits are not sustainable because fish stock sizes are systematically overestimated and quotas regularly exceed scientific advice. In order to promote profitable and sustainable fisheries, the researchers propose establishing an independent institution to determine ecosystem-based catch limits that management bodies must not exceed.",Environment,https://www.sciencedaily.com/releases/2025/05/250522162546.htm
A New Approach Could Fractionate Crude Oil Using Much Less Energy,"Engineers developed a membrane that filters the components of crude oil by their molecular size, an advance that could dramatically reduce the amount of energy needed for crude oil fractionation.",Environment,https://www.sciencedaily.com/releases/2025/05/250522162533.htm
Tapping Into the World's Largest Gold Reserves,"Deep beneath our feet, the Earth holds a hidden treasure trove of gold and rare metals more than 99.999% of it locked away in the planet s core. But a surprising new discovery in Hawaiian lava is shaking up what scientists thought they knew. Researchers have found traces of the metal ruthenium with a rare isotope signature that points directly to the core, suggesting that precious metals are leaking upward through the mantle. This breakthrough opens a tantalizing window into the dynamic, molten processes at Earth s center and might just change how we understand the planet s inner workings.",Environment,https://www.sciencedaily.com/releases/2025/05/250522133522.htm
New Atom-Swapping Method Applied to Complex Organic Structures,Chemists have developed an efficient skeletal editing method for frequently used heteroaromatic structures. The technique could serve as a means to chemically modify biologically active compounds.,Environment,https://www.sciencedaily.com/releases/2025/05/250522125415.htm
Scientists Say Microplastics Are 'Silently Spreading from Soil to Salad to Humans',A review has stressed that agricultural soils now hold around 23 times more microplastics than oceans.,Environment,https://www.sciencedaily.com/releases/2025/05/250522125353.htm
Diversity Is Key to Ecosystem Stability,An analysis of 900 species over a 20-year period showed that biodiversity enhances ecosystem stability and helps safeguard natural communities in a changing environment.,Environment,https://www.sciencedaily.com/releases/2025/05/250522125158.htm
"Ox-Eye Daisy, Bellis and Yarrow: Flower Strips With at Least Two Sown Species Provide 70 Percent More Natural Enemies of Pests","Planting flower strips in a field with at least two species can increase the number of natural enemies of pests by 70 percent. The more flower species, the better the effect, according to a new meta-analysis.",Environment,https://www.sciencedaily.com/releases/2025/05/250522125022.htm
How Property Owners Can Work to Prevent Flooding,The risk of heavy rainfall and severe flooding increases with climate change. But property owners -- regardless of size -- often underestimate their own responsibility and are unaware of what preventive measures they can take themselves.,Environment,https://www.sciencedaily.com/releases/2025/05/250522124854.htm
Breakthrough AI Model Could Transform How We Prepare for Natural Disasters,"From deadly floods in Europe to intensifying tropical cyclones around the world, the climate crisis has made timely and precise forecasting more essential than ever. Yet traditional forecasting methods rely on highly complex numerical models developed over decades, requiring powerful supercomputers and large teams of experts. According to its developers, Aurora offers a powerful and efficient alternative using artificial intelligence.",Environment,https://www.sciencedaily.com/releases/2025/05/250522124851.htm
Climate Change May Make It Harder to Reduce Smog in Some Regions,"A modeling study shows that global warming will make it harder to reduce ground-level ozone, a respiratory irritant that is a key component of smog, by cutting greenhouse gas emissions.",Environment,https://www.sciencedaily.com/releases/2025/05/250522124838.htm
AI Is Good at Weather Forecasting. Can It Predict Freak Weather Events?,"Scientists found that neural networks cannot yet forecast &apos;gray swan&apos; weather events, which might not appear in existing training data but could still happen -- like 200-year floods or massive hurricanes.",Environment,https://www.sciencedaily.com/releases/2025/05/250522124738.htm
Toxic “forever Chemicals” Found in 95% of Beers Tested in the U.S.,"Forever chemicals known as PFAS have turned up in an unexpected place: beer. Researchers tested 23 different beers from across the U.S. and found that 95% contained PFAS, with the highest concentrations showing up in regions with known water contamination. The findings reveal how pollution in municipal water supplies can infiltrate popular products, raising concerns for both consumers and brewers.",Environment,https://www.sciencedaily.com/releases/2025/09/250911073204.htm
Climate Change Poses Severe Threat to Bowhead Whale Habitat,"New research examining 11,700 years of bowhead whale persistence throughout the Arctic projects that sea ice loss due to climate change will cause their habitat to severely contract by up to 75 per cent.",Environment,https://www.sciencedaily.com/releases/2025/05/250522125530.htm
Mathematical Prediction of Seismic Wave Propagation in Magma Containing Crystals and Bubbles,"Researchers have mathematically elucidated how the presence of crystals and gas bubbles in magma affects the propagation of seismic P-waves. A novel equation was derived to describe the travel of these waves through magma, demonstrating how varying proportions of crystals and bubbles influence wave velocity and waveform characteristics.",Environment,https://www.sciencedaily.com/releases/2025/05/250522125403.htm
When Lightning Strikes: Gamma-Ray Burst Unleashed by Lightning Collision,"A multi-sensor detection of an intense gamma-ray flash, which occurs when two lightning leaders collided, has been observed. Observations across a wide radiation spectrum enabled precise measurement of the electric current produced during this extreme event, and demonstrated that the gamma-ray flash preceded the collision of the lightning leaders between the thundercloud and the ground.",Environment,https://www.sciencedaily.com/releases/2025/05/250521161228.htm
Engineers Discover a New Class of Materials That Passively Harvest Water from Air,"A serendipitous observation has led to a surprising discovery: a new class of nanostructured materials that can pull water from the air, collect it in pores and release it onto surfaces without the need for any external energy. The research describes a material that could open the door to new ways to collect water from the air in arid regions and devices that cool electronics or buildings using the power of evaporation.",Environment,https://www.sciencedaily.com/releases/2025/05/250521161126.htm
Personal Space Chemistry Suppressed by Perfume and Body Lotion Indoors,"In 2022 a team discovered that high levels of OH radicals can be generated indoors, simply due to the presence of people and ozone. This means: People generate their own oxidation field and change the indoor air chemistry around them within their own personal space. Now, in a follow-up study again in cooperation with an international research team, they found that commonly applied personal care products substantially suppress a human&apos;s production of OH radicals. These findings have implications for the indoor chemistry, the air quality of occupied spaces, and human health, since many of the chemicals in our immediate vicinity are transformed by this field.",Environment,https://www.sciencedaily.com/releases/2025/05/250521161115.htm
MIT Scientists Develop Tool That Makes Underwater Scenes Crystal Clear,"MIT and WHOI scientists have unveiled SeaSplat, a system that makes underwater scenes look as if the ocean had been drained away. The tool cancels out water’s distortions and builds true-color 3D worlds that can be explored from any angle. This breakthrough could let marine biologists virtually “swim” through coral reefs to track bleaching and biodiversity with unprecedented clarity.",Environment,https://www.sciencedaily.com/releases/2025/05/250521125256.htm
Something's Fishy Here,"In nature, ecosystems are tightly linked through the flow of organisms, detritus, and nutrients across boundaries arbitrarily imagined by humans. These systems are deeply in tune with seasonal changes, fostering a harmonious ebb and flow of resources. Many of these connections remain poorly understood, especially the mechanisms responsible for maintaining biodiversity at the landscape level. One important example is the environmental drivers underlying variations in life-histories, or how organisms grow, survive, and reproduce in natural ecosystems. But as human activities ravage biodiversity on a global scale, elucidating the factors that cause variations in an organism&apos;s life-history is fundamental for understanding not only population persistence and adaptation to fluctuating environments, but also effective conservation and management.",Environment,https://www.sciencedaily.com/releases/2025/05/250521125107.htm
Enormous Boulder Washed Inland a Sign of Pacific Tsunami History,"Analysis has shown a boulder weighing almost 1,200 tons in Tonga is one of the largest known wave-transported rocks in the world, providing new insights into the Pacific region&apos;s history and risk of tsunamis.",Environment,https://www.sciencedaily.com/releases/2025/05/250521125100.htm
Yeast Reveals How Species Adapt to a Warmer Climate,How do organisms adapt to climate change? A new study reveals the complex interplay between genetic diversity and temperature tolerance evolution.,Environment,https://www.sciencedaily.com/releases/2025/05/250521125057.htm
Why Some Spiders Are More Venomous Than Others,"A new study has revealed why some spiders possess venom that is far more potent than others. By analyzing the venoms of more than 70 different spider species, the team explored whether factors such as body size, prey type, and hunting method, including the use of webs, could explain the wide variation in venom strength.",Environment,https://www.sciencedaily.com/releases/2025/05/250521125052.htm
Scientists Invent Breakthrough Device to Detect Airborne Signs of Disease,"If you&apos;ve ever sat waiting at the doctor&apos;s office to give a blood sample, you might have wished there was a way to find the same information without needles. But for all the medical breakthroughs of the 20th century, the best way to detect molecules has remained through liquids, such as blood. New research, however, could someday put a pause on pinpricks. A group of scientists announced they have created a small, portable device that can collect and detect airborne molecules -- a breakthrough that holds promise for many areas of medicine and public health.",Environment,https://www.sciencedaily.com/releases/2025/05/250521124758.htm
How to Use AI to Listen to the 'Heartbeat' of a City,"AI-driven “sentiment maps” built from geotagged Instagram posts reveal how city dwellers actually feel in specific locations. By pairing emotional signals with Google Street View imagery, researchers at Mizzou can pinpoint which physical features—lush parks, calming streetscapes, or safety concerns—spark joy or frustration. The goal: feed these real-time mood insights into urban digital twins so planners can design spaces that not only function efficiently but also uplift everyday human experience.",Environment,https://www.sciencedaily.com/releases/2025/05/250521124621.htm
Natural Algal Communities Can Inhibit Aquaculture Pathogens,Antimicrobial resistance is a growing issue in aquaculture. Researchers discovered that combinations of bacteria from live-feed microalgae are capable of inhibiting pathogens.,Environment,https://www.sciencedaily.com/releases/2025/05/250521124610.htm
Wind-Related Hurricane Losses for Homeowners in the Southeastern U.S. Could Be Nearly 76 Percent Higher by 2060,"Hurricane winds are a major contributor to storm-related losses for people living in the southeastern coastal states. As the global temperature continues to rise, scientists predict that hurricanes will get more destructive -- packing higher winds and torrential rainfall. A new study projects that wind losses for homeowners in the Southeastern coastal states could be 76 percent higher by the year 2060 and 102 percent higher by 2100.",Environment,https://www.sciencedaily.com/releases/2025/05/250521124607.htm
Songbirds' Great Risk Results in Great Genetic Reward,"Songbirds who make the arduous flight from their nesting sites in northern boreal forests to warm, southern climates in the winter may be rewarded for their journey with greater genetic diversity.",Environment,https://www.sciencedaily.com/releases/2025/05/250521124438.htm
Fool's Gold: A Hidden Climate Stabilizer,Researchers look to extremes in the past to study how the system reacts to imbalances. They detail an overlooked mechanism for how the ocean can help stabilize massive releases of carbon into the atmosphere following volcanic eruptions.,Environment,https://www.sciencedaily.com/releases/2025/05/250521124433.htm
Extreme Weather Cycles Change Underwater Light at Lake Tahoe,"Large shifts in UV radiation at Lake Tahoe are associated with wet and dry climate extremes, finds a new study.",Environment,https://www.sciencedaily.com/releases/2025/05/250521124100.htm
Taking the Guesswork out Birdsong Evolution,"Biologists recently announced that they have released the first broad scale, comparative, fine-grained analysis linking the amplitude, or volume, of a birds&apos; song to its vocal frequency, or pitch. Though biologists have long wondered whether birds are able to control their pitch as they get louder or if their vocal abilities are mechanically limited, until now there has been no wide-ranging data with which to probe this aspect of the evolutionary history of birdsong.",Environment,https://www.sciencedaily.com/releases/2025/05/250521001442.htm
"Southeast Asia Could Prevent Up to 36,000 Ozone-Related Early Deaths a Year by 2050 With Stricter Air Pollution Controls","A study has found that implementing robust air pollution control measures could mean Southeast Asian countries prevent as many as 36,000 ozone-related premature deaths each year by 2050.",Environment,https://www.sciencedaily.com/releases/2025/05/250521125115.htm
Landmark Report Reveals Key Challenges Facing Adolescents,"Poor mental health, rising obesity rates, exposure to violence and climate change are among the key challenges facing our adolescents today, according to a global report.",Environment,https://www.sciencedaily.com/releases/2025/05/250520183839.htm
How to Solve a Bottleneck for CO2 Capture and Conversion,"New research could improve the efficiency of electrochemical carbon-dioxide capture and release by six times and cut costs by at least 20 percent. Researchers added nanoscale filtering membranes to a carbon-capture system, separating the ions that carry out the capture and release steps, and enabling both steps to proceed more efficiently.",Environment,https://www.sciencedaily.com/releases/2025/05/250520162115.htm
Does Renewable Energy Reduce Fossil Fuel Production in the US?,"Increasing renewable energy may not reduce the use of fossil fuels in the United States, according to a new study .",Environment,https://www.sciencedaily.com/releases/2025/05/250520161838.htm
"Coastal Squeeze Is Bad for Biodiversity, and for Us, Experts Say","Worldwide, coastal areas are squeezed between a rising sea level on one end and human structures on the other. The distance between a sandy coastline and the first human structures averages less than 400 meters around the world. And the narrower a coastline is, the lower its biodiversity as well.",Environment,https://www.sciencedaily.com/releases/2025/05/250520122244.htm
Scientific Breakthrough Brings CO2 'Breathing' Batteries Closer to Reality,"Scientists have made a breakthrough in eco-friendly batteries that not only store more energy but could also help tackle greenhouse gas emissions. Lithium-CO2 &apos;breathing&apos; batteries release power while capturing carbon dioxide, offering a greener alternative that may one day outperform today&apos;s lithium-ion batteries.",Environment,https://www.sciencedaily.com/releases/2025/05/250520122027.htm
Forest Management Can Influence Health Benefits,"Forests play a crucial role in promoting health and wellbeing, but not all forests provide the same benefits. A large-scale study demonstrates how specific forest characteristics -- such as canopy density and tree species diversity -- can affect various health outcomes.",Environment,https://www.sciencedaily.com/releases/2025/05/250520122024.htm
Household Action Can Play Major Role in Climate Change Fight,"Encouraging people in North America and Sub-Saharan Africa to adopt a low-carbon lifestyle could help to cut global household emissions of planet-warming carbon dioxide by up to two-fifths, a new study reveals.",Environment,https://www.sciencedaily.com/releases/2025/05/250520121658.htm
New Research Reveals Puff Adders as an Important Conservation and Rodent Control Solution,"Often feared as dangerous, puff adders may be unsung agricultural heroes—capable of devouring rodents at extraordinary rates just when farmers need it most. By harnessing their natural abundance, these snakes could protect crops, cut losses, and reshape the way we think about pest control.",Environment,https://www.sciencedaily.com/releases/2025/05/250520121549.htm
Agrivoltaics Enjoys Comparatively High Acceptance,"Photovoltaic systems are increasingly being installed not only on roofs but also on open land. This does not always meet with citizens&apos; approval. What is known as agrivoltaics (Agri-PV), however, is viewed more favorably, as researchers have now been able to show. In this case, the solar cells are installed in spaces used for agriculture -- such as on pastures or as a canopy over grapevines. According to a survey of almost 2,000 people, this form enjoys much higher acceptance than normal solar parks.",Environment,https://www.sciencedaily.com/releases/2025/05/250520121254.htm
Native Turtles Return to Yosemite After Removal of Invasive Bullfrogs,"Yosemite’s ponds used to echo with the booming calls of invasive bullfrogs, which devoured young turtles, newts, birds, and more. Now, with bullfrogs nearly gone, native sounds are returning—and so are the northwestern pond turtles. The study shows that removing bullfrogs in critical areas could help restore the state’s only freshwater turtle.",Environment,https://www.sciencedaily.com/releases/2025/05/250520121146.htm
Thousands of Animal Species Threatened by Climate Change,"A novel analysis suggests more than 3,500 animal species are threatened by climate change and also sheds light on huge gaps in fully understanding the risk to the animal kingdom.",Environment,https://www.sciencedaily.com/releases/2025/05/250520121142.htm
Surprise Baby Whale Sightings Reveal There's Still Much to Learn About Humpbacks,"Humpback whales are not always born in tropical waters, new research has shown -- challenging long-held assumptions about their breeding and migration behaviors, while raising new questions for marine conservation.",Environment,https://www.sciencedaily.com/releases/2025/05/250520012829.htm
Research Team Traces Evolutionary History of Bacterial Circadian Clock on Ancient Earth,"To better understand the circadian clock in modern-day cyanobacteria, a research team has studied ancient timekeeping systems. They examined the oscillation of the clock proteins KaiA, KaiB, and KaiC (Kai-proteins) in modern cyanobacteria, comparing it to the function of ancestral Kai proteins.",Environment,https://www.sciencedaily.com/releases/2025/05/250520012730.htm
Clouding the Forecast: Study Reveals Why So Many Climate Models Are Wrong About the Rate of Arctic Warming,"The Arctic is one of the coldest places on Earth, but in recent decades, the region has been rapidly warming, at a rate three to four times faster than the global average. However, current climate models have been unable to account for this increased pace. Now, researchers have reported that clouds may be to blame.",Environment,https://www.sciencedaily.com/releases/2025/05/250520122238.htm
"Bees Facing New Threats, Putting Our Survival and Theirs at Risk","A new report identifies the top 12 emerging threats that could accelerate pollinator losses within the next 5-15 years, according to ten of the world&apos;s leading experts.",Environment,https://www.sciencedaily.com/releases/2025/05/250519204644.htm
A Head and a Hundred Tails: How a Branching Worm Manages Reproductive Complexity,"Scientists have uncovered the genetic underpinnings of one of the ocean&apos;s most bizarre animals: a branching marine worm named Ramisyllis kingghidorahi that lives inside sea sponges and reproduces in a truly extraordinary way. Living hidden in tropical waters, this worm grows multiple body branches within a host sponge, each tail capable of producing separate living reproductive units called &apos;stolons&apos;. But how does a single animal coordinate reproduction across so many branches?",Environment,https://www.sciencedaily.com/releases/2025/05/250519204531.htm
"Investment Risk for Energy Infrastructure Construction Is Highest for Nuclear Power Plants, Lowest for Solar","The average energy project costs 40% more than expected for construction and takes almost two years longer than planned, finds a new global study. One key insight: The investment risk is highest for nuclear power plant construction and lowest for solar. The researchers analyzed data from 662 energy projects built between 1936 and 2024 in 83 countries, totaling $1.358 trillion in investment.",Environment,https://www.sciencedaily.com/releases/2025/05/250519204507.htm
Using Sound to 'See' Unexploded Munitions on the Seafloor,More than 400 underwater sites in the United States are potentially contaminated with unexploded ordnance -- weapons that did not explode upon deployment.,Environment,https://www.sciencedaily.com/releases/2025/05/250519132024.htm
"Cover Crops May Not Be Solution for Both Crop Yield, Carbon Sequestration","People have assumed climate change solutions that sequester carbon from the air into soils will also benefit crop yields. But a new study finds that most regenerative farming practices to build soil organic carbon -- such as planting cover crops, leaving stems and leaves on the ground and not tilling -- actually reduce yields in many situations.",Environment,https://www.sciencedaily.com/releases/2025/05/250519131556.htm
"Glaciers Will Take Centuries to Recover Even If Global Warming Is Reversed, Scientists Warn","New research reveals mountain glaciers across the globe will not recover for centuries -- even if human intervention cools the planet back to the 1.5 C limit, having exceeded it.",Environment,https://www.sciencedaily.com/releases/2025/05/250519131551.htm
First-of-Its-Kind Global Study Shows Grasslands Can Withstand Climate Extremes With a Boost of Nutrients,"Fertilizer might be stronger than we thought. A new international study found that fertilizer can help plants survive short-term periods of extreme drought, findings which could have implications for agriculture and food systems in a world facing climate stressors.",Environment,https://www.sciencedaily.com/releases/2025/05/250519131545.htm
Nimble Dimples: Agile Underwater Vehicles Inspired by Golf Balls,"Underwater or aerial vehicles with dimples like golf balls could be more efficient and maneuverable, a new prototype has demonstrated.",Environment,https://www.sciencedaily.com/releases/2025/05/250519131445.htm
Could Nanoplastics in the Environment Turn E. Coli Into a Bigger Villain?,"Nanoplastics are everywhere. These fragments are so tiny they can accumulate on bacteria and be taken up by plant roots; they&apos;re in our food, our water, and our bodies. Scientists don&apos;t know the full extent of their impacts on our health, but new research suggests certain nanoplastics may make foodborne pathogens more virulent.",Environment,https://www.sciencedaily.com/releases/2025/05/250519131255.htm
Scientists Use Salinity to Trace Changes in the US Northeast Coastal Ocean,"The near-bottom water on the U.S. Northeast continental shelf provides a critical cold-water habitat for the rich regional marine ecosystem. This &apos;cold pool&apos; preserves winter temperatures, even when waters elsewhere become too warm or salty during the summer. The U.S. Northeast coastal ocean has experienced accelerated warming in recent years, compared to the global average. Now, scientists using salt as a tracer are investigating how much the influx of salty offshore water onto the continental shelf contributes to the observed &apos;erosion&apos; of the seasonal cold pool. This paper provides the first evidence for a seasonal salinification of the cold pool on the US Northeast continental shelf, as consistently observed in the multi-year mooring record of the [Ocean Observatories Initiative] Coastal Pioneer Array.",Environment,https://www.sciencedaily.com/releases/2025/05/250519131134.htm
"With Evolutionary AI, Scientists Find Hidden Keys for Better Land Use","Using centuries of land-use data, scientists have trained an AI system that evolves policy ideas the way nature evolves species—testing, mutating, and keeping only the best. The result? Smarter strategies for cutting carbon that avoid wrecking farms or habitats, proving that climate solutions don’t have to mean sacrificing everyday life.",Environment,https://www.sciencedaily.com/releases/2025/05/250519131038.htm
Fitness Fight: Native Bees Struggle Against Invasive Honey Bee,New research has revealed that high densities of European honey bees could be harming Australian native bees&apos; &apos;fitness&apos; by reducing their reproductive success and altering key traits linked to survival.,Environment,https://www.sciencedaily.com/releases/2025/05/250519131031.htm
Researchers Find CRISPR Is Capable of Even More Than We Thought,Newly discovered weapons of bacterial self-defense take different approaches to achieving the same goal: preventing a virus from spreading through the bacterial population.,Environment,https://www.sciencedaily.com/releases/2025/05/250516192951.htm
Heat-Tolerant Symbionts a Critical Key to Protecting Florida's Elkhorn Coral from Bleaching During Marine Heatwaves,A new study reveals that heat-tolerant symbiotic algae may be essential to saving elkhorn coral (Acropora palmata) -- a foundational species in Caribbean reef ecosystems -- from the devastating impacts of marine heatwaves and coral bleaching.,Environment,https://www.sciencedaily.com/releases/2025/05/250516165152.htm
Study Reveals Healing the Ozone Hole Helps the Southern Ocean Take Up Carbon,"New research suggests that the negative effects of the ozone hole on the carbon uptake of the Southern Ocean are reversible, but only if greenhouse gas emissions rapidly decrease. The study finds that as the ozone hole heals, its influence on the ocean carbon sink of the Southern Ocean will diminish, while the influence of greenhouse gas (GHG) emissions will rise.",Environment,https://www.sciencedaily.com/releases/2025/05/250516165150.htm
Designing the Future of Clean Energy: Janus Heterobilayers Lead the Way,Janus heterobilayers -- dual-sided materials with unique properties -- may be the key to efficiently creating clean hydrogen fuels.,Environment,https://www.sciencedaily.com/releases/2025/05/250516134544.htm
Rising Temperatures Lead to Unexpectedly Rapid Carbon Release from Soils,How sensitively does organic carbon stored in soils react to changes in temperature and humidity?,Environment,https://www.sciencedaily.com/releases/2025/05/250516134534.htm
Ancient Ocean Sediments Link Changes in Currents to Cooling of Northern Hemisphere 3.6 Million Years Ago,"New research from an international group looking at ancient sediment cores in the North Atlantic has for the first time shown a strong correlation between sediment changes and a marked period of global cooling that occurred in the Northern Hemisphere some 3.6 million years ago. The changes in sediments imply profound changes in the circulation of deep water currents occurred at this time. This crucial piece of work, which showed sediments changed in multiple sites east of the mid-Atlantic ridge but not west of that important geographical feature, opens multiple doors to future research aimed at better understanding the link between deep water currents, Atlantic Ocean heat and salt distribution and ice-sheet expansion, and climatic change.",Environment,https://www.sciencedaily.com/releases/2025/05/250516134410.htm
GPS for Proteins: Tracking the Motions of Cell Receptors,"Taste, pain, or response to stress -- nearly all essential functions in the human body are regulated by molecular switches called G protein-coupled receptors (GPCRs). Researchers have uncovered the fundamental mechanism how such a GPCR works. Using a method similar to the earth satellite GPS, they could track the motions of a GPCR and observe it in action. Their findings provide guidance for designing drugs.",Environment,https://www.sciencedaily.com/releases/2025/05/250516134407.htm
Light-to-Electricity Nanodevice Reveals How Earth's Oldest Surviving Cyanobacteria Worked,"Scientists have decoded the atomic structure of Photosystem I from a 3-billion-year-old cyanobacteria lineage, offering a unique look at early oxygen-producing photosynthesis. The ancient nanodevice, purified from Anthocerotibacter panamensis, shows a remarkably conserved three-leaf-clover architecture for light absorption despite billions of years of evolution. The findings suggest that the fundamental design for harnessing sunlight was established very early in the history of life on Earth, predating the evolution of more complex photosynthetic machinery.",Environment,https://www.sciencedaily.com/releases/2025/05/250516134402.htm
New Model for More Accurate Landslide Prediction,"Engineers have developed a groundbreaking computational model to study the movement of granular materials such as soils, sands and powders. By integrating the dynamic interactions among particles, air and water phases, this state-of-the-art system can accurately predict landslides, improve irrigation and oil extraction systems, and enhance food and drug production processes.",Environment,https://www.sciencedaily.com/releases/2025/05/250516134359.htm
Very Different Mammals Follow the Same Rules of Behavior,"In the natural world -- where predators pounce, prey flee, and group members feed and sleep in solidarity -- animal behavior is glorious in its variety. Now, new research suggests there may be an underlying architecture that orders the movements of animals as they go about their very different lives. And it&apos;s more widespread than previously imagined.",Environment,https://www.sciencedaily.com/releases/2025/05/250516133220.htm
“Lost” Giant Rat Found Alive in Papua Mountains After 30 Years,"In the mist-shrouded mountains of New Guinea, a Czech researcher has achieved a world-first — capturing photos, video, and data of the elusive Subalpine Woolly Rat, Mallomys istapantap. Once known only from museum specimens, this giant, shaggy rodent has been rediscovered after three decades, revealing a hidden ecosystem of biodiversity. Working alongside indigenous hunters, the expedition not only unveiled new scientific insights but also strengthened the bridge between local knowledge and modern research — offering hope for conservation in one of the planet’s last unexplored frontiers.",Environment,https://www.sciencedaily.com/releases/2025/10/251023031634.htm
Language a Barrier in Biodiversity Work,A study has shown scientific knowledge on the conservation of endangered species is often overlooked when not presented in English.,Environment,https://www.sciencedaily.com/releases/2025/05/250516134552.htm
One in Ten Asthma Cases Can Be Avoided With a Better Urban Environment,"The combination of air pollution, dense urban development and limited green spaces increases the risk of asthma in both children and adults.",Environment,https://www.sciencedaily.com/releases/2025/05/250516134549.htm
A Vicious Cycle: How Methane Emissions from Warming Wetlands Could Exacerbate Climate Change,The latest study finds that emissions of the potent greenhouse gas might be higher than previously estimated.,Environment,https://www.sciencedaily.com/releases/2025/05/250515191232.htm
Amazon Could Survive Long-Term Drought but at a High Cost,"The Amazon rainforest may be able to survive long-term drought caused by climate change, but adjusting to a drier, warmer world would exact a heavy toll, a study suggests.",Environment,https://www.sciencedaily.com/releases/2025/05/250515132116.htm
Dual Associations With Two Fungi Improve Tree Fitness,"When trees and soil fungi form close associations with each other, both partners benefit. Many tree species have further enhanced this cooperation by forming a concurrent symbiosis with two different groups of mycorrhizal fungi. Those trees cope better with water and nutrient scarcity, which is an important trait for forestry in the face of climate warming.",Environment,https://www.sciencedaily.com/releases/2025/05/250515132021.htm
World's Rivers Remapped to Improve Flood Modeling,"A team has created the most complete map of the world&apos;s rivers ever made offering a major leap forward for flood prediction, climate risk planning, and water resource management in a warming world. The new study introduces GRIT -- a mapping system that finally shows how rivers really flow, branch, and connect landscapes.",Environment,https://www.sciencedaily.com/releases/2025/05/250515131955.htm
Human Activity Reduces Plant Diversity Hundreds of Kilometers Away,"Natural ecosystems comprise groups of species capable of living in the specific conditions of a biological system. However, if we visit a specific natural area, we will not find all the species capable of living in it. The proportion of species that could live in a specific location but do not do so is known as dark diversity, a concept coined in 2011. Research has now discovered that this dark diversity increases in regions with greater human activity.",Environment,https://www.sciencedaily.com/releases/2025/05/250515131830.htm
"Scientists Use Fossils to Assess the Health of Florida's Largest Remaining Seagrass Bed: Surprisingly, It's Doing Well!",A new study shows that seagrass ecosystems along the northern half of Florida&apos;s Gulf Coast have remained relatively healthy and undisturbed for the last several thousand years.,Environment,https://www.sciencedaily.com/releases/2025/05/250515131745.htm
Should We Protect Non-Native Species? A New Study Says Maybe,A new study found that over a quarter of the world&apos;s naturalized plant species are threatened in parts of their native range -- raising questions about the role non-native populations may play in global conservation efforts.,Environment,https://www.sciencedaily.com/releases/2025/05/250514181240.htm
"Drinking Water, Select Foods Linked to PFAS in California Adults","A new study examined associations between diet, drinking water, and &apos;legacy&apos; PFAS -- chemicals that were phased out of production in the US in the 2000s -- with blood samples from California residents. PFAS exposure was associated with consumption of seafood, eggs, and brown rice, but fewer other foods than suggested by earlier studies. PFAS levels were elevated among people who lived in areas where these chemicals were detectable in their drinking water supply, but lower than levels found in highly contaminated communities.",Environment,https://www.sciencedaily.com/releases/2025/05/250514180920.htm
What Behavioral Strategies Motivate Environmental Action?,"A collaborative study tested 17 strategies in an &apos;intervention tournament.&apos; Interventions targeting future thinking, such as writing a letter for a child to read in the future, are the most effective ways to motivate climate action.",Environment,https://www.sciencedaily.com/releases/2025/05/250514180737.htm
Engineers Tackle Sunlight Intermittency in Solar Desalination,"A team of engineers has developed a system that could transform desalination practices, making the process more adaptable, resilient and cheaper. The new system is powered by sunlight and uses a creative approach to heat recovery for extended water production -- with and without sunshine.",Environment,https://www.sciencedaily.com/releases/2025/05/250514180732.htm
Satellite Data from Ship Captures Landslide-Generated Tsunami,New research demonstrates shipborne navigation systems have potential to improve tsunami detection and warning.,Environment,https://www.sciencedaily.com/releases/2025/05/250514175421.htm
Tech Meets Tornado Recovery,"Traditional methods of assessing damage after a disaster can take weeks or even months, delaying emergency response, insurance claims and long-term rebuilding efforts. New research might change that. Researchers have developed a new method that combines remote sensing, deep learning and restoration models to speed up building damage assessments and predict recovery times after a tornado. Once post-event images are available, the model can produce damage assessments and recovery forecasts in less than an hour.",Environment,https://www.sciencedaily.com/releases/2025/05/250514175419.htm
Artificial Intelligence and Genetics Can Help Farmers Grow Corn With Less Fertilizer,"Scientists are using artificial intelligence to determine which genes collectively govern nitrogen use efficiency in plants such as corn, with the goal of helping farmers improve their crop yields and minimize the cost of nitrogen fertilizers.",Environment,https://www.sciencedaily.com/releases/2025/05/250514164325.htm
"Sharp Depletion in Soil Moisture Drives Land Water to Flow Into Oceans, Contributing to Sea Level Rise","The increasing frequency of once-in-a-decade agricultural and ecological drought has underscored the urgency of studying hydrological changes. A research team has analyzed the estimated changes in land water storage over the past 40 years by utilizing space geodetic observation technology and global hydrological change data. This innovative method has revealed a rapid depletion in global soil moisture, resulting in a significant amount of water flowing into the oceans, leading to a rise in sea levels. The research provides new insights into the driving factors behind the alarming reduction in terrestrial water storage and rise in sea levels.",Environment,https://www.sciencedaily.com/releases/2025/05/250514155300.htm
Tiny Gas Bubbles Reveal Secrets of Hawaiian Volcanoes,"Using advanced technology that analyzes tiny gas bubbles trapped in crystal, a team of scientists has precisely mapped how magma storage evolves as Hawaiian volcanoes age.",Environment,https://www.sciencedaily.com/releases/2025/05/250514150149.htm
Dexterity and Climbing Ability: How Ancient Human Relatives Used Their Hands,"Scientists have found new evidence for how our fossil human relatives in South Africa may have used their hands. Researchers investigated variation in finger bone morphology to determine that South African hominins not only may have had different levels of dexterity, but also different climbing abilities.",Environment,https://www.sciencedaily.com/releases/2025/05/250514141659.htm
The Ripple Effect of Small Earthquakes Near Major Faults,"When we think of earthquakes, we imagine sudden, violent shaking. But deep beneath the Earth&apos;s surface, some faults move in near silence. These slow, shuffling slips and their accompanying hum -- called tremors -- don&apos;t shake buildings or make headlines. But scientists believe they can serve as useful analogs of how major earthquakes begin and behave.",Environment,https://www.sciencedaily.com/releases/2025/05/250514141653.htm
"New Study Shows AI Can Predict Child Malnutrition, Support Prevention Efforts","A multidisciplinary team of researchers has developed an artificial intelligence (AI) model that can predict acute child malnutrition in Kenya up to six months in advance. The tool offers governments and humanitarian organizations critical lead time to deliver life-saving food, health care, and supplies to at-risk areas. The machine learning model outperforms traditional approaches by integrating clinical data from more than 17,000 Kenyan health facilities with satellite data on crop health and productivity. It achieves 89% accuracy when forecasting one month out and maintains 86% accuracy over six months -- a significant improvement over simpler baseline models that rely only on recent historical child malnutrition prevalence trends.",Environment,https://www.sciencedaily.com/releases/2025/05/250514141640.htm
Microplastics in Texas Bays Are Being Swept out to Sea,"When researchers went searching for microplastics in sediments pulled from the bottom of Matagorda Bay and its surrounding inlets, they didn&apos;t find much. Most of their samples contained only tens to hundreds of microplastic particles for each kilogram of sediment. This is hundreds to thousands of times less than other bayside environments around the world.",Environment,https://www.sciencedaily.com/releases/2025/05/250514132244.htm
"Europe's Forest Plants Thrive Best in Light-Rich, Semi-Open Woodlands -- Kept Open by Large Herbivores","Before Homo sapiens arrived, Europe&apos;s forests were not dense and dark but shaped by open and light-rich woodland landscapes. Researchers have analyzed 917 native forest plant species in Central and Western Europe and found that more than 80 percent prefer high-light conditions -- environments traditionally created by large herbivores.",Environment,https://www.sciencedaily.com/releases/2025/05/250514120052.htm
An Ink That Boosts Coral Reef Settlement by 20 Times,"With coral reefs in crisis due to climate change, scientists have engineered a bio-ink that could help promote coral larvae settlement and restore these underwater ecosystems before it&apos;s too late. Researchers demonstrate that the ink could boost coral settlement by more than 20 times, which they hope could contribute to rebuilding coral reefs around the world.",Environment,https://www.sciencedaily.com/releases/2025/05/250514111233.htm
New Global Model Shows How to Bring Environmental Pressures Back to 2015 Levels by 2050,"A new study finds that with bold and coordinated policy choices -- across emissions, diets, food waste, and water and nitrogen efficiency -- humanity could, by 2050, bring global environmental pressures back to levels seen in 2015. This shift would move us much closer to a future in which people around the world can live well within the Earth&apos;s limits.",Environment,https://www.sciencedaily.com/releases/2025/05/250514111054.htm
New Catalyst Boosts Efficiency of CO2 Conversion,"Researchers have developed an encapsulated cobalt-nickel alloy that significantly improves the efficiency and durability of high-temperature CO2 conversion, a promising technology for carbon recycling and sustainable fuel production.",Environment,https://www.sciencedaily.com/releases/2025/05/250514111051.htm
Understanding Carbon Traps,"As industries seek innovative solutions for carbon capture, scientists have turned to advanced materials that efficiently trap and store carbon dioxide (CO ) from industrial emissions. A recent study sheds light on the gas adsorption physics of so-called Calgary Framework 20 (CALF-20), a zinc-based metal-organic framework (MOF). While applying a combination of advanced techniques, the scientists reveal the material&apos;s unique adaptability under varying conditions.",Environment,https://www.sciencedaily.com/releases/2025/05/250514181649.htm
Climate Change Is Turning Coastal Lagoons Into 'Salty Soup',"The impacts of human activity and climate change are coalescing to make coastal lagoons saltier, changing the microbial life they support and the function they play in their ecosystems, according to new research.",Environment,https://www.sciencedaily.com/releases/2025/05/250514141905.htm
A Plant You've Never Heard of Can Do What Scientists Once Thought Impossible,"Life’s diversity doesn’t always take millions of years to appear—sometimes it can happen overnight. Plants like beetleweed can double their chromosomes, creating entirely new lineages that coexist with their parent species, a discovery that overturns old assumptions about how evolution plays out.",Environment,https://www.sciencedaily.com/releases/2025/05/250513153323.htm
Growth Before Photosynthesis: How Trees Regulate Their Water Balance,"In order for trees to grow, they need to control their water balance meticulously. A study shows how trees react to drought -- and revises previous perceptions.",Environment,https://www.sciencedaily.com/releases/2025/05/250513112306.htm
Scientists Define the Ingredients for Finding Natural Clean Hydrogen,"Researchers have detailed the geological ingredients required to find clean sources of natural hydrogen beneath our feet. The work details the requirements for natural hydrogen, produced by the Earth itself over geological time, to accumulate in the crust, and identifies that the geological environments with those ingredients are widespread globally. Hydrogen is $135 billion industry, essential for making fertilizer and other important societal chemicals, and a critical clean energy source for future low carbon emission technologies, with a market estimated to be up to $1000 billion by 2050. These findings offer a solution to the challenge of hydrogen supply, and will help industry to locate and extract natural hydrogen to meet global demands, eliminating the use of hydrocarbons for this purpose.",Environment,https://www.sciencedaily.com/releases/2025/05/250513112301.htm
"Butterflies Hover Differently from Other Flying Organisms, Thanks to Body Pitch","Butterflies&apos; flight trajectories often appear random or chaotic, but their hovering patterns can potentially provide critical design insights for developing micro aerial vehicles with flapping wings. Researchers studied how butterflies use aerodynamic force generation to achieve hovering, using high-speed cameras to observe wild-caught white cabbage butterflies and relying on a deep learning model to track the butterflies&apos; body features and specific wing points during their flight sequences. They found the primary factor contributing to butterflies&apos; hovering is their body pitch.",Environment,https://www.sciencedaily.com/releases/2025/05/250513112141.htm
New Computer Language Helps Spot Hidden Pollutants,Biologists and chemists have a new programming language to uncover previously unknown environmental pollutants at breakneck speed -- without requiring them to code.,Environment,https://www.sciencedaily.com/releases/2025/05/250513172036.htm
Enhanced Activity in the Upper Atmosphere of Sporadic E Layers During the 2024 Mother's Day Super Geomagnetic Storm,"Researchers report on ionospheric sporadic E layer (Es) activity during the Mother&apos;s Day geomagnetic storm. The team found that the Es layers were significantly enhanced over Southeast Asia, Australia and South Pacific, as well as the eastern Pacific regions during the recovery phase of the geomagnetic storm. They also observed a propagation characteristic in the Es enhancement region wherein the clouds were first detected in high latitudes and detected successively in lower latitudes as time progressed.",Environment,https://www.sciencedaily.com/releases/2025/05/250513112454.htm
Summer in the City: Urban Heat Release and Local Rainfall,"Stifling heat and sticky air often make summertime in the city uncomfortable. Due to the heat island effect, urban areas are significantly warmer than nearby rural areas, even at night. This, combined with more frequent extreme weather events caused by climate change, often render the city an unpleasant environment in the summer. Urbanization and climate change modify the thermal environment of urban areas, with an expectation that urban disasters from extremely hot weather and heavy rainfall will only become more severe. Mitigating potential damage involves reducing the intensity of the heat island effect and adapting to climate change. Motivated by this problem, a team of researchers set out to investigate how the reduction in urban heat release could help mitigate and control the rapid development of thunderstorms and local rainfall.",Environment,https://www.sciencedaily.com/releases/2025/05/250512202042.htm
Sunlight-Powered System Mimics Plants to Power Carbon Capture,"Current methods of capturing and releasing carbon are expensive and so energy-intensive they often require, counterproductively, the use of fossil fuels. Taking inspiration from plants, researchers have assembled a chemical process that can power carbon capture with an energy source that&apos;s abundant, clean and free: sunlight.",Environment,https://www.sciencedaily.com/releases/2025/05/250512153400.htm
Submarine Robot Catches an Underwater Wave,Engineers have taught a simple submarine robot to take advantage of turbulent forces to propel itself through water.,Environment,https://www.sciencedaily.com/releases/2025/05/250512153357.htm
Study Uncovers Mystery of How Mini Sand Dunes Form,A new study has uncovered the mystery of how mini sand dunes form on beaches and in deserts.,Environment,https://www.sciencedaily.com/releases/2025/05/250512153349.htm
"Invasive Salmon, Clams and Seaweed Are Next Threats to Biodiversity in Britain","Pink salmon, Purple Asian clams, marine invertebrates that form spaghetti-like colonies and a nematode worm that causes extensive deaths of trees are among the new entries in experts&apos; watchlist of invasive non-native species that could threaten Great Britain in the next 10 years. The latest version of the watchlist again includes known problem species such as the yellow-legged (Asian) hornet, raccoon and twoleaf watermilfoil.",Environment,https://www.sciencedaily.com/releases/2025/05/250512133649.htm
Helping Birds and Floating Solar Energy Coexist,How might floating solar energy projects impact wild birds and vice versa? A paper outlines key considerations for a growing floating solar industry.,Environment,https://www.sciencedaily.com/releases/2025/05/250512105204.htm
"Microbial 'Phosphorus Gatekeeping' Found at Center of Study Exploring 700,000 Years of Iconic Coastline","A team of researchers investigated a sequence of coastal dunes of different ages (from 0-700,000 years old) in Cooloola National Park near Rainbow Beach to understand how soil microorganisms coped with severely declining levels of nutrients such as phosphorus in soil as the dunes got older. They found microbes -- such as fungi and bacteria -- acted is &apos;phosphorus gatekeepers&apos; to deal with low phosphorus levels.",Environment,https://www.sciencedaily.com/releases/2025/05/250512105202.htm
The Kids Are Hungry: Juvenile European Green Crabs Just as Damaging as Adults,"Scientists have found that juvenile European green crabs can do as much damage as adults to shellfish and native sea plants, calling into question current methods to eradicate the invasive crustaceans.",Environment,https://www.sciencedaily.com/releases/2025/05/250512105157.htm
It's Not Just El Niño: New Climate Phenomenon Impacts Hawai'i Rainfall,"El Nino-Southern Oscillation (ENSO) is known to have a significant impact on climate across the Pacific, including Hawai&apos;i, and adjacent continents. However, atmospheric scientists have now revealed that the Pacific Meridional Mode (PMM), another climate pattern that operates in the eastern Pacific Ocean, plays a major role in the variability of rainfall in Hawai&apos;i.",Environment,https://www.sciencedaily.com/releases/2025/05/250512105541.htm
"Tapping a New Toolbox, Engineers Buck Tradition in New High-Performing Heat Exchanger","A team engineers created a twisty high-temperature heat exchanger that outperformed a traditional straight channel design in heat transfer, power density and effectiveness and used an innovative technique to 3D print and test the metal proof of concept.",Environment,https://www.sciencedaily.com/releases/2025/05/250512105502.htm
First Fossil Evidence of Endangered Tropical Tree Discovered,"In a groundbreaking discovery in Brunei, scientists have found two-million-year-old fossils of Dryobalanops rappa—an endangered tropical tree that still lives today. The find marks the first fossil evidence of a living, endangered tree species and sheds light on the deep history of Asia’s lush rainforests. This ancient lineage, confirmed through microscopic leaf analysis, reveals that these iconic dipterocarp trees have thrived in Borneo’s peatlands for millions of years.",Environment,https://www.sciencedaily.com/releases/2025/05/250509132216.htm
"Ultrasound Unlocks a Safer, Greener Way to Make Hydrogels","Researchers have developed a new way to create hydrogels using ultrasound, eliminating the need for toxic chemical initiators. This breakthrough offers a faster, cleaner and more sustainable approach to hydrogel fabrication, and produces hydrogels that are stronger, more flexible and highly resistant to freezing and dehydration. The new method also promises to facilitate advances in tissue engineering, bioadhesives and 3D bioprinting.",Environment,https://www.sciencedaily.com/releases/2025/05/250509132214.htm
Metals and Hormone-Disrupting Substances Pose Real Threat to Sustainable Agriculture and Water Management in Europe,"Metals and hormone-disrupting substances such as estrogens present a genuine risk to the sustainability of agriculture and water management in Europe. This research provides new insights into the distribution, availability, and risks associated with these pollutants, while also highlighting shortcomings in current regulations.",Environment,https://www.sciencedaily.com/releases/2025/05/250509122122.htm
Heat and Land Use: Bees Suffer in Particular,"In a new study, researchers are investigating the interaction of major global change drivers on insects.",Environment,https://www.sciencedaily.com/releases/2025/05/250509122113.htm
Satellite Measures CO2 and NO2 Simultaneously from Power Plant Emissions for the First Time,A research team used the German environmental satellite EnMAP (Environmental Mapping and Analysis Program) to simultaneously detect the two key air pollutants carbon dioxide (CO2) and nitrogen dioxide (NO2) in emission plumes from power plants -- with an unprecedented spatial resolution of just 30 meters. The newly developed method allows for tracking of industrial emissions from space with great precision and enables atmospheric processes to be analyzed in detail.,Environment,https://www.sciencedaily.com/releases/2025/05/250509122111.htm
Bacterium Produces 'Organic Dishwashing Liquid' to Degrade Oil,"The marine bacterium Alcanivorax borkumensis feeds on oil, multiplying rapidly in the wake of oil spills, and thereby accelerating the elimination of the pollution, in many cases. It does this by producing an &apos;organic dishwashing liquid&apos; which it uses to attach itself to oil droplets. Researchers have now discovered the mechanism by which this &apos;organic dishwashing liquid&apos; is synthesized.",Environment,https://www.sciencedaily.com/releases/2025/05/250509122012.htm
A Smarter Way to Make Sulfones: Using Molecular Oxygen and a Functional Catalyst,"As a recent leap in green chemistry, scientists have unveiled a new catalyst that enables high yields of sulfones using molecular oxygen -- at close to room temperature. By fine-tuning the structure of oxygen vacancies in perovskite oxide catalysts, the researchers successfully reduced the reaction temperature from 80-150 C to nearly 30 C, offering improved energy efficiency. The study marks a significant milestone in advancing complex sulfide oxidation reactions, offering sustainability with excellent efficiency.",Environment,https://www.sciencedaily.com/releases/2025/05/250509122010.htm
Internal Clocks Determine the Ups and Downs of Antarctic Krill,Antarctic krill do not only react to external environmental influences such as light or food. They also use their internal clock to adapt to the extreme conditions of the polar environment.,Environment,https://www.sciencedaily.com/releases/2025/05/250509121921.htm
Machine Learning Powers New Approach to Detecting Soil Contaminants,A team of researchers has developed a new strategy for identifying hazardous pollutants in soil -- even ones that have never been isolated or studied in a lab.,Environment,https://www.sciencedaily.com/releases/2025/05/250509121913.htm
"Urine, Not Water for Efficient Production of Green Hydrogen","Researchers have developed two unique energy-efficient and cost-effective systems that use urea found in urine and wastewater to generate hydrogen. The unique systems reveal new pathways to economically generate &apos;green&apos; hydrogen, a sustainable and renewable energy source, and the potential to remediate nitrogenous waste in aquatic environments.",Environment,https://www.sciencedaily.com/releases/2025/05/250509122255.htm
"Health Care Workers, Firefighters Have Increased PFAS Levels, Study Finds",Researchers looked at PFAS serum concentrations in health care workers for the first time and were surprised by what they found.,Environment,https://www.sciencedaily.com/releases/2025/05/250508172446.htm
Red Alert for Our Closest Relatives,New report shows drastic decline in endangered primates and calls for conservation measures.,Environment,https://www.sciencedaily.com/releases/2025/05/250508161444.htm
Sulfur Runoff Amplifies Mercury Concentrations in Florida Everglades,"Sulfur from sugarcane crops is flowing into wetlands in the Florida Everglades, creating toxic methylmercury, which accumulates in fish, a new study finds.",Environment,https://www.sciencedaily.com/releases/2025/05/250508161315.htm
Study of Türkiye Gold Mine Landslide Highlights Need for Future Monitoring,A new analysis of a fatal landslide that occurred on 13 February 2024 at the pler Gold Mine in Turkiye reveals that the site of the landslide had been slowly moving for at least four years prior to the failure.,Environment,https://www.sciencedaily.com/releases/2025/05/250508161312.htm
Researchers Find New Defense Against Hard-to-Treat Plant Diseases,Researchers showed that some spinach defensins can confer similar protection to citrus and potatoes -- and possibly other crops. The effects show significant progress toward recovering yield and improving quality in diseased plants.,Environment,https://www.sciencedaily.com/releases/2025/05/250508161310.htm
Removing Selenium from Water Takes Iron Strength,Environmental engineers have developed critical methods to remove toxic selenium from water.,Environment,https://www.sciencedaily.com/releases/2025/05/250508161307.htm
Mercury Levels in the Atmosphere Have Decreased Throughout the 21st Century,"Mercury is released by environmental and human-driven processes. And some forms, specifically methylmercury, are toxic to humans. Therefore, policies and regulations to limit mercury emissions have been implemented across the globe. And, according to new research, those efforts may be working. Researchers found that atmospheric mercury levels have decreased by almost 70% in the last 20 years, mainly because human-caused emissions have been reduced.",Environment,https://www.sciencedaily.com/releases/2025/05/250508161151.htm
Researchers Develop Practical Solution to Reduce Emissions and Improve Air Quality from Brick Manufacturing in Bangladesh,"A new study analyzes the results of a randomized controlled trial (RCT) that showed that brick kiln owners in Bangladesh are willing and able to implement cleaner and more efficient business practices within their operations -- without legal enforcement -- if they receive the proper training and support, and if those changes are aligned with their profit motives. The study is the first to rigorously demonstrate successful strategies to improve efficiency within the traditional brick kiln industry.",Environment,https://www.sciencedaily.com/releases/2025/05/250508161141.htm
Nature Visits Can Improve Well-Being Disparities Among Urban Dwellers,How relatedness-to-nature is linked to well-being is determined by district-level socioeconomic status. A new analysis is based on survey results from two major Japanese metropolitan areas.,Environment,https://www.sciencedaily.com/releases/2025/05/250508113115.htm
Waxing and Waning Prairie: New Study Unravels Causes of Ancient Climate Changes,A long period of drought in North America has been recognized by scientists for decades. A new study links the severe climate to a change in Earth&apos;s orbit.,Environment,https://www.sciencedaily.com/releases/2025/05/250508113112.htm
How to Reduce Global CO2 Emissions from Industry,Global emissions of carbon dioxide from industry can be reduced by five per cent. But that requires companies and policy makers to take a holistic approach to energy efficiency and energy management and not solely focus on technological development.,Environment,https://www.sciencedaily.com/releases/2025/05/250508113110.htm
Scottish Shrimp Study Illuminates New Potential for Bait-Less Fishing,"Fishing pots fitted with LED lights catch significantly more shrimp and fish, new research shows.",Environment,https://www.sciencedaily.com/releases/2025/05/250508112717.htm
All of the Biggest U.S. Cities Are Sinking,"Across America’s 28 biggest cities, the ground is shifting—literally. A new study using millimeter-precision satellite data reveals that almost all these cities are sinking, with some areas plummeting by up to two inches per year. It’s not just coastal cities at risk; inland metropolises like Dallas, Denver, and Chicago are also affected. In many cases, the culprit is massive groundwater extraction, which compresses underground sediment and causes the surface to drop. Some cities are even warping unevenly—sinking in some places and rising in others—posing a unique threat to buildings and infrastructure that weren’t designed to handle such lopsided movement.",Environment,https://www.sciencedaily.com/releases/2025/05/250508112609.htm
Database Reveals Vital Ocean Links to Aid Conservation,Scientists have launched an interactive global map to show the migratory patterns of more than 100 marine species in an effort to protect at-risk wildlife.,Environment,https://www.sciencedaily.com/releases/2025/05/250508112607.htm
Eco-Friendly Aquatic Robot Is Made from Fish Food,"An edible robot leverages a combination of biodegradable fuel and surface tension to zip around the water&apos;s surface, creating a safe -- and nutritious -- alternative to environmental monitoring devices made from artificial polymers and electronics.",Environment,https://www.sciencedaily.com/releases/2025/05/250508112558.htm
Just 30 Species of Tree Dominate World's Most Diverse Savanna,Scientists have found that a mere 30 species of trees in the Cerrado -- the world&apos;s largest and most floristically diverse savanna -- account for nearly half of all its trees. The &apos;hyperdominance&apos; by a few species could help researchers understand how this vast ecosystem functions.,Environment,https://www.sciencedaily.com/releases/2025/05/250508112548.htm
Satellites Observe Glacier Committing 'Ice Piracy',"A glacier in Antarctica is committing &apos;ice piracy&apos; -- stealing ice from a neighbor -- in a phenomenon that has never been observed in such a short time frame, say scientists.",Environment,https://www.sciencedaily.com/releases/2025/05/250508113134.htm
Warming Climate Making Fine Particulate Matter from Wildfires More Deadly and Expensive,"Scientists say human-caused climate change led to 15,000 additional early deaths from wildfire air pollution in the continental United States during the 15-year period ending in 2020.",Environment,https://www.sciencedaily.com/releases/2025/05/250507141127.htm
Feat of 'Dung-Gineering' Turns Cow Manure Into One of World's Most Used Materials,"A new technique to extract tiny cellulose strands from cow dung and turn them into manufacturing-grade cellulose, currently used to make everything from surgical masks to food packaging, has been developed.",Environment,https://www.sciencedaily.com/releases/2025/05/250507130753.htm
The World's Wealthiest 10% Caused Two Thirds of Global Warming Since 1990,Wealthy individuals have a higher carbon footprint. A new study quantifies the climate outcomes of these inequalities. It finds that the world&apos;s wealthiest 10% are responsible for two thirds of observed global warming since 1990 and the resulting increases in climate extremes such as heatwaves and droughts.,Environment,https://www.sciencedaily.com/releases/2025/05/250507130519.htm
New Study Tracks Air Pollution and CO2 Emissions Across Thousands of Cities Worldwide,"In a sweeping new study of more than 13,000 urban areas worldwide, researchers have mapped air pollution levels and carbon dioxide emissions, providing comprehensive global analysis of urban environmental quality.",Environment,https://www.sciencedaily.com/releases/2025/05/250507130516.htm
The Atmospheric Memory That Feeds Billions of People: Newly Discovered Mechanism for Monsoon Rainfall,"Across the globe, monsoon rainfall switches on in spring and off in autumn. Until now, this seasonal pattern was primarily understood as an immediate response to changes in solar radiation. A new study shows that the atmosphere can store moisture over extended periods, creating a physical memory effect. It allows monsoon systems to flip between two stable states. Disrupting this delicate balance, would have severe consequences for billions of people in India, Indonesia, Brazil and China.",Environment,https://www.sciencedaily.com/releases/2025/05/250507130511.htm
Is Virtual-Only Couture the New Clothing Craze?,"As fast fashion continues to fill wardrobes and landfills at a staggering pace, new research suggests that the future of fashion might lie not in fabric, but in pixels.",Environment,https://www.sciencedaily.com/releases/2025/05/250507130506.htm
Pioneering Research Reveals Tree-Mendous Potential of Inexpensive Drones to Help Community Forests Flourish and Unlock Restoration Funding,"In the lush forests of Borneo, researchers have found a surprisingly simple tool to empower local communities in the global fight against climate change: drones. By using a single lightweight drone and free software, community groups can now accurately measure the carbon stored in their forests—something that once required expensive satellites or complex field surveys. This breakthrough not only makes restoration funding more accessible but also gives local people the power to monitor, protect, and even defend their land.",Environment,https://www.sciencedaily.com/releases/2025/05/250507130344.htm
Fewer Parasites in the Indian River Lagoon Signal Big Ecosystem Problems,"Parasites are crucial indicators of ecosystem health, and their absence can signal trouble. Once pristine, Florida&apos;s Indian River Lagoon (IRL) now faces pollution and algal blooms that have damaged essential habitats like seagrass beds. New research finds parasite levels in the IRL are significantly lower than in comparable ecosystems worldwide -- 11% lower overall and 17% lower for larval parasites requiring multiple hosts. This sharp decline suggests a disrupted food web likely caused by pollution and habitat degradation, and a less resilient and more vulnerable ecosystem.",Environment,https://www.sciencedaily.com/releases/2025/05/250507130336.htm
New Roadmap Advances Catalytic Solutions to Destroy 'Forever Chemicals',"Researchers have outlined a bold new roadmap for harnessing heterogeneous catalysis to destroy per- and polyfluoroalkyl substances (PFAS), the so-called &apos;forever chemicals&apos; that have contaminated water supplies worldwide.",Environment,https://www.sciencedaily.com/releases/2025/05/250507130330.htm
Smart Spongy Device Captures Water from Thin Air,"Engineers have invented a sponge-like device that captures water from thin air and then releases it in a cup using the sun&apos;s energy, even in low humidity where other technologies such as fog harvesting and radiative cooling have struggled. The water-from-air device remained effective across a broad range of humidity levels (30 -- 90%) and temperatures (5 -- 55 degrees Celsius).",Environment,https://www.sciencedaily.com/releases/2025/05/250507125955.htm
Climate Change: Future of Today's Young People,"Climate scientists reveal that millions of today&apos;s young people will live through unprecedented lifetime exposure to heatwaves, crop failures, river floods, droughts, wildfires and tropical storms under current climate policies. If global temperatures rise by 3.5 C by 2100, 92% of children born in 2020 will experience unprecedented heatwave exposure over their lifetime, affecting 111 million children. Meeting the Paris Agreement&apos;s 1.5 C target could protect 49 million children from this risk. This is only for one birth year; when instead taking into account all children who are between 5 and 18 years old today, this adds up to 1.5 billion children affected under a 3.5 C scenario, and with 654 million children that can be protected by remaining under the 1.5 C threshold.",Environment,https://www.sciencedaily.com/releases/2025/05/250507125838.htm
Cracking the Code: Deciphering How Concrete Can Heal Itself,"Lichen is an understated presence in our everyday world, often found clinging to trees and rocks. Its true beauty lies in its unique symbiotic system of fungi and algae, or cyanobacteria, that form a self-sustaining partnership, allowing it to thrive in even the harshest conditions. With that inspiration, researchers created a synthetic lichen system that collaborates like natural lichens. Their system uses cyanobacteria, which turns air and sunlight into food, and filamentous fungi, which produces minerals that seal the cracks. Working together, these microbes survive on nothing more than air, light and water. The autonomy of this system sets it apart from previous self-healing concrete endeavors.",Environment,https://www.sciencedaily.com/releases/2025/05/250507125653.htm
Replanted Rainforests May Benefit from Termite Transplants,"Termites -- infamous for their ability to destroy wood -- are rarely welcomed into rainforests that have been painstakingly replanted. But a new paper suggests that termite transplants may be necessary to help regenerating forests to thrive. Scientists found that termites are not thriving in replanted rainforests in Australia. Because decomposers like termites are essential for recycling nutrients and carbon, the researchers worry that the insect&apos;s slow recovery could hinder the growth and health of the young forests.",Environment,https://www.sciencedaily.com/releases/2025/05/250506224350.htm
"Discovery: A Better, More Targeted Termite Terminator",Researchers have identified a chemical that kills about 95 percent of a western drywood termite colony without off-target effects on mammals.,Environment,https://www.sciencedaily.com/releases/2025/05/250506170943.htm
AI Has Untapped Potential to Advance Biodiversity Conservation,A new study suggests the use of artificial intelligence (AI) to rapidly analyze vast amounts of biodiversity data could revolutionize conservation efforts by enabling scientists and policymakers to make better-informed decisions.,Environment,https://www.sciencedaily.com/releases/2025/05/250506170938.htm
Two New Crocodile Species Discovered,"Biologists have discovered two previously unknown species of crocodiles, one living on the island of Cozumel and the other on the atoll of Banco Chinchorro, both off the Yucat n Peninsula. The findings challenge long-held assumptions about the American crocodile (Crocodylus acutus) and highlight the urgent need for conservation efforts, the researchers say.",Environment,https://www.sciencedaily.com/releases/2025/05/250506170923.htm
Practical New Tool Created for Detecting Nanoplastics and Microplastics in the Environment,"A team of researchers has developed a cost-effective, high-throughput technology for detecting nanoplastics and microplastics in the environment. These particles are pervasive, posing health and environmental risks, yet detecting them at the nanoscale has been difficult. The 3D-printed HoLDI-MS test platform overcomes the limitations of traditional mass spectrometry by enabling direct analysis of samples without requiring complex sample preparation. The researchers say it also will work for detection of waterborne plastic particles. HoLDI-MS stands for hollow-laser desorption/ionization mass spectrometry.",Environment,https://www.sciencedaily.com/releases/2025/05/250506170918.htm
Heat and Drought Are Quietly Hurting Crop Yields,"A new study reveals how climate change has altered growing conditions for the world&apos;s five major crops over the past half century and is reshaping agriculture. The impacts corroborate climate models used to predict impacts, with a couple of important exceptions according to the researchers.",Environment,https://www.sciencedaily.com/releases/2025/05/250506152212.htm
2024 Sea Level 'Report Cards' Map Futures of US Coastal Communities,"Researchers have released their 2024 U.S. sea level &apos;report cards,&apos; providing updated analyses of sea level trends and projections for 36 coastal communities. Encompassing 55 years of historical data in a new, interactive dashboard, the report cards aid planning and adaptation efforts by forecasting rates of sea level rise to 2050.",Environment,https://www.sciencedaily.com/releases/2025/05/250506135744.htm
"Development, Agriculture Present Risks for Drinking Water Quality",Converting forest land to urban development or agricultural use can present risks to water quality when done near streams or river sources. This study examined data from 15 water treatment plants in the Middle Chattahoochee watershed to model the impacts of four potential land use scenarios several decades into the future.,Environment,https://www.sciencedaily.com/releases/2025/05/250506131518.htm
Slickrock: Geologists Explore Why Utah's Wasatch Fault Is Vulnerable to Earthquakes,"Using rock samples collected from the Wasatch Fault, geoscientists combined experiments and analysis with examinations of fault rock textures. The team&apos;s research revealed significant clues about the Wasatch Fault&apos;s earthquake risk. Researchers explain why properties of fault rocks and geologic events that occurred more than a billion years ago portend worrisome seismic activity for Utah&apos;s population center.",Environment,https://www.sciencedaily.com/releases/2025/05/250506131515.htm
Breakthrough in Fuel Cell Recycling Turns 'Forever Chemicals' Into Renewable Resources,A new technique that uses soundwaves to separate materials for recycling could help prevent potentially harmful chemicals leaching into the environment.,Environment,https://www.sciencedaily.com/releases/2025/05/250506131506.htm
Scientists Discover a New Way to Convert Corn Waste Into Low-Cost Sugar for Biofuel,"Scientists have found a new way to produce sugar from corn stalks and other crop waste, potentially opening a new pathway to sustainable biofuels.",Environment,https://www.sciencedaily.com/releases/2025/05/250506131145.htm
Cutting Greenhouse Gases Will Reduce Number of Deaths from Poor Air Quality,"Up to 250,000 deaths from poor air quality could be prevented annually in central and western Europe by 2050 if greenhouse gas emissions are drastically reduced, say researchers.",Environment,https://www.sciencedaily.com/releases/2025/05/250506105342.htm
Sustainability Often Used as a Buzzword in Agricultural Genomics,"Claims about sustainability are increasing in agricultural genomics research, but the term is often not well-defined, leading to potential concerns about the impact and credibility of the research, according to a recent study.",Environment,https://www.sciencedaily.com/releases/2025/05/250506105500.htm
Western US Spring Runoff Is Older Than You Think,Hydrologists show most streamflow out of the West&apos;s mountains is old snowmelt on a multi-year underground journey. New study finds that spring runoff is on average 5 years old.,Environment,https://www.sciencedaily.com/releases/2025/05/250505204924.htm
Halo Patterns Around Coral Reefs May Signal Resilience,"A new study links grazing halo patterns in coral reefs, as well as those in other patchy habitats, to the spatial patterns of the shelter habitat itself. The researchers found that grazing halos are distinct when the coral is clustered but merge into each other when the coral is dispersed.",Environment,https://www.sciencedaily.com/releases/2025/05/250505204921.htm
"Sampling, Lab Capacity Could Be Weak Links in African Swine Fever Outbreak",A model looked at the numbers associated with detecting and containing a potential African swine fever virus (ASFV) outbreak in the U.S. and found that sampling and laboratory capacity are areas of concern -- particularly in areas with dense swine farm populations -- when samples are tested within the state.,Environment,https://www.sciencedaily.com/releases/2025/05/250505171011.htm
A Fully Automated Tool for Species Tree Inference,"Engineers are making it easier for researchers from a broad range of backgrounds to understand how different species are evolutionarily related, and support the transformative biological and medical applications that rely on these species trees. The researchers developed a scalable, automated and user-friendly tool called ROADIES that allows scientists to infer species trees directly from raw genome data, with less reliance on the domain expertise and computational resources currently required.",Environment,https://www.sciencedaily.com/releases/2025/05/250505170636.htm
Biological Particles May Be Crucial for Inducing Heavy Rain,"Atmospheric and climate scientists show that biological particles may induce rain events that could contribute to flooding and snowstorms, owing to their ability to precipitate ice formation in clouds. They call for an update of meteorological and climate models.",Environment,https://www.sciencedaily.com/releases/2025/05/250505121805.htm
Vertical Farming to Increase Yields and Reduce Environmental Impact,"Vertical farming can do more than lettuce. A research team has investigated the cultivation of six food groups in vertical farming: Crops, algae, mushrooms, insects, fish and cultivated meat. In this study, the researchers show the positive effects of vertical farming on both yield and environmental impact and underline its role in future food security.",Environment,https://www.sciencedaily.com/releases/2025/05/250505121752.htm
Are Agricultural Pesticides an Environmental Threat?,"A study has demonstrated that pesticides can negatively affect non-target species living in agricultural environment. However, the effects varied greatly depending on the substance tested.",Environment,https://www.sciencedaily.com/releases/2025/05/250505121750.htm
Artificial Oxygen Supply in Coastal Waters: A Hope With Risks,"Could the artificial introduction of oxygen revitalise dying coastal waters? While oxygenation approaches have already been proven successful in lakes, their potential side effects must be carefully analysed before they can be used in the sea. This is the conclusion of researchers from GEOMAR Helmholtz Centre for Ocean Research Kiel and Radboud University in the Netherlands. In an article in the scientific journal EOS, they warn: Technical measures can mitigate damage temporarily and locally, but they are associated with considerable uncertainties and risks. Above all, they do not offer a permanent solution because the oxygen content will return to its previous level once the measures end, unless the underlying causes of the problem, nutrient inputs and global warming, are not tackled.",Environment,https://www.sciencedaily.com/releases/2025/05/250505121618.htm
"Urban Rats Spread Deadly Bacteria as They Migrate, Study Finds","Urban rats spread a deadly bacteria as they migrate within cities that can be the source of a potentially life-threatening disease in humans, according to a six-year study that also discovered a novel technique for testing rat kidneys.",Environment,https://www.sciencedaily.com/releases/2025/05/250505121615.htm
Blue Tips Are Red Algae's Red Flags,"Some red algae exhibit structural color that gives their growth tips a blue hue and the rest of their bodies including their fruiting structures a white hue. Moreover, since the color-producing structures are located together with anti-herbivory chemicals, the discovery further suggests that red algae use colors for inter-species communication.",Environment,https://www.sciencedaily.com/releases/2025/05/250505121436.htm
Are at-Home Water Tests Worth It? New Study Shows Quality Can Vary Widely,"For the cautious -- or simply curious -- homeowner, an at-home water testing kit may seem reassuring. But there are high levels of variability between test kits&apos; abilities to detect potential contaminants in water, a new study has found.",Environment,https://www.sciencedaily.com/releases/2025/05/250505121433.htm
"Ancient Poems Tell the Story of Charismatic River Porpoise's Decline Over the Past 1,400 Years","Endemic to China&apos;s Yangtze River, the Yangtze finless porpoise is known for its intelligence and charismatic appearance; it looks like it has a perpetual smile on its face. To track how this critically endangered porpoise&apos;s habitat range has changed over time, a team of biodiversity and conservation experts compiled 724 ancient Chinese poems referencing the porpoise from historic collections across China. Their results show that the porpoise&apos;s range has decreased by at least 65% over the past 1,400 years, with the majority of this decline occurring in the past century.",Environment,https://www.sciencedaily.com/releases/2025/05/250505121426.htm
Traditional Forest Medicinal Plant Ghost Pipe Used Differently Today,"Despite a long history of traditional medicinal use in the United States, the collection, consumption and efficacy of the peculiar forest plant aptly named ghost pipe, scientific name Monotropa uniflora, remains a mystery. Now, with social media and the internet driving a resurgence in the harvest and economic trade of the parasitic species -- which appears strangely white because it is devoid of chlorophyl -- a research team has taken the first step toward documenting its new status.",Environment,https://www.sciencedaily.com/releases/2025/05/250502182520.htm
Scientists Discover Key to Taming Unrest at Italy's Campi Flegrei,"New research shows that elevation changes and earthquakes in Italy&apos;s Campi Flegrei volcanic area are caused by rising pressure in a geothermal reservoir -- not magma or its gases, as commonly thought. Channeling water runoff or lowering groundwater levels could reduce risks for surrounding communities.",Environment,https://www.sciencedaily.com/releases/2025/05/250502182509.htm
Space Junk Falling to Earth Needs to Be Tracked:  Meteoroid Sounds Can Help,"Space junk and meteoroids are falling to Earth every year, posing a growing risk as they re-enter the atmosphere at high speeds. Researchers are using infrasound sensors to track these objects, including bolides, which are meteoroids breaking apart in the sky. New research shows that infrasound signals can help track these objects, but the trajectory needs to be considered, especially for objects entering at shallow angles. This study highlights the importance of improving monitoring techniques for planetary defense and space junk management.",Environment,https://www.sciencedaily.com/releases/2025/05/250502133936.htm
Dust in the System -- How Saharan Storms Threaten Europe's  Solar Power Future,"New research reveals how Saharan dust impacts solar energy generation in Europe. Dust from North Africa reduces photovoltaic (PV) power output by scattering sunlight, absorbing irradiance, and promoting cloud formation. The study, based on field data from 46 dust events between 2019 and 2023, highlights the difficulty of predicting PV performance during these events. Conventional forecasting tools often fail, so the team suggests integrating real-time dust load data and aerosol-cloud coupling into models for better solar energy scheduling and preparedness.",Environment,https://www.sciencedaily.com/releases/2025/05/250502133933.htm
Loss of Sea Ice Alters the Colors of Light in the Ocean,"The disappearance of sea ice in polar regions due to global warming not only increases the amount of light entering the ocean, but also changes its color. These changes have far-reaching consequences for photosynthetic organisms such as ice algae and phytoplankton.",Environment,https://www.sciencedaily.com/releases/2025/05/250502133930.htm
Electricity-Generating Bacteria May Power Future Innovations,"A team has discovered how certain bacteria breathe by generating electricity, using a natural process that pushes electrons into their surroundings instead of breathing on oxygen. The findings could enable new developments in clean energy and industrial biotechnology.",Environment,https://www.sciencedaily.com/releases/2025/05/250501164008.htm
Study Shows How Millions of Bird Sightings Unlock Precision Conservation,A groundbreaking study reveals that North American bird populations are declining most severely in areas where they should be thriving. Researchers analyzed 36 million bird observations shared by birdwatchers to the Cornell Lab&apos;s eBird program alongside multiple environmental variables derived from high-resolution satellite imagery for 495 bird species across North America from 2007 to 2021.,Environment,https://www.sciencedaily.com/releases/2025/05/250501163957.htm
"Exposure to Extreme Heat and Cold Temperature Is Leading to Additional Preventable Deaths, New 19-Year Study Suggests","Urgent action must be taken to reduce the ever-rising number of people killed by extreme temperatures in India, say the authors of a new 19-year study which found that 20,000 people died from heatstroke in the last two decades. Cold exposure claimed another 15,000 lives.",Environment,https://www.sciencedaily.com/releases/2025/05/250501163954.htm
Intensifying Farmland Can Sometimes Degrade Biodiversity More Than Expansion,"The intensification of existing farmland can sometimes be more harmful to local biodiversity than expanding the area covered by agricultural land, finds a new study.",Environment,https://www.sciencedaily.com/releases/2025/05/250501122454.htm
"Eruption Loading: New Approaches to Earthquake Monitoring at Ontake Volcano, Japan","A new study has investigated the use of a new monitoring technique for early warning of a volcanic eruption. The research team compared the earthquake signals during two eruptions of Ontake Volcano in Japan, one of which was a small eruption and the other of which was explosive. From this, they were able to identify that shear-wave splitting parameters showed differences depending on the size of the eruption. The study proposes that the monitoring of this signal would provide a useful early warning of dangerous volcanic eruptions.",Environment,https://www.sciencedaily.com/releases/2025/05/250501122438.htm
Invasive Rats and Rainforest Mammals Are Sharing Gut Microbes as Urban Areas Grow,"As urban development continues to creep further into Earth&apos;s oldest and most diverse rainforests, a study reveals native and invasive small mammals aren&apos;t just adapting to their changing habitats -- they may also be sharing their microbes.",Environment,https://www.sciencedaily.com/releases/2025/05/250501122110.htm
Rhythmically Trained Sea Lion Returns for an Encore -- And Performs as Well as Humans,"Animal research on biomusicality, which looks at whether different species are capable of behaving in ways that show they recognize aspects of music, including rhythm and beat, remains a tantalizing field at the intersection of biology and psychology. Now, the highly trained California sea lion who achieved global fame for her ability to bob her head to a beat is finally back: starring in a new study that shows her rhythm is just as precise -- if not better -- than humans.",Environment,https://www.sciencedaily.com/releases/2025/05/250501122105.htm
New Research Reveals the Hidden Organism Behind Lake Erie’s Toxic Blooms,"Dolichospermum, a type of cyanobacteria thriving in Lake Erie’s warming waters, has been identified as the surprising culprit behind the lake’s dangerous saxitoxins—some of the most potent natural neurotoxins known. Using advanced genome sequencing, researchers uncovered that only certain strains produce the toxin, and that warmer temperatures and low ammonium levels may tip the ecological balance in their favor.",Environment,https://www.sciencedaily.com/releases/2025/11/251130205503.htm
Oceans Are Heating Faster in Two Bands Stretching Around Globe,"The world&apos;s oceans are heating faster in two bands stretching around the globe, one in the southern hemisphere and one in the north, according to climate scientists.",Environment,https://www.sciencedaily.com/releases/2025/05/250501122720.htm
Lava Flow Jigsaw Puzzle Reveals the Secrets of Shifting Continents,"Analyzing lava flows that solidified and then broke apart over a massive crack in the Earth&apos;s crust in Turkey has brought new insights into how continents move over time, improving our understanding of earthquake risks.",Environment,https://www.sciencedaily.com/releases/2025/05/250501122602.htm
International Experts Lead Calls to Embed Nature in City Infrastructure for Better Health and Climate Resilience,"Trees, parks, wetlands and green roofs can no longer be seen as a &apos;nice-to-have&apos; aesthetic enhancement but a vital component for creating climate-resilient, healthier and more equitable cities, according to an international paper.",Environment,https://www.sciencedaily.com/releases/2025/04/250430142729.htm
Zoo Life Boosts Object Exploration in Orangutans,"A new study comparing wild and zoo-housed Sumatran orangutans reveals that life in a zoo significantly alters how orangutans interact with their environment. Researchers analyzed over 12,000 instances of daily exploratory object manipulation (EOM) -- the active manipulation and visual inspection of objects associated with learning and problem-solving -- across 51 orangutans aged 0.5 to 76 years. The findings show that orangutans living in zoos engage in more frequent, more diverse, and more complex exploration than their wild counterparts.",Environment,https://www.sciencedaily.com/releases/2025/04/250430142727.htm
Deciphering the Migratory Behavior and Connectivity of Mediterranean and Atlantic Cory's Shearwaters,"A good wildlife management plan must include information on their migratory processes if the conservation of a species, particularly an endangered species, is to be improved. In the marine environment, for example, regulating fishing activity in certain wintering areas could improve and complement conservation and protection measures carried out on the breeding grounds.",Environment,https://www.sciencedaily.com/releases/2025/04/250430142551.htm
From the Front Garden to the Continent: Why Biodiversity Does Not Increase Evenly from Small to Large,"The number of species does not increase evenly when going from local ecosystems to continental scales -- a phenomenon ecologists have recognized for decades. Now, an international team of scientists has developed a new theory to explain the three distinct phases typical of species distributions across scales. The theory may be crucial for estimating how many species are lost when habitats are destroyed.",Environment,https://www.sciencedaily.com/releases/2025/04/250430142340.htm
"Juvenile Salmon Roam Between Salt and Fresh Water While Exploring Coast and Rivers, New Research Finds","The well-known salmon life cycle has long been described as going only one way at a time. Juvenile salmon hatch and swim down rivers to the ocean, where they grow and mature before returning to the same river to spawn the next generation. Turns out that many young salmon do things differently.",Environment,https://www.sciencedaily.com/releases/2025/04/250430142252.htm
New Study Unlocks How Root Cells Sense and Adapt to Soil,"Scientists have discovered, for the first time how root cells respond to their complex soil environment revealing that roots actively sense their microenvironment and mount precise, cell-specific molecular responses. The findings could help the development crops that are resistant to climate stress.",Environment,https://www.sciencedaily.com/releases/2025/04/250430142236.htm
In Two Decades Increasing Urban Vegetation Could Have Saved Over 1.1 Million Lives,"Increasing urban vegetation by 30% could save over one-third of all heat related deaths, saving up to 1.16 million lives globally from 2000 to 2019 according to a 20-year modelling study of the impact of increasing greenness in more than 11,000 urban areas.",Environment,https://www.sciencedaily.com/releases/2025/04/250430142226.htm
Green Nickel for Sustainable Electrification,"Scientists have developed a carbon-free, energy-saving method to extract nickel for batteries and stainless steel.",Environment,https://www.sciencedaily.com/releases/2025/04/250430142018.htm
One of Earth's Ancient Volcanic Mysteries Solved,"A new study traces a 120-million-year-old &apos;super-eruption&apos; to its source, offering new insights into Earth&apos;s complex geological history.",Environment,https://www.sciencedaily.com/releases/2025/04/250430142012.htm
Restoring Oil Wells Back to Nature With Moss,"In what could represent a milestone in ecological restoration, researchers have implemented a method capable of restoring peatlands at tens of thousands of oil and gas exploration sites in Western Canada. The project involves lowering the surface of these decommissioned sites, known as well pads, and transplanting native moss onto them to effectively recreate peatlands. This is the first time researchers have applied the method to scale on an entire well pad. The study found that the technique results in sufficient water for the growth of peatland moss across large portions of the study site.",Environment,https://www.sciencedaily.com/releases/2025/04/250430142002.htm
Bacterial Villain Behind Lake Erie's 'Potent Toxin' Unveiled,"In the warm summertime waters of Lake Erie, cyanobacteria, or blue-green algae, can proliferate out of control, creating algal blooms that produce toxins at a rate that can harm wildlife and human health.",Environment,https://www.sciencedaily.com/releases/2025/04/250430141851.htm
Rare Earth Element Extraction Bolstered by New Research,A more efficient and environmentally friendly approach to extracting rare earth elements that power everything from electric vehicle batteries to smartphones could increase domestic supply and decrease reliance on costly imports.,Environment,https://www.sciencedaily.com/releases/2025/04/250430141837.htm
'Scratching' More Than the Ocean's Surface to Map Global Microplastic Movement,"An international team of scientists has moved beyond just &apos;scratching the surface,&apos; to understand how microplastics move through and impact the global ocean. For the first time, scientists have mapped microplastic distribution from the surface to the deep sea at a global scale -- revealing not only where plastics accumulate, but how they infiltrate critical ocean systems. Researchers synthesized depth-profile data from 1,885 stations collected between 2014 and 2024 to map microplastic distribution patterns by size and polymer type, while also evaluating potential transport mechanisms.",Environment,https://www.sciencedaily.com/releases/2025/04/250430141835.htm
"When Sea Stars Fall, Sea Otters Rise: Sea Otters Benefit from Prey Boom Triggered by Loss of Ochre Sea Stars","In 2013, a sea star wasting syndrome decimated populations of Pisaster along the west coast of North America and along the Monterey Peninsula in California, where this study was conducted. The orange and purple stars have a hungry appetite for mussels in the rocky intertidal. Without the voracious sea stars lurking around, mussel populations exploded, expanding in cover from around five percent to more than 18 percent within three years. In the wake of the sea star die-off, mussels became a major prey surplus for sea otters, revealing a surprising link between the adjacent rocky intertidal and kelp forest ecosystems. The new research into the phenomenon shows how the loss of a keystone predator (Pisaster) in one ecosystem can impart changes to another (sea otters), linking ecosystems.",Environment,https://www.sciencedaily.com/releases/2025/04/250430141832.htm
Seasonal Changes Affect Alcohol Tolerance and Your Waistline,"Researchers have found that drug effectiveness, alcohol tolerance, and carbohydrate metabolism change with the seasons. Their findings are based on a comprehensive seasonal gene expression map, which investigated over 54,000 genes in 80 tissues in monkeys across one year. The study has implications for drug prescription and precision medicine.",Environment,https://www.sciencedaily.com/releases/2025/04/250430142959.htm
Forest in Sync: Spruce Trees May Communicate During a Solar Eclipse,"Regular light-dark cycles greatly affect organisms, and events like eclipses induce distinctive physiological and behavioral shifts. While well-documented in animals, plant behavior during eclipses remains largely unexplored. Scientists monitored spruce trees to assess their bioelectrical responses to a solar eclipse and discovered trees anticipated the eclipse, synchronizing their bioelectrical behavior hours in advance. Older trees displayed greater anticipatory behavior with early time-asymmetry and entropy increases.",Environment,https://www.sciencedaily.com/releases/2025/04/250429195323.htm
Palatable Versus Poisonous: Eavesdropping Bats Must  Learn to Identify Which Prey Is Safe to Eat,"Scientists found that the fringe-lipped bat, known to eavesdrop on frog and toad mating calls to find its prey, learns to distinguish between palatable and unpalatable frogs and toads through experience. The findings provide the first evidence that eavesdropping predators fine-tune their hunting cues over the course of their development.",Environment,https://www.sciencedaily.com/releases/2025/04/250429195317.htm
"Missed School Is an Overlooked Consequence of Tropical Cyclones, Warming Planet","New research finds that tropical cyclones reduce years of schooling for children in low- and middle-income countries, particularly in areas unaccustomed to frequent storms. Girls are disproportionately affected.",Environment,https://www.sciencedaily.com/releases/2025/04/250429162117.htm
Heart Disease Deaths Worldwide Linked to Chemical Widely Used in Plastics,"DEHP, a chemical used in plastics, may have contributed to over 356,000 heart-related deaths globally in 2018—most heavily in Asia and the Middle East. The chemical, linked to inflammation in arteries, is found in items like food packaging and medical gear. Scientists now warn of its massive health and economic costs.",Environment,https://www.sciencedaily.com/releases/2025/04/250429103143.htm
Rainfall Triggers Extreme Humid Heat in Tropics and Subtropics,"Scientists believe they have found a way to improve warning systems for vulnerable communities threatened by humid heatwaves, which are on the rise due to climate change and can be damaging and even fatal to human health. The study analysed how patterns of recent rainfall can interact with dry or moist land conditions to influence the risk of extreme humid heat in the global tropics and subtropics.",Environment,https://www.sciencedaily.com/releases/2025/04/250429102851.htm
Concerning Chemicals from the Wear of Climbing Shoes Cause Trouble in Indoor Halls,"Those who climb indoors are doing something for their health. But climbing shoes contain chemicals of concern that can enter the lungs of climbers through the abrasion of the soles. In a recent study, researchers have shown that high concentrations of potentially harmful chemicals from climbing shoe soles can be found in the air of bouldering gyms, in some cases higher than on a busy street.",Environment,https://www.sciencedaily.com/releases/2025/04/250429102843.htm
Greasing the Wheels of the Energy Transition to Address Climate Change and Fossil Fuels Phase out,"The global energy system may be faced with an inescapable trade-off between urgently addressing climate change versus avoiding an energy shortfall, according to a new energy scenario tool.",Environment,https://www.sciencedaily.com/releases/2025/04/250429103149.htm
Extreme Monsoon Changes Threaten the Bay of Bengal's Role as a Critical Food Source,"New research has revealed that expected, extreme changes in India&apos;s summer monsoon could drastically hamper the Bay of Bengal&apos;s ability to support a crucial element of the region&apos;s food supply: marine life. The scientists examined how the monsoon, which brings heavy rains to the Indian subcontinent, has influenced the Bay of Bengal&apos;s marine productivity over the past 22,000 years.",Environment,https://www.sciencedaily.com/releases/2025/04/250428222135.htm
New Pests and Diseases Will Cut UK Tree Growth,"The arrival of new plant pests and diseases is likely to severely damage UK trees and woodlands in the coming decades, new research shows.",Environment,https://www.sciencedaily.com/releases/2025/04/250428222132.htm
New Pangenome Analysis Uncovers Genetic Key to Larger Peanut Yields,"Researchers have identified crucial structural variations that determine seed size and weight in peanuts, paving the way for the development of higher-yielding crop varieties.",Environment,https://www.sciencedaily.com/releases/2025/04/250428222000.htm
Social 'Hippie' Spiders Don't Believe in Labels: Study Challenges Long-Held Assumptions About Animal Personalities,"Scientists suggest social spiders are more about going with the flow than sticking to a role, after new research challenges the idea of fixed personalities.",Environment,https://www.sciencedaily.com/releases/2025/04/250428221942.htm
Elephant Instead of Wild Boar? What Could Have Been in Europe,"Even under today&apos;s climatic conditions, the long-extinct straight-tusked elephant could still live in Europe. This is the conclusion of a recent study. For this finding, the research group combined fossil finds with reconstructions of past climates.",Environment,https://www.sciencedaily.com/releases/2025/04/250428221914.htm
Geoengineering Technique Could Cool Planet Using Existing Aircraft,"A technique to cool the planet, in which particles are added to the atmosphere to reflect sunlight, would not require developing special aircraft but could be achieved using existing large planes, according to a new modelling study.",Environment,https://www.sciencedaily.com/releases/2025/04/250428221708.htm
'Wood You Believe It?' Engineers Fortify Wood With Eco-Friendly Nano-Iron,"With more than 181.5 billion tons of wood produced globally each year, a new method could revolutionize how we build sustainably. By infusing red oak with ferrihydrite using a simple, low-cost process, researchers strengthened the wood at the cellular level without adding weight or altering flexibility -- offering a durable, eco-friendly alternative to steel and concrete. The treated wood retains its natural behavior but gains internal durability -- paving the way for greener alternatives in construction, furniture and flooring.",Environment,https://www.sciencedaily.com/releases/2025/04/250428221705.htm
Climate Change Increases the Risk of Simultaneous Wildfires,"Climate change is increasing the risk of wildfires in many regions of the world. This is due partly to specific weather conditions -- known as fire weather -- that facilitate the spread of wildfires. Researchers have found that fire weather seasons are increasingly overlapping between eastern Australia and western North America. The research team examined the causes of this shift and its implications for cross-border cooperation between fire services in Canada, the US, and Australia.",Environment,https://www.sciencedaily.com/releases/2025/04/250428221659.htm
Extreme Rainfall: A Long-Standing Hypothesis on Temperature Dependence Finally Settled?,"Flash floods resulting from extreme rainfall pose a major risk to people and infrastructure, especially in urban areas. Higher temperatures due to global climate change affect continuous rainfall and short rain showers in somewhat equal measure. However, if both types of precipitation occur at the same time, as is typical for thunderstorm cloud clusters, the amount of precipitation increases more strongly with increasing temperature, as shown in a recent study.",Environment,https://www.sciencedaily.com/releases/2025/04/250428221220.htm
"Breakthrough Extends Fuel Cell Lifespan Beyond 200,000 Hours, Paving the Way for Clean Long-Haul Trucking","Researchers have developed a new catalyst design capable of pushing the projected fuel cell catalyst lifespans to 200,000 hours. The research marks a significant step toward the widespread adoption of fuel cell technology in heavy-duty vehicles, such as long-haul tractor trailers. While platinum-alloy catalysts have historically delivered superior chemical reactions, the alloying elements leach out over time, diminishing catalytic performance. The degradation is further accelerated by the demanding voltage cycles required to power heavy-duty vehicles. To address this challenge, the team has engineered a durable catalyst architecture with a novel design that shields platinum from the degradation typically observed in alloy systems.",Environment,https://www.sciencedaily.com/releases/2025/04/250428220921.htm
Want to Understand Grasslands? Look at the Bigger Picture,New research asks how local and regional factors determine the makeup of plant species in grasslands. Researchers from a restoration ecology lab are attempting to solve a longstanding question in community ecology: how do regional and local factors jointly determine biodiversity?,Environment,https://www.sciencedaily.com/releases/2025/04/250428220914.htm
How Math Helps to Protect Crops from Invasive Disease,New research demonstrates how mathematical modeling can predict outbreaks of toxic fungi in Texas corn crops -- offering a potential lifeline to farmers facing billions in harvest losses.,Environment,https://www.sciencedaily.com/releases/2025/04/250428220903.htm
Study Using Simulations Highlights Power of Pooled Data in Environmental Health Research,Conflicting findings in environmental epidemiology have long stalled consensus on the health effects of toxic chemicals. A new study suggests that one major reason for these inconsistencies may be the limited exposure ranges in individual studies -- leading to underpowered results and unclear conclusions.,Environment,https://www.sciencedaily.com/releases/2025/04/250428220900.htm
Flower Strips Could Save Apple Farmers Pest Control Costs,"Planting wildflowers in apple orchards could save farmers up to 3,000 per hectare a year, according to a new study.",Environment,https://www.sciencedaily.com/releases/2025/04/250428220854.htm
Blackberries With No Thorns? Scientist Assembles Genome of a Blackberry in Major Step to Breed Better Fruit,"New blackberry varieties could provide a boon for farmers looking to rebound after the decline of Florida citrus and who see an opportunity to meet the growing demand for blackberries, which have soared in popularity in recent years.",Environment,https://www.sciencedaily.com/releases/2025/04/250428220850.htm
Anatomy of a 'Zombie' Volcano: Investigating the Cause of Unrest Inside Uturuncu,"Scientists have collaborated to analyze the inner workings of Bolivia&apos;s &apos;zombie&apos; volcano, Uturuncu. By combining seismology, physics models and analysis of rock composition, researchers identify the causes of Uturuncu&apos;s unrest, alleviating fears of an imminent eruption.",Environment,https://www.sciencedaily.com/releases/2025/04/250428220444.htm
Flood Risk Increasing in Pacific Northwest,"A powerful earthquake, combined with rising sea levels, could significantly increase flood risks in the Pacific Northwest, impacting thousands of residents and properties in northern California, Oregon, and Washington, according to new research. The study found that a major earthquake could cause coastal land to sink up to 6.5 feet, expanding the federally designated 1 percent coastal floodplain, an area with a 1-in-100 chance of flooding each year, by 35 to 116 square miles.",Environment,https://www.sciencedaily.com/releases/2025/04/250428220430.htm
Billion-Year-Old Impact in Scotland Sparks Questions About Life on Land,"New research has revealed that a massive meteorite struck northwestern Scotland about 200 million years later than previously thought, in a discovery that not only rewrites Scotland&apos;s geological history but alters our understanding of the evolution of non-marine life on Earth.",Environment,https://www.sciencedaily.com/releases/2025/04/250428220303.htm
Noto Quake 3D Model Adds Dimension to Understand Earthquake Dynamics,"On Jan. 1, 2024, a 7.5-magnitude earthquake struck the Noto Peninsula in Japan, resulting in extensive damage in the region caused by uplift, when the land rises due to shifting tectonic plates. The observed uplift, however, varied significantly, with some areas experiencing as much as a 5-meter rise of the ground surface. To better understand how the characteristics of the affected fault lines impact earthquake dynamics, researchers in Japan used recently developed simulations to make a detailed model of the fault. The findings could help develop models to simulate scenarios of different earthquakes and mitigate disasters in the future.",Environment,https://www.sciencedaily.com/releases/2025/04/250428220251.htm
Chip-Shop Fish Among Key Seabed Engineers,"Many of the fish we eat play a key role in maintaining the seabed -- and therefore our climate, new research shows.",Environment,https://www.sciencedaily.com/releases/2025/04/250428220248.htm
Dangerous Synthetic Opioids and Animal Sedatives Found in Wastewater,"Scientists have developed a highly sensitive method to detect illegal opioids and a veterinary sedative in Australia&apos;s wastewater system, providing a vital early warning tool to public health authorities.",Environment,https://www.sciencedaily.com/releases/2025/04/250428222335.htm
Less Intensive Farming Works Best for Agricultural Soil,"The less intensively you manage the soil, the better the soil can function. Such as not plowing as often or using more grass-clover mixtures as cover crops. Surprisingly, it applies to both conventional and organic farming.",Environment,https://www.sciencedaily.com/releases/2025/04/250425230526.htm
Affordable Hydrogen Fuel Production Using Surface Reconstruction Strategy,Researchers found a strategy to create catalysts that make the production of hydrogen for clean fuel more efficient and affordable.,Environment,https://www.sciencedaily.com/releases/2025/04/250425113755.htm
"'Cryosphere Meltdown' Will Impact Arctic Marine Carbon Cycles and Ecosystems, New Study Warns",A new study has found worrying signs that climate change may be undermining the capacity of Arctic fjords to serve as effective carbon sinks. The findings suggest that the capacity of polar oceans to remove carbon from the atmosphere may be reduced as the world continues to heat up.,Environment,https://www.sciencedaily.com/releases/2025/04/250425113612.htm
"Finding 'Win-Win-Wins' for Climate, Economics and Justice","In examining how different countries have rolled out climate change mitigation strategies, research has found reasons to be optimistic about preserving our environment while promoting prosperity and well-being.",Environment,https://www.sciencedaily.com/releases/2025/04/250424165646.htm
How to Break Through Climate Apathy,"A new study finds that presenting the same continuous climate data, such as incremental changes in temperature, in binary form -- such as whether a lake did or did not freeze in the winter -- significantly increases people&apos;s ability to see the impact of climate change.",Environment,https://www.sciencedaily.com/releases/2025/04/250424165638.htm
A New Recycling Process for Silicones Could Greatly Reduce the Sector's Environmental Impacts,"A study describes a new method of recycling silicone waste (caulk, sealants, gels, adhesives, cosmetics, etc.). It has the potential to significantly reduce the sector&apos;s environmental impacts. This is the first universal recycling process that brings any type of used silicone material back to an earlier state in its life cycle where each molecule has only one silicon atom. And there is no need for the raw materials currently used to design new silicones. Moreover, since it is chemical and not mechanical recycling, the reuse of the material can be carried out infinitely.",Environment,https://www.sciencedaily.com/releases/2025/04/250424165447.htm
Keeping Tabs on Native Woodlands in Times of Flood and Drought,"Like farmland in Australia, native forests struggle with drought and flooding, so future management decisions need more sophisticated systems to monitor and manage their water needs. A new study aims to provide a good estimate of water used by trees and plants and bushes under the treetops (or the forest understorey) to help improve management of native woodlands.",Environment,https://www.sciencedaily.com/releases/2025/04/250424121521.htm
Controlling Starch Levels in Algae Could Have Biotechnology and Sustainability Benefits,"High-starch algae are important in biofuel production, as a feed supplement in agriculture and as an efficient way to bind carbon dioxide. Researchers have now found a new method to control starch storage in algae -- a finding with potential applications in areas such reducing greenhouse gases.",Environment,https://www.sciencedaily.com/releases/2025/04/250424121514.htm
Trawling-Induced Sediment Resuspension Reduces CO2 Uptake,"When bottom trawls are dragged across the seafloor, they stir up sediments. This not only releases previously stored organic carbon, but also intensifies the oxidation of pyrite, a mineral present in marine sediments, leading to additional emissions of carbon dioxide (CO2).",Environment,https://www.sciencedaily.com/releases/2025/04/250424121152.htm
Could Seismic Signals from Earthquakes Mask the Signals of an Underground Explosion?,Could the seismic signal of an underground nuclear test explosion be &apos;hidden&apos; by the signal generated by a natural earthquake?,Environment,https://www.sciencedaily.com/releases/2025/04/250424121148.htm
Scientists Repurpose Gene Editing Tool to Help Uncover Hidden Microbial Diversity,Pioneering research has repurposed a gene editing tool to help shed light on the true biodiversity present in natural environments.,Environment,https://www.sciencedaily.com/releases/2025/04/250424121051.htm
New Approach Makes AI Adaptable for Computer Vision in Crop Breeding,"Scientists developed a machine-learning tool that can teach itself, with minimal external guidance, to differentiate between aerial images of flowering and nonflowering grasses -- an advance that will greatly increase the pace of agricultural field research, they say. The work was conducted using images of thousands of varieties of Miscanthus grasses, each of which has its own flowering traits and timing.",Environment,https://www.sciencedaily.com/releases/2025/04/250424121045.htm
"Female Bonobos Keep Males in Check -- Not With Strength, but With Solidarity","Female bonobos team up to suppress male aggression against them -- the first evidence of animals deploying this strategy. In 85% of observed coalitions, females collectively targeted males, forcing them into submission and shaping the group&apos;s dominance hierarchy. This is the first study to test drivers of female dominance in wild bonobos. The study examined 30 years of demographic and behavioral data across six wild bonobo communities. The study suggests that power isn&apos;t solely determined by physical strength. It can be driven by social intelligence and coalition-building by females.",Environment,https://www.sciencedaily.com/releases/2025/04/250424120801.htm
Invasive Weed Threatens Southern California's Deserts,"Once thought resistant to invasion, California&apos;s deserts are losing native plants to aggressive weedy species like Saharan mustard. New research shows its spread is disrupting biodiversity and reducing the desert&apos;s ability to recover from extreme climate swings.",Environment,https://www.sciencedaily.com/releases/2025/04/250424121653.htm
"Paying Fishers to Release Endangered Catches Can Aid Conservation, but Only If Done Right","A new study has revealed that an incentive program increased live releases of endangered species caught as bycatch. However, unexpectedly, the overall positive impact was reduced by some vessels increasing catches of these species. The study is a randomized controlled trial to conclusively assess the effectiveness of an incentive-based marine conservation program.",Environment,https://www.sciencedaily.com/releases/2025/04/250423164058.htm
Hotter Temps Trigger Wetlands to Emit More Methane as Microbes Struggle to Keep Up,"In the soils of Earth&apos;s wetlands, microbes are in a tug-of-war to produce and consume the powerful greenhouse gas methane. But if the Earth gets too hot, it could tip the scale in favor of the methane producers, according to a new study. Scientists made the discovery as part of a futuristic climate experiment that raised carbon dioxide and temperature in a Maryland marsh.",Environment,https://www.sciencedaily.com/releases/2025/04/250423164047.htm
Nature Accounting in Colombia Makes Sound Economic Case for Protecting Native Ecosystems,Paper shares innovative natural capital accounting approach to valuing the benefits of ecosystems in Colombia&apos;s Upper Sin Basin to key economic sectors.,Environment,https://www.sciencedaily.com/releases/2025/04/250423163904.htm
Newborns Living Near Trees Tend to Be Healthier: New Data Suggests It's Not Because Healthier People Reside Near Parks,"The link between proximity to greenspace -- including trees and parks-- and healthy birth outcomes is well established. Now new data adds to our understanding of these health benefits, accounting for other factors that may influence this link, such as education, income and body mass index, but also taking the body of knowledge a step further by exploring the effect of residing near newly planted trees.",Environment,https://www.sciencedaily.com/releases/2025/04/250423135033.htm
London's Low Emission Zones Save Lives and Money,Study finds a 18.5% reduction in sick leave following LEZ implementation in Greater London compared to areas in England without low emission zones.,Environment,https://www.sciencedaily.com/releases/2025/04/250423130333.htm
World on Course to Trigger Multiple Climate 'Tipping Points' Unless Action Accelerates,"Multiple climate &apos;tipping points&apos; are likely to be triggered if global policies stay on their current course, new research shows.",Environment,https://www.sciencedaily.com/releases/2025/04/250423112634.htm
Why Are Patagonian Glaciers Rapidly Losing Mass?,"Over the past two decades, satellite-based planetary observations have recorded rapid mass loss of Patagonian glaciers, contributing approximately 0.07 mm per year to global sea-level rise. A study links this mass loss to a poleward shift of subtropical high-pressure systems. This large-scale atmospheric circulation change brings more warm air to Patagonia, thereby accelerating glacier melt.",Environment,https://www.sciencedaily.com/releases/2025/04/250423112148.htm
"New Porous Crystal Catalyst Offers Durable, Efficient Solution for Clean Hydrogen Production","A new catalyst structure offers a potential pathway toward more cost-effective hydrogen production via water electrolysis. The material centers on mesoporous single-crystalline Co3O4 doped with atomically dispersed iridium (Ir), designed for the acidic oxygen evolution reaction (OER).",Environment,https://www.sciencedaily.com/releases/2025/04/250423112145.htm
"Toxic Blooms in Motion: Researchers Map Algae Patterns in Lake Okeechobee, Florida","Florida&apos;s Lake Okeechobee is essential for water management but faces harmful algal blooms, which thrive in warm, nutrient-rich waters. Daily vertical migration enables them to survive in turbid conditions. A new study using a physical-biogeochemical model reveals that cyanobacteria move toward the surface for sunlight in the morning, boosting growth, and are redistributed by wind and mixing at night. This daily migration, combined with temperature and wind patterns, influences bloom development, offering insights to better monitor and manage harmful algal blooms.",Environment,https://www.sciencedaily.com/releases/2025/04/250423112028.htm
Scientific Path to Recouping the Costs of Climate Change,"A new study lays out a scientific framework for holding individual fossil fuel companies liable for the costs of climate change by tracing specific damages back to their emissions. The researchers use the tool to provide the first causal estimate of economic losses due to extreme heat driven by emissions. They report that carbon dioxide and methane output from just 111 companies cost the world economy $28 trillion from 1991 to 2020, with the five top-emitting firms linked to $9 trillion of those losses.",Environment,https://www.sciencedaily.com/releases/2025/04/250423111913.htm
"Melting Glaciers at the End of the Ice Age May Have Sped Up Continental Drift, Fueled Volcanic Eruptions","Scientists believe that the motion of Earth&apos;s continents through plate tectonics has been largely steady over millions of years. New research, however, suggests this drift can speed up or slow down over relatively short time periods.",Environment,https://www.sciencedaily.com/releases/2025/04/250423111911.htm
Micro-Nano-Plastics Found in Artery-Clogging Plaque in the Neck,A small study found that fatty buildup in the blood vessels of the neck (carotid arteries) may contain 50 times or more micronanoplastics -- minuscule bits of plastic -- compared to arteries free of plaque buildup.,Environment,https://www.sciencedaily.com/releases/2025/04/250423112651.htm
"E-I-E-I-Omics: New Discoveries in Corn Genetics Could Help Grow More Productive, Resilient Crops","By analyzing DNA from different cells in nearly 200 lines of maize plants, research has revealed insights that could help growers better adapt their crops to a fast-changing environment.",Environment,https://www.sciencedaily.com/releases/2025/04/250422190653.htm
Big Brains and Big Ranges Might Not Save Birds from Climate Change,"Some species that breed over large geographic areas can still be adapted to a fairly narrow range of climates, making them more vulnerable to climate change than previously thought. Also, species with larger brains (relative to their body size) tend to be adapted to narrower climate niches, which suggests they too could also be more vulnerable than once thought.",Environment,https://www.sciencedaily.com/releases/2025/04/250422190650.htm
Range Expansion in Lesser Goldfinches,"New research shows that Lesser Goldfinches, a small songbird traditionally found in Southwest USA, are expanding their range northward through the Pacific Northwest at an unprecedented rate, providing insights into how species adapt to environmental change.",Environment,https://www.sciencedaily.com/releases/2025/04/250422190647.htm
"New Species of Electricity-Conducting Organism, Name It After Tribe","Scientists have identified a novel species of bacteria that acts as electrical wiring, potentially ushering in a new era of bioelectronic devices for use in medicine, industry, food safety, and environmental monitoring and cleanup.",Environment,https://www.sciencedaily.com/releases/2025/04/250422155932.htm
Oil Cleanup Agents Do Not Impede Natural Biodegradation,Biodegradation is an important natural process during oil spill cleanup. A new study revealed that using spill treating agents does not negatively impact naturally occurring biodegradation.,Environment,https://www.sciencedaily.com/releases/2025/04/250422131539.htm
"Telemedicine Had an Impact on Carbon Emissions Equivalent to Reducing Up to 130,000 Car Trips Each Month in 2023","Telemedicine use in 2023 reduced monthly carbon dioxide emissions by the equivalent of up to 130,000 gas operated vehicles or recycling up to 4 million trash bags.",Environment,https://www.sciencedaily.com/releases/2025/04/250422131534.htm
"In US, Saving Money Is Top Reason to Embrace Solar Power","Financial benefits, such as saving on utility payments and avoiding electricity rate hikes, are a key driver of U.S. adults&apos; willingness to consider installing rooftop solar panels or subscribing to community solar power, a new study suggests.",Environment,https://www.sciencedaily.com/releases/2025/04/250422131442.htm
"Better Feed, Fewer Burps: Scientists Target Dairy Gas Emissions","Researchers are testing a new type of cattle feed that could help dairy cows release less methane gas from burps and flatulence and use nutrients more efficiently. Because methane traps heat in the atmosphere, reducing these emissions could make dairy farming more environmentally friendly and sustainable.",Environment,https://www.sciencedaily.com/releases/2025/04/250422131224.htm
"Trash Talk: As Plastic Use Soars, Researchers Examine Biodegradable Solutions","Researchers document a multi-faceted global snapshot of the environmental aspects and trends surrounding single-use plastics in a review article. The researchers state that the largest area of application for biodegradable plastic materials is the packaging segment, which accounts for about half of single-use plastic production.",Environment,https://www.sciencedaily.com/releases/2025/04/250422132012.htm
Major Dust-Up for Water in the Colorado River,"Dust-on-snow is a major threat to water in the Colorado River, yet no snowmelt forecasts integrate dust-accelerated melt. Using pioneering remote sensing techniques, new research is the first to capture how dust impacts the headwaters of the Colorado River system. The new method could help predict the timing and magnitude of snow darkening and impacts on melt rates on snowpacks, in real time.",Environment,https://www.sciencedaily.com/releases/2025/04/250422132007.htm
"How Activity in Earth's Mantle Led the Ancient Ancestors of Elephants, Giraffes, and Humans Into Asia and Africa","Millions of years ago, a fiery plume rising from Earth’s mantle reshaped continents, closing ancient seas and lifting land that would forever change life on our planet. This upheaval forged a bridge between Africa and Asia, allowing elephants, giraffes, cheetahs—and even the ancestors of humans—to cross into new worlds. The timing was everything: if the connection had formed even a million years later, evolution might have taken a different course, and our story could have unfolded along an entirely different path.",Environment,https://www.sciencedaily.com/releases/2025/04/250421163222.htm
What If Mother Earth Could Sue for Mistreatment?,"The study highlights the transformative potential of the Rights of Nature, which views nature as a rights-bearing entity, not merely an object of regulation and subjugation by extractive industries. The Llurimagua case -- a dispute over a mining concession in Ecuador&apos;s cloud forest -- illustrates this approach, providing a unique opportunity to rethink Earth system governance.",Environment,https://www.sciencedaily.com/releases/2025/04/250421163219.htm
Simulations Predict How Pesticides May Affect Honeybee Colonies,"Honeybees are essential pollinators for agriculture and natural ecosystems. Stressors like climate change, habitat loss and pesticide exposure threaten their ability to forage for pollen, a critical resource for colony survival. Researchers demonstrate that an artificial intelligence (AI)-based monitoring system combined with a computer model can link the exposure of neonicotinoid pesticides on individual honeybees to the health of the whole colony.",Environment,https://www.sciencedaily.com/releases/2025/04/250421163105.htm
Harmful Microplastics Infiltrating Drinking Water,"Despite advances in wastewater treatment, tiny plastic particles called microplastics are still slipping through, posing potential health and environmental hazards, according to new research.",Environment,https://www.sciencedaily.com/releases/2025/04/250421162936.htm
"From Research to Real-World,  Startup Tackles Soaring Demand for Lithium and Other Critical Minerals","Based on fundamental research, a new startup is upending decades-old approaches for the way the world extracts lithium and other materials.",Environment,https://www.sciencedaily.com/releases/2025/04/250421162828.htm
Coastal Management Model Plays the Long Game Against the Rising Tides,"To protect against rising sea levels in a warming world, coastal cities typically follow a standard playbook with various protective infrastructure options. For example, a seawall could be designed based on the latest climate projections, with the city officials then computing its cost-benefit ratio and proceeding to build, accordingly. The problem? Future climate conditions might differ substantially from the used projections, according to a civil engineering doctoral student.",Environment,https://www.sciencedaily.com/releases/2025/04/250421162820.htm
Agricultural Greenhouse Gas Emissions,"Farmers apply nitrogen fertilizers to crops to boost yields, feeding more people and livestock. But when there&apos;s more fertilizer than the crop can take up, some of the excess can be converted into gaseous forms, including nitrous oxide, a greenhouse gas that traps nearly 300 times as much heat in the atmosphere as carbon dioxide. About 70% of human-caused nitrous oxide comes from agricultural soils, so it&apos;s vital to find ways to curb those emissions.",Environment,https://www.sciencedaily.com/releases/2025/04/250421162812.htm
Even Sublethal Insecticide Dose May Disrupt Pollinator Mating Process,"Insecticides can help protect crops against troublesome pests, but they also pose a risk for beneficial insects such as pollinators. A new study provided insight into how even sublethal doses of insecticides can negatively affect pollinators by disrupting the mating process.",Environment,https://www.sciencedaily.com/releases/2025/04/250421162730.htm
Microplastics: What's Trapping the Emerging Threat in Our Streams?,"Microplastics, tiny plastic particles found in everyday products from face wash to toothpaste, are an emerging threat to health and ecology, prompting a research team to identify what keeps them trapped in stream ecosystems.",Environment,https://www.sciencedaily.com/releases/2025/04/250421162622.htm
"Introduced Trees Are Becoming More Common in the Eastern United States, While Native Diversity Declines","In a new study, researchers used more than 5 million measurements from individual trees across much of eastern North America and showed the rate at which introduced species are spreading has increased over the last two decades. Additionally, native tree diversity is on the decline in areas where exotic species originally introduced by humans have encroached.",Environment,https://www.sciencedaily.com/releases/2025/04/250421162617.htm
How Safe Is the Air to Breathe? 50 Million People in the US Do Not Know,"Across the United States, 58% of counties have no active air-quality monitoring sites, according to a new study. Rural counties, especially those in the Midwest and South, are less likely to have air-quality monitoring sites, which could impede pollution estimations and impact public health, the team said.",Environment,https://www.sciencedaily.com/releases/2025/04/250421162612.htm
Should Farm Fields Be Used for Crops or Solar? Or Both,"As farmers debate whether fields should be used for agriculture or solar panels, new research says the answer could be both. Scientists analyzed remote sensing and aerial imagery to study how fields have been used in California for the last 25 years. Using databases to estimate revenues and costs, they found that farmers who used a small percentage of their land for solar arrays were more financially secure per acre than those who didn&apos;t.",Environment,https://www.sciencedaily.com/releases/2025/04/250421162610.htm
Lake Deposits Reveal Directional Shaking During Devastating 1976 Guatemala Earthquake,"Sediment cores drawn from four lakes in Guatemala record the distinct direction that ground shaking traveled during a 1976 magnitude 7.5 earthquake that devastated the country, according to researchers.",Environment,https://www.sciencedaily.com/releases/2025/04/250418133730.htm
Seismology: How Wide Are Faults?,Researchers posed a seemingly simple question: how wide are faults?,Environment,https://www.sciencedaily.com/releases/2025/04/250418133728.htm
Early-Life Exposure to Air and Light Pollution Linked to Increased Risk of Pediatric Thyroid Cancer,"A new study suggests that early-life exposure to two widespread environmental pollutants -- small particle air pollution and outdoor artificial light at night -- could increase the risk of pediatric thyroid cancer. The study found a &apos;significant association&apos; between exposure to ambient fine particulate matter air pollution (PM2.5) and outdoor artificial light at night (O-ALAN) and increased risk of papillary thyroid cancer in children and young adults up to 19 years old. The exposures occurred during the perinatal stage of life, typically defined as the time from when pregnancy occurs up to a year after birth.",Environment,https://www.sciencedaily.com/releases/2025/04/250418112904.htm
Disrupting 'Communication' With Plants Could Limit Soybean Cyst Nematode Infections,"A new study opens new avenues for combating soybean cyst nematodes, the most damaging pest for U.S. soybean crops.",Environment,https://www.sciencedaily.com/releases/2025/04/250418112816.htm
Land-Use Drives Energy Dynamics of Boreal Lake Food Webs,"Lake ecosystems can receive high inputs of terrestrial organic matter (t-OM) that microbes make available to higher trophic level consumers. A research group examined terrestrial reliance of 19 consumer groups from 35 boreal lakes using stable isotopes of hydrogen. According to the study, benthic macroinvertebrates and the benthivorous fish reliance to terrestrial energy (allochthony) was higher compared to pelagic plankton and planktivorous fish. Consumer allochthony decreased along the environmental gradient from forested to agricultural catchments, likely due to alteration in the origin of lake organic matter.",Environment,https://www.sciencedaily.com/releases/2025/04/250417145307.htm
Early Detection of Wood Coating Deterioration to Better Maintain Wooden Structures,"From the Japanese cypress to the ponderosa pine, wood has been used in construction for millennia. Though materials like steel and concrete have largely taken over large building construction, wood is making a comeback, increasingly being used in public and multi-story buildings for its environmental benefits. Of course, wood has often been passed over in favor of other materials because it is easily damaged by sunlight and moisture when used outdoors. Wood coatings have been designed to protect wood surfaces for this reason, but coating damage often starts before it becomes visible. Once the deterioration can be seen with the naked eye, it is already too late. To solve this problem, a team of researchers is working to create a simple but effective method of diagnosing this nearly invisible deterioration before the damage becomes irreparable.",Environment,https://www.sciencedaily.com/releases/2025/04/250417145301.htm
"Extreme Drought Contributed to Barbarian Invasion of Late Roman Britain, Tree-Ring Study Reveals","Three consecutive years of drought contributed to the &apos;Barbarian Conspiracy&apos;, a pivotal moment in the history of Roman Britain, a new study reveals. Researchers argue that Picts, Scotti and Saxons took advantage of famine and societal breakdown caused by an extreme period of drought to inflict crushing blows on weakened Roman defenses in 367 CE. While Rome eventually restored order, some historians argue that the province never fully recovered.",Environment,https://www.sciencedaily.com/releases/2025/04/250417145258.htm
Curious Isolation: New Butterfly Species Discovered,"A new butterfly species, Satyrium curiosolus, was discovered in a recent study at Blakiston Fan in Waterton Lakes National Park, Alberta. It has unique evolutionary history, having likely remained in isolation for up to 40,000 years, leading to flatlined genetic diversity and exceptionally high levels of inbreeding. Due to its specific ecological associations and low genetic diversity, this butterfly may soon face challenges with climate change adaptation and will require special conservation strategies.",Environment,https://www.sciencedaily.com/releases/2025/04/250417145122.htm
Personality Test for Bees,"Researchers have discovered that honey bees from the same colony have different preferences in terms of defensive behavior. While some are still hesitating, others are already attacking.",Environment,https://www.sciencedaily.com/releases/2025/04/250417145119.htm
A New Record for California's Highest Tree,"A professor&apos;s casual hike in the High Sierra turned into a new elevation record for California&apos;s highest tree, the Jeffrey pine, which wasn&apos;t formerly known to grow at extreme elevations.",Environment,https://www.sciencedaily.com/releases/2025/04/250417145019.htm
"Nutrients Strengthen Link Between Precipitation and Plant Growth, Study Finds","A new study has investigated how the relationship between mean annual precipitation (MAP) and grassland biomass changes when one or more nutrients are added. The authors show that precipitation and nutrient availability are the key drivers of plant biomass, while the effects of plant diversity are minimal.",Environment,https://www.sciencedaily.com/releases/2025/04/250417144856.htm
Researchers Warn of a Threat to Water Safety from Wildfires,"The consequences of wildfires in or near urban areas go beyond the damage to buildings and ecosystems, to the threat of contamination of drinking water according to water quality and treatment experts.",Environment,https://www.sciencedaily.com/releases/2025/04/250417145511.htm
Microbes in Brooklyn Superfund Site Teach Lessons on Fighting Industrial Pollution,"Using advanced DNA sequence analysis, a research team has discovered that tiny organisms in Brooklyn&apos;s highly contaminated Gowanus Canal have developed a comprehensive collection of pollution-fighting genes. This finding suggests the potential of a cheaper, more sustainable, and less disruptive method for cleaning contaminated waterways than the current oft-used dredging operations.",Environment,https://www.sciencedaily.com/releases/2025/04/250416152129.htm
