title,summary,category,url
A Cancer Therapy Put Severe Rheumatoid Arthritis Into Remission,"CAR T-cell therapy dramatically reduced disease activity in six people with severe rheumatoid arthritis that had resisted other treatments, with three achieving medication-free remission. The treatment may work by clearing out harmful immune cells and effectively rebooting part of the immune system, although much larger studies are still needed.",Health,https://www.sciencedaily.com/releases/2026/08/260828082330.htm
Keto Diet Cut Liver Fat by 67% in a Clinical Trial,"A ketogenic diet outperformed Mediterranean and low-fat diets in several measures of metabolic health during a clinical trial involving people with obesity, prediabetes, and fatty liver disease. All three groups lost about 10% of their body weight, but keto reduced liver fat by 67%, compared with 45% for the other diets. About half of the keto group also no longer qualified as having prediabetes after four to five months.",Health,https://www.sciencedaily.com/releases/2026/08/260828082327.htm
Who Really Needs a Heart Calcium Scan?,"A 10-year study of more than 6,000 adults found that popular coronary calcium scans may add little to standard heart disease risk estimates for many people. But for patients with borderline or intermediate risk, the scans could make a meaningful difference by revealing who is actually more likely to develop heart disease.",Health,https://www.sciencedaily.com/releases/2026/09/260911214254.htm
The Secret to Longer Life May Be Hidden in Bat DNA,"Long-lived bats appear to combine powerful immune defenses with unusual strategies for eliminating damaged cells, potentially helping them avoid cancer and disease for decades. Researchers hope these genetic tricks could eventually reveal new ways to protect human health during aging.",Health,https://www.sciencedaily.com/releases/2026/09/260911003852.htm
Bird Flu Is Spreading. Your Backyard Feeder Could Make It Worse,"Backyard bird feeders could become unexpected hotspots for H5N1 as Australia’s bird flu outbreak spreads, bringing species together in ways that rarely occur naturally. Experts say stopping feeding is safest, while smaller amounts of food, no hand-feeding, and careful cleaning can reduce the danger.",Health,https://www.sciencedaily.com/releases/2026/08/260824065519.htm
Ozempic and Wegovy May Have an Unexpected Mental Health Benefit,"Semaglutide, the drug behind Ozempic and Wegovy, may have benefits that extend well beyond weight loss and diabetes. In a large Swedish study of nearly 15,000 people with bipolar disorder, its use was linked to a 21% lower risk of psychiatric hospitalization. Researchers think effects on inflammation and brain-related biological pathways could help stabilize mood, though other GLP-1 drugs did not show the same association.",Health,https://www.sciencedaily.com/releases/2026/09/260907201601.htm
Scientists Find a New Weakness in Treatment-Resistant Prostate Cancer,"Researchers have found a potential way to attack prostate cancers that evade treatment by changing their cellular identity. Combining two types of drugs reversed many of these changes and sharply slowed tumor growth in preclinical experiments, offering a possible new strategy for aggressive, treatment-resistant disease.",Health,https://www.sciencedaily.com/releases/2026/09/260904000324.htm
Depression May Shut Down the Brain’s Ability to Make New Neurons,"A major study found that adults with depression show disrupted production of new neurons in the hippocampus, potentially weakening the brain’s ability to separate new experiences from painful memories. The researchers also identified broad molecular changes that could open the door to new treatments tailored to different biological forms of depression.",Health,https://www.sciencedaily.com/releases/2026/08/260823094135.htm
Experimental Compound Helps Burn Fat Without Muscle Loss,"A decades-old compound may point to a new way of treating obesity by making the body burn more energy rather than simply reducing appetite. In mice, TOFA increased energy use by as much as 18%, reduced body fat without significant muscle loss, and improved blood sugar, triglycerides, and fatty liver disease. It also produced stronger results when combined with GLP-1 drugs such as Ozempic, Wegovy, Mounjaro, and Zepbound.",Health,https://www.sciencedaily.com/releases/2026/08/260823014953.htm
A Hidden “on Switch” in Human DNA Has Finally Been Decoded,"Researchers have used AI to uncover the DNA signature of a key genetic “switch” involved in turning genes on. After analyzing about 500,000 DNA sequences, the model identified the initiator in roughly 60% of human genes. The breakthrough could help predict the effects of harmful mutations and eventually contribute to decoding the broader genetic instructions that control gene activity throughout the body.",Health,https://www.sciencedaily.com/releases/2026/08/260823014943.htm
Eating Only 8 Hours a Day May Help Control Type 1 Diabetes,"Eating only between noon and 8 p.m. improved blood sugar control in a small study of adults with Type 1 diabetes and obesity, while avoiding an increase in serious complications. The promising findings offer the first evidence that time restricted eating could become another tool for managing the condition.",Health,https://www.sciencedaily.com/releases/2026/09/260909231740.htm
AI May Know How You’ll Respond to a Vaccine Before You Get It,"AI may be able to predict how strongly someone will respond to a vaccine before they receive it. By analyzing antibody patterns in more than 4,000 people, researchers found signs of “immune readiness” that helped distinguish strong responders from weak ones. Surprisingly, even some healthy people responded poorly, while some immunosuppressed people mounted strong responses.",Health,https://www.sciencedaily.com/releases/2026/08/260820202842.htm
A Simple at-Home Test Could Cut Colorectal Cancer Death Risk by 43%,"People who participated in colorectal cancer screening had a 43% lower risk of dying from the disease, according to long-term data from more than 376,000 people in Sweden. The findings suggest that completing a simple at-home screening test could make a major difference in survival.",Health,https://www.sciencedaily.com/releases/2026/08/260820202833.htm
Alzheimer’s May Leave a Mark on the Brain Long Before Plaques Appear,Brain changes associated with Alzheimer’s may begin at least seven years before amyloid plaques become detectable with current PET scans. Researchers uncovered the signal by tracking healthy older adults with repeated brain imaging over nearly 20 years. The discovery could help scientists identify Alzheimer’s earlier and suggests that important disease processes may start before visible plaque buildup.,Health,https://www.sciencedaily.com/releases/2026/08/260831015144.htm
People Who Live Past 110 Have an Unusual Abundance of Killer Immune Cells,"People who reach 110 and beyond appear to have unusually large numbers of rare immune cells capable of killing abnormal cells. These CD4 cytotoxic T cells became more common with age and often expanded into large groups of nearly identical cells, suggesting the immune system was repeatedly responding to persistent threats.",Health,https://www.sciencedaily.com/releases/2026/08/260823014950.htm
Gut Bacteria May Unlock a Hidden Benefit of Vegetables,"Gut bacteria can transform nitrate and plant-based iron from vegetables and other foods into protective molecules that may benefit the heart and metabolism. In experimental models, higher levels of these compounds were linked to lower blood pressure, better blood sugar control, healthier blood vessels, and less liver fat.",Health,https://www.sciencedaily.com/releases/2026/08/260822015145.htm
This Common Vitamin Was Linked to 13% Better Cognitive Scores,"Older adults with mild cognitive impairment and sleep problems who took at least 5,000 IU of vitamin D daily scored more than 13% higher on a cognitive test than those taking none. The preliminary findings suggest vitamin D could be worth studying as a potentially modifiable factor during an early window of cognitive decline.",Health,https://www.sciencedaily.com/releases/2026/08/260822015138.htm
What You Eat Before Age 2 May Affect Your Health 70 Years Later,"Britain’s postwar sugar rationing created a rare natural experiment that let researchers examine how early sugar exposure might affect health decades later. People who experienced more rationing during their first 1,000 days had lower rates of several cancers and showed signs of slower biological aging. They were also still eating less sugar and maintaining healthier diets around age 50.",Health,https://www.sciencedaily.com/releases/2026/08/260824065522.htm
A Missing Color in Indoor Light May Help Prevent Myopia,"A wavelength of light largely missing from indoor LEDs may play an important role in protecting developing eyes from nearsightedness. Researchers found that indigo light completely prevented myopia in tree shrews, whose eyes share important similarities with human eyes. The discovery raises the possibility that future indoor lighting could be redesigned to more closely mimic sunlight and potentially reduce childhood myopia.",Health,https://www.sciencedaily.com/releases/2026/08/260824065510.htm
One Sugary Drink a Day Linked to More Than Double the Risk of Stomach Cancer,"People who drank at least one sugar-sweetened beverage a day had roughly 2.45 times the risk of gastric cancer compared with those who rarely consumed them, according to a decades-long study of more than 112,000 U.S. adults. Artificially sweetened drinks showed no similar association, though researchers stress that the findings do not prove sugary beverages cause cancer.",Health,https://www.sciencedaily.com/releases/2026/09/260909005207.htm
"Vitamin C Won’t Prevent Most Colds, but It May Do One Small Thing","The belief that huge doses of vitamin C can ward off colds was popularized more than 50 years ago by Nobel Prize winner Linus Pauling. Since then, larger studies have found that vitamin C does not prevent most people from catching a cold, although regularly taking it may make severe symptoms slightly shorter or milder.",Health,https://www.sciencedaily.com/releases/2026/08/260827010507.htm
Scientists Discover a Brain “brake” That Can Shut Down Chronic Pain,Researchers discovered a brain-based “brake” that can shut down chronic nerve pain in mice by calming an overactive pain circuit. Targeting this system more precisely could one day lead to powerful pain relief without affecting opioid receptors throughout the entire body.,Health,https://www.sciencedaily.com/releases/2026/08/260826055442.htm
Knee Osteoarthritis Isn’t Inevitable — Here’s What You Can Do,"Knee osteoarthritis can seriously affect mobility and quality of life, but its progression isn’t completely out of your control. Exercise, stronger leg muscles, a healthier diet, and even modest weight loss can dramatically reduce stress on the knees and help keep pain in check.",Health,https://www.sciencedaily.com/releases/2026/08/260820002420.htm
A Mother’s Age Can Shape Her Offspring Without Changing Their DNA,"Scientists have found evidence that the effects of a mother’s age on her offspring may be driven by reversible changes in gene activity rather than permanent DNA damage. The discovery raises the fascinating possibility that biological information from mothers, grandmothers, and even great-grandmothers can shape the health of future generations.",Health,https://www.sciencedaily.com/releases/2026/08/260819041220.htm
Your Waist Size May Reveal Health Risks BMI Misses,"A simple waist measurement may be nearly as effective as more complicated methods for detecting unhealthy levels of body fat. Researchers also found that BMI alone missed many people with obesity, suggesting waist size could provide an important warning sign.",Health,https://www.sciencedaily.com/releases/2026/08/260829035208.htm
Quitting Alcohol May Prime the Brain for Relapse,"Mice that developed compulsive drinking after alcohol abstinence showed more than double the activity in a brain region associated with stress and addiction. Because the signal appeared before they drank again, researchers think it could eventually help predict who is most at risk of relapse.",Health,https://www.sciencedaily.com/releases/2026/08/260822015148.htm
A Common Vape Flavoring May Disrupt Early Embryo Development,"A popular vanilla flavoring in e-cigarettes may interfere with some of the earliest steps of human development. In lab experiments, vanillin caused embryonic stem cells to lose their ability to develop normally and pushed them toward forming only certain types of tissue.",Health,https://www.sciencedaily.com/releases/2026/08/260828005215.htm
3 Minutes of Sprinting Does Something 90 Minutes of Exercise Does Not,"A few minutes of sprinting may reshape the bloodstream far more dramatically than a much longer moderate workout. Six 30-second sprints altered nearly a quarter of the blood proteins measured and more than 200 metabolites, while 90 minutes of moderate cycling produced far smaller immediate changes. Many of the proteins affected by sprinting were also associated with lower risks of obesity, type 2 diabetes, and other metabolic diseases.",Health,https://www.sciencedaily.com/releases/2026/08/260821012208.htm
"Coffee Drinkers Have Less Fat, More Muscle, and Surprising Hormone Differences","Coffee drinkers may be getting more than an energy boost. A Finnish study found that people who drank more coffee tended to have less total and abdominal fat, more muscle, and healthier metabolic markers despite having similar BMIs. Higher coffee intake was also linked to lower levels of certain amino acids associated with insulin resistance and type 2 diabetes risk.",Health,https://www.sciencedaily.com/releases/2026/08/260819041228.htm
A Surprising Brain Discovery Could Help Explain Why We Overeat Fatty Foods,"A protein inside appetite-controlling brain cells may play an important role in preventing overeating and obesity, particularly when high-fat foods are readily available. Unexpected differences between males and females could also help explain why obesity risk—and responses to weight-loss drugs—can vary.",Health,https://www.sciencedaily.com/releases/2026/08/260813045531.htm
Some Joints May Be Primed for Rheumatoid Arthritis Before Birth,"Scientists have found evidence that vulnerability to rheumatoid arthritis may begin before birth. Finger joints commonly affected by the disease develop with different tissue structures and larger populations of specialized fibroblasts than joints that are usually spared. Those cells also respond differently to inflammation, suggesting that the architecture of each joint may help determine where arthritis eventually takes hold.",Health,https://www.sciencedaily.com/releases/2026/09/260901070538.htm
One Injection Could Keep Osteoarthritis Drugs Working for Weeks,"Scientists have created an injectable gel that can remain inside arthritic joints for weeks, slowly releasing medication while also improving lubrication. The approach could make it easier to deliver disease-modifying drugs directly where they are needed while limiting exposure elsewhere in the body.",Health,https://www.sciencedaily.com/releases/2026/08/260829235947.htm
Eating More Ultra-Processed Foods May Raise Prostate Cancer Risk by 30%,"Ultra-processed foods make up a huge share of the American diet, and new research suggests they may carry another serious health risk for men. In a nationally representative study of more than 17,000 U.S. men, those who ate more ultra-processed foods, including soft drinks, packaged snacks, cereals, and processed meats, had roughly 24% to 31% higher risks of prostate cancer after accounting for factors such as age, smoking, race and ethnicity, and poverty status.",Health,https://www.sciencedaily.com/releases/2026/08/260826055457.htm
Taking the Stairs Could Protect Your Heart and Help You Live Longer,"Simply choosing the stairs could have surprisingly big benefits for your heart and longevity. A large analysis involving more than 480,000 people found that regular stair climbers were 39% less likely to die from cardiovascular disease and 24% less likely to die from any cause than people who rarely took the stairs. They also had lower risks of heart attack, stroke, and heart failure.",Health,https://www.sciencedaily.com/releases/2026/08/260814011029.htm
Women Taking Estrogen Had Fewer Signs of Alzheimer’s in Their Brains,"Women who used estrogen-only hormone therapy later in life were less likely to develop dementia and showed fewer signs of Alzheimer’s disease in their brains, according to a large study of more than 21,000 participants. Hormone therapy use was linked to 39% lower odds of a dementia diagnosis and 35% lower odds of Alzheimer’s-related brain changes at autopsy, including amyloid plaques and tau tangles. Biomarker tests also suggested less amyloid buildup among hormone therapy users.",Health,https://www.sciencedaily.com/releases/2026/08/260814011028.htm
Your Sleep May Be Hiding an Early Clue to Alzheimer’s,Frequent micro-awakenings during sleep were linked to higher genetic risk for Alzheimer’s in healthy middle-aged adults who had no symptoms. The discovery raises the possibility that subtle changes during sleep could offer an early warning signal years before memory problems appear.,Health,https://www.sciencedaily.com/releases/2026/08/260828005218.htm
Ozempic Does Something Unexpected to the Brain’s Hunger Neurons,"Ozempic may work in the brain in almost the opposite way scientists expected, activating hunger-linked neurons that appear essential for sustaining fat loss. The surprising discovery in mice could reveal new targets for developing even more effective obesity drugs.",Health,https://www.sciencedaily.com/releases/2026/08/260820002436.htm
This Weight-Loss Hormone May Protect the Liver Even Without Weight Loss,"A hormone already known for curbing appetite and supporting weight loss may have a surprising second job: protecting the liver from inflammation and scarring. Researchers at McMaster University found that GDF15 activates a previously unknown brain-to-liver pathway that triggers the release of glucocorticoids, helping calm immune activity in the liver.",Health,https://www.sciencedaily.com/releases/2026/08/260820202854.htm
A Surprising Triple Treatment Completely Clears Hiv in Newborn Primates,"Researchers have found a striking new way to potentially eliminate HIV soon after infection using a one-time combination of three therapies. In newborn nonhuman primates treated within three days of exposure, the regimen—standard antiretroviral drugs, broadly neutralizing antibodies, and the experimental antibody leronlimab—completely cleared the virus, even though none of the treatments could do so alone.",Health,https://www.sciencedaily.com/releases/2026/08/260812015200.htm
The Adult Brain Can Repair Itself Better Than Scientists Thought,"The adult brain may be far better at repairing itself than scientists once believed. In mice, researchers discovered a special group of support cells called astrocytes that respond to damaged brain tissue by rebuilding lost cellular networks. Rather than simply moving into the injured area, these cells perform a remarkable maneuver: they create new nuclei and send them traveling through long cellular extensions to repopulate damaged regions.",Health,https://www.sciencedaily.com/releases/2026/08/260812015158.htm
Marine Heatwaves Are Harming Human Health in Surprising Ways,"Marine heatwaves are emerging as a threat not just to coral reefs and fisheries, but to human health and well-being. Researchers warn that unusually hot oceans can fuel stronger storms, trigger harmful algal blooms, reduce seafood supplies, disrupt livelihoods, and contribute to anxiety, grief, and depression in coastal communities.",Health,https://www.sciencedaily.com/releases/2026/08/260811011127.htm
High Blood Sugar May Help Cancer Cells Hide from the Immune System,"Researchers discovered a possible way cancer cells hide from the immune system: they build a thick, sugar-rich coating around themselves. High blood sugar can strengthen this protective shield under conditions that resemble the environment inside tumors, with the protein HSF1 playing a key role. Blocking this process could make cancer cells easier for the immune system to recognize and destroy.",Health,https://www.sciencedaily.com/releases/2026/08/260829235950.htm
Childhood Trauma May Leave a Lasting “scar” Inside Brain Cells,"Early-life stress may physically alter how DNA is packaged in the brain, leaving stress-related genes primed to activate more easily years later. In mice, researchers were able to block this effect, preventing the heightened anxiety and stress sensitivity that otherwise appeared in adulthood.",Health,https://www.sciencedaily.com/releases/2026/08/260823094151.htm
Scientists Find a Weak Spot in One of the Deadliest Brain Cancers,"Researchers may have found a new way to weaken glioblastoma’s defenses against treatment. Blocking a protein called SET prevented tumors from forming in preclinical models, while targeting related proteins made cancer cells more vulnerable to radiation. The strategy works by restoring activity of PP2A, an enzyme that glioblastoma cells appear to suppress. Human testing will be needed to determine whether the approach is safe and effective.",Health,https://www.sciencedaily.com/releases/2026/09/260903064242.htm
Common Supplements Rival Antibiotics for Severe Gum Disease,"Omega-3 and low-dose aspirin matched the effectiveness of antibiotics in a year-long study of patients with severe gum disease, with both approaches helping about 58% reach the treatment goal. The unexpected result could point to a new way to treat some patients while reducing reliance on antibiotics and the growing problem of antibiotic resistance.",Health,https://www.sciencedaily.com/releases/2026/08/260829035216.htm
Low-Fat Vegan Diet Helps People Lose Weight Without Eating Less,"A low-fat vegan diet may help people lose weight without counting calories, shrinking portions, or feeling constantly hungry. In a 16-week clinical trial, people eating mostly fruits, vegetables, grains, and legumes consumed about 357 fewer calories per day even though the total amount of food they ate barely changed.",Health,https://www.sciencedaily.com/releases/2026/08/260815064825.htm
A Drug Already Used for Osteoporosis Blocked Spinal Damage in a New Study,Genetic changes may set off a chain reaction that causes the spine’s natural shock absorbers to harden and deteriorate. Zebrafish with a faulty collagen-related gene developed mineral buildup and spinal fusion similar to human disc disease. Researchers were able to reduce the damage using an existing osteoporosis drug and by targeting fat metabolism. The discovery points to several exciting possibilities for future back pain treatments.,Health,https://www.sciencedaily.com/releases/2026/08/260806051943.htm
Smart Nanoparticles Light Up Brain Cancer and Destroy What Surgery Misses,"Scientists created smart nanoparticles that can both illuminate hidden glioblastoma cells during surgery and destroy microscopic cancer left behind afterward. In mice, the treatment prevented recurrence and led to 100% survival at 60 days, though it has not yet been tested in humans.",Health,https://www.sciencedaily.com/releases/2026/08/260826060617.htm
COVID-19 Awakens Dormant Viruses — and One Is Linked to Long COVID,"COVID-19 can reactivate dormant viruses hiding in the body, including Epstein-Barr, cytomegalovirus, and several herpes viruses. One poorly understood viral family was strongly associated with long COVID and lasting disability, offering a potentially important clue to why some patients struggle to recover.",Health,https://www.sciencedaily.com/releases/2026/08/260814011034.htm
"Immune Cells Flood Into the Aging Brain, Stanford Scientists Discover","Scientists have discovered that the aging human brain may be far less isolated from the rest of the body than once believed. Stanford researchers found that large numbers of immune cells from the blood begin entering the brain as early as middle age, where they can transform into microglia, the brain’s specialized immune cells. The finding overturns a long-standing assumption that these cells remain largely separate from the body’s immune system throughout life.",Health,https://www.sciencedaily.com/releases/2026/08/260814011033.htm
Dirty Air May Trigger Painful Rheumatoid Arthritis Flares,"Tiny pollution particles from smoke, soot, and dust may worsen rheumatoid arthritis and raise the risk of painful flares, particularly after prolonged exposure. The findings suggest that avoiding poor air quality could become an important part of managing the disease.",Health,https://www.sciencedaily.com/releases/2026/08/260805082452.htm
THC Medication Made PTSD Nightmares Disappear for More Than a Third of Patients,"A prescription form of THC helped many people with PTSD escape recurring trauma-related nightmares, with more than one-third reporting that the nightmares disappeared completely after ten weeks. The results could point toward a long-awaited treatment for one of PTSD’s most distressing and stubborn symptoms.",Health,https://www.sciencedaily.com/releases/2026/08/260805082450.htm
Cialis Linked to Higher Glaucoma Risk in Large Study,"A large study of nearly 74,000 men suggests that long-term use of tadalafil, best known as Cialis, may be linked to a higher risk of glaucoma and other eye pressure problems. Men prescribed the drug for urinary symptoms caused by an enlarged prostate were 22% more likely to develop glaucoma, 32% more likely to develop ocular hypertension, and 33% more likely to be diagnosed with primary open-angle glaucoma or start glaucoma treatment over five years.",Health,https://www.sciencedaily.com/releases/2026/09/260906170134.htm
Reaching 90 Without Dementia Doesn’t Mean You’re in the Clear,"A study of people over 90 found that dementia risk remains strongly shaped by sex, race and genetics, with women and black participants facing notably higher risks. Intriguingly, some people stayed cognitively healthy despite carrying major risk factors, potentially offering clues to how the brain can resist dementia deep into old age.",Health,https://www.sciencedaily.com/releases/2026/08/260829235953.htm
A Little Movement in Midlife Could Pay Off for Your Brain Years Later,"Exercise and healthy blood sugar levels in midlife may help slow cognitive decline decades later. Physical activity appeared especially beneficial for Mexican American adults, suggesting that some brain-protective factors may differ across populations.",Health,https://www.sciencedaily.com/releases/2026/08/260814235839.htm
Scientists Uncover the Hidden Nerve Network Fueling Breast Cancer,"Researchers have uncovered a surprising way triple-negative breast cancer may turn the body against itself. Tumors appear to recruit macrophages—immune cells normally involved in healing and fighting infection—and use them to release a protein called BDNF that draws nerves into the tumor. Those nerves may then help the cancer grow, resist treatment, and potentially spread.",Health,https://www.sciencedaily.com/releases/2026/08/260814011038.htm
This Common Vitamin Deficiency Becomes Far More Dangerous When Paired With Belly Fat,"A large study of more than 5,500 adults over 50 found a striking combination of risk factors: abdominal obesity paired with vitamin D deficiency was linked to a 123% higher risk of death over six years. Each condition was associated with increased risk on its own, but together they appeared to create a dangerous feedback loop, with belly fat reducing the amount of vitamin D available in the bloodstream while low vitamin D may worsen inflammation and other health problems.",Health,https://www.sciencedaily.com/releases/2026/08/260813045554.htm
Sitting Up Straight May Improve Your Mood and Decision-Making,"A simple change in posture may subtly affect how people feel and make decisions. Participants who sat upright reported greater feelings of pride and took more successful risks in a virtual balloon game than those who hunched over. Most did not realize researchers had influenced their posture, helping rule out the possibility that they were merely responding to expectations. The results suggest workplace ergonomics could influence more than physical comfort.",Health,https://www.sciencedaily.com/releases/2026/08/260804034624.htm
Scientists Find Breast Cancer Cells Hiding Behind Protective “shields”,"Researchers have mapped breast tumors in striking detail and uncovered hidden pockets of dormant cancer cells that may help explain why cancer can return after treatment. Unlike rapidly dividing cells, these quiet cells can essentially hibernate, allowing them to evade chemotherapy and reactivate later. The team found that they are often surrounded by immune cells and connective tissue cells that may act like a protective shield.",Health,https://www.sciencedaily.com/releases/2026/09/260904000326.htm
Tooth Count May Predict Survival After Pancreatic Cancer Surgery,"Pancreatic cancer patients with at least 21 natural teeth survived nearly two years longer after surgery than those with fewer teeth in a study of 339 people. Researchers suspect tooth loss may reflect decades of inflammation, frailty, nutrition, and other factors tied to the body’s overall resilience.",Health,https://www.sciencedaily.com/releases/2026/08/260821012218.htm
A Simple Supplement Could Help the Immune System Fight Cancer and Viruses,"Low arginine levels may allow cancer cells and viruses to slip past the immune system by reducing production of a crucial cellular warning protein. In mice, arginine-rich diets led to fewer colon tumors and milder viral infections, suggesting a simple supplement could have powerful therapeutic potential.",Health,https://www.sciencedaily.com/releases/2026/08/260802223417.htm
Two Deadly Flowers Could Inspire Powerful New Medicines,"Scientists have figured out how two famously poisonous plants create chemicals with surprising medical potential. After tracking thousands of genes in wolfsbane and larkspur, they identified six enzymes needed to build a complex compound called atisinium. The team recreated the process inside tobacco plants, offering a sustainable way to produce and test these rare molecules in larger amounts.",Health,https://www.sciencedaily.com/releases/2026/08/260801042818.htm
"Without This Protein, Damaged Muscle Turns to Fat and Scar Tissue","A protein once thought to mainly protect chromosome ends may also be essential for keeping muscle stem cells ready to repair injuries. Researchers found that TRF2 helps these cells maintain their identity and coordinate the cycle of rest, repair, and renewal.",Health,https://www.sciencedaily.com/releases/2026/08/260801042814.htm
"Eating Less Protein Could Slow Aging, Major Review Finds","A sweeping review of more than 350 studies suggests that the protein boom may be overselling what many people actually need. Eating less protein appears to improve metabolism, reduce inflammation and cellular damage, and activate pathways linked to healthier aging and longer life.",Health,https://www.sciencedaily.com/releases/2026/08/260801042811.htm
A Common Sugar May Help Cancer Cells Break Free and Spread,"Chemotherapy-surviving ovarian cancer cells may release fructose to help neighboring tumor cells loosen, escape, and spread. The discovery suggests that sugary diets and cholesterol-lowering drugs could influence cancer progression, though the effects have not yet been confirmed in patients.",Health,https://www.sciencedaily.com/releases/2026/08/260802223426.htm
Scientists Discover a Powerful New Antivenom Hidden in Rattlesnake Blood,"Researchers discovered that combinations of toxin-blocking proteins naturally found in rattlesnake blood can powerfully neutralize venom from several dangerous snake species. In lab tests, the mixtures were about 10 times more potent than a current commercial antivenom, pointing toward a new generation of nature-inspired snakebite treatments.",Health,https://www.sciencedaily.com/releases/2026/09/260907201605.htm
Bats Carry Dangerous Viruses Without Getting Sick. This May Be Why,"Scientists discovered that more than 500 species of vesper bats possess two separate sets of antibody genes, an immune arrangement never before found in mammals. The surprising system could help explain how bats tolerate so many viruses without becoming seriously ill.",Health,https://www.sciencedaily.com/releases/2026/09/260901010713.htm
Scientists Discover How Gut Bacteria “train” the Intestine to Fight Inflammation,"A compound made when gut bacteria break down dietary fiber may do more than briefly calm inflammation—it could leave a lasting protective “memory” in the gut. Northwestern Medicine researchers found that butyrate can reprogram intestinal lining cells so they continue encouraging anti-inflammatory immune responses even after the compound is gone. In mice, this effect boosted production of the immune-calming molecule IL-10 and reduced the severity of colitis-like disease.",Health,https://www.sciencedaily.com/releases/2026/08/260820002439.htm
Scientists Find a Simple Routine Linked to Less Pain and Depression,"Keeping a regular daily schedule may help reduce pain and depression, especially among older adults with insomnia. Researchers found that consistent times for waking, eating, socializing, and sleeping were linked to better well-being regardless of sleep quality. These routines may strengthen the body’s internal clock and limit the disruptive effects of “social jet lag.”",Health,https://www.sciencedaily.com/releases/2026/07/260729010705.htm
Scientists Find a Human-Only Gene That May Help Explain Our Brainpower,"Scientists discovered that human microglia, immune cells that help shape developing brain circuits, can take four to eight years to mature instead of just weeks as they do in mice. The unusually slow process may help explain how the human brain develops its remarkable complexity and cognitive abilities.",Health,https://www.sciencedaily.com/releases/2026/08/260831015141.htm
Your Genes May Decide Whether a Low-Carb Diet Sends Cholesterol Soaring,"A low-carb diet may raise LDL cholesterol much more sharply in people who are genetically predisposed to high cholesterol, particularly when they consume lots of saturated fat. The findings could help explain why people following seemingly similar diets can have dramatically different results.",Health,https://www.sciencedaily.com/releases/2026/08/260823015009.htm
"When Gut Microbes Run Low on Fiber, They May Start Eating You","Gut microbes need something to eat, and when fiber is limited, they may begin consuming proteins from the mucus lining that protects the gut. Researchers found that fiber can suppress this process, while indigestible plant proteins help microbes produce more beneficial compounds.",Health,https://www.sciencedaily.com/releases/2026/08/260814235842.htm
Scientists Find a Simple Way to Stop Cavities Without Drilling,"A liquid brushed onto cavities in seconds may spare many young children from pain, infection, and surgery. A major U.S. trial found that silver diamine fluoride stopped decay in more than half of treated baby teeth. The treatment requires no drilling, shots, or sedation, although it does permanently darken the decayed area.",Health,https://www.sciencedaily.com/releases/2026/07/260729010719.htm
Daily Multivitamin May Help Older Adults Stay Independent,"Taking a daily multivitamin may help older adults preserve the strength and stamina needed for everyday activities. After three years, users reported better functional health than those taking a placebo, although the preliminary findings still require peer review.",Health,https://www.sciencedaily.com/releases/2026/07/260729010716.htm
4 in 5 Toddler Foods Are Ultra-Processed,"A grocery-store audit found that many foods marketed for toddlers may be far less healthy than parents expect. Of nearly 2,800 products examined in Texas, 81% were ultra-processed, and almost half failed at least one World Health Organization nutrient standard, often because they contained too much sugar, sodium, fat, or too many calories.",Health,https://www.sciencedaily.com/releases/2026/07/260727012128.htm
Scientists Reveal What Sparkling Water Really Does to Your Teeth,"Unsweetened sparkling water may offer a tooth-friendlier alternative to sugary soda, according to a small preliminary study tracking how different drinks change mouth acidity. Soda caused the strongest and longest drop in salivary pH, while sparkling water produced only a temporary decline before saliva restored normal conditions. Importantly, acidity remained above the level associated with enamel damage.",Health,https://www.sciencedaily.com/releases/2026/07/260727012126.htm
Eating Within 8 Hours May Help Keep the Aging Brain Sharp,"Eating within a shorter daily window may help protect certain thinking skills as people age. In a small six-month trial, older women who limited eating to about 8 to 9 hours a day performed better on planning and problem-solving tests than those who ate over 12 hours. Both groups lost similar amounts of weight, hinting that when people eat could matter in addition to how much they eat.",Health,https://www.sciencedaily.com/releases/2026/07/260727012125.htm
Why the Same DNA Damage Causes Cancer in Some People but Not Others,A controlled mouse study has provided direct evidence that inherited genetics can steer how cancer begins and evolves after DNA damage. The discovery could eventually help doctors better predict cancer risk and tailor screening and treatments to each patient.,Health,https://www.sciencedaily.com/releases/2026/07/260727012123.htm
Your AI Calorie-Tracking App May Be Off by 345 Calories,"Popular AI-powered food apps may make calorie counting easier, but they may also leave out a surprisingly large part of the meal. Four apps underestimated calories and fat by about one-third when tested against carefully prepared meals. High-fat ketogenic dishes appeared to cause the most trouble, while carbohydrates were measured more consistently.",Health,https://www.sciencedaily.com/releases/2026/07/260726015237.htm
Scientists Turn Probiotic Bacteria Into Tiny Drug Factories for Pancreatic Cancer,"Engineered probiotic bacteria were able to infiltrate pancreatic tumors, stimulate cancer-fighting immune cells, and slow tumor growth in animal studies. Even more strikingly, the treatment worked better when combined with chemotherapy, radiation, or immunotherapy.",Health,https://www.sciencedaily.com/releases/2026/08/260816044830.htm
Scientists Solve the Mystery of a Brain “switch” That Can Trigger Weight Loss in Opposite Ways,"Scientists have uncovered why two seemingly opposite ways of targeting the same brain receptor can both promote weight loss. In mice, activating the GIP receptor in the brainstem reduced appetite, while blocking it in the hypothalamus removed a kind of “brake” on fullness signals. The discovery helps explain why very different obesity drugs can achieve similar results and suggests that carefully combining GIP-targeting treatments with GLP-1 drugs like those related to Wegovy and Ozempic could produce stronger effects.",Health,https://www.sciencedaily.com/releases/2026/08/260814011039.htm
Scientists Discover a Compound That Could Supercharge Aging Muscle Repair,A sulfur-based compound called LASSS appears to protect and supercharge a key protein involved in repairing damaged muscle. The discovery could eventually lead to new ways to slow muscle loss and preserve strength as people age.,Health,https://www.sciencedaily.com/releases/2026/07/260724061432.htm
A New Antiviral Could Stop Measles Before an Outbreak Takes Off,An experimental pill prevented a measles-like virus from spreading through the air or through close contact in ferrets. It worked when given shortly before or after exposure and also shortened illness and the period when infected animals remained contagious. Researchers say the drug could one day complement vaccination and make outbreaks easier to contain.,Health,https://www.sciencedaily.com/releases/2026/07/260724061431.htm
New Injectable Treatment Helps the Brain Rebuild After Stroke,"Duke researchers developed an injectable scaffold that helped stroke-damaged brains grow new blood vessels, support nerve regrowth, and recover movement in mice. The treatment appears to work partly by recruiting the body’s own immune cells, including neutrophils that may switch from damaging to helpful under the right conditions.",Health,https://www.sciencedaily.com/releases/2026/09/260902234512.htm
One Faulty Gene Copy Can Make the Heart’s DNA Fold the Wrong Way,"Researchers have discovered that a gene linked to congenital heart disease acts like an architect for the heart cell’s DNA. Losing just one copy of TBX5 can cause the genome’s carefully folded 3D structure to unravel, disrupting the genes needed to build a healthy heart. The effects can vary from cell to cell, which may help explain why people with the same mutation develop different heart defects. The same hidden mechanism could also play a role in other birth defects.",Health,https://www.sciencedaily.com/releases/2026/08/260812015214.htm
A Protein Older Than Blood Circulation Could Transform Cancer Immunotherapy,"A protein that evolved long before the human circulatory system may help unlock stronger cancer treatments. When C3 is produced inside tumors, it blocks immune-suppressing cells and gives immunotherapy a better chance to work. Researchers were even able to recreate this effect in resistant tumors, significantly improving survival in mice.",Health,https://www.sciencedaily.com/releases/2026/08/260806050702.htm
Scientists Discover a Hidden Brain Shift That Begins Around Age 50,"Beginning around age 50, the brain’s memory center appears to lose many of its longtime immune cells and replace them with more inflammatory ones. This surprising shift may help explain how normal aging sets the stage for Alzheimer’s disease and dementia.",Health,https://www.sciencedaily.com/releases/2026/08/260806050700.htm
A Single Dose Reversed Autism-Like Symptoms in Adult Mice Within Hours,"Even mild inflammation during pregnancy led mouse offspring to develop persistent brain overactivity, sensory sensitivity, repetitive behaviors, and increased seizure risk. Remarkably, one dose of rapamycin improved nearly all of these problems within about two hours. The benefits were temporary, but they suggest that adult brain circuits may remain far more adaptable than previously believed.",Health,https://www.sciencedaily.com/releases/2026/07/260724061436.htm
Ozempic and Mounjaro Linked to a Surprising Hair Loss Risk,"A large study suggests that GLP-1 drugs including Ozempic and Mounjaro may slightly increase the risk of hair loss in people with type 2 diabetes. Compared with two other common classes of diabetes medications, GLP-1 users had a significantly higher rate of alopecia, though the absolute risk was still low. The hair loss was mainly non-scarring, which means it may be reversible.",Health,https://www.sciencedaily.com/releases/2026/07/260723084047.htm
Superagers Keep Youthful Memories but Their DNA Does Not Explain Why,"Scientists expected SuperAgers might simply inherit fewer Alzheimer’s-related risks, but their genes looked much like those of typical older adults. Their extraordinary memories may instead come from still-unknown protective forces involving the brain, body, lifestyle, and environment.",Health,https://www.sciencedaily.com/releases/2026/07/260723084045.htm
Exercise May Not Help Hip Arthritis as Much as Patients Expect,"A major review found that exercise produces only small average improvements in hip osteoarthritis pain and physical function. It may still help some people, but researchers warn that current evidence is too limited to know which exercises work best.",Health,https://www.sciencedaily.com/releases/2026/07/260723084043.htm
Frequent Cannabis Users Wake Up With Their “stress Hormone” Already Elevated,"Frequent cannabis users may wake up with unusually high levels of the stress hormone cortisol, suggesting their daily stress rhythms could be disrupted. Researchers say the finding raises questions about whether using cannabis for stress relief might, over time, interfere with the very system that helps the body handle stress.",Health,https://www.sciencedaily.com/releases/2026/08/260808234953.htm
Scientists Revive a Powerful Antibiotic That Superbugs Had Defeated,"Scientists have found a way to revive vancomycin, a powerful antibiotic that some dangerous bacteria have learned to resist. Instead of creating an entirely new drug, researchers paired vancomycin with a small molecule called pghi-4, which blocks a bacterial enzyme linked to resistance. The combination restored the antibiotic’s ability to kill drug-resistant E. faecium, raising hopes that similar chemical helpers could rescue other failing medicines.",Health,https://www.sciencedaily.com/releases/2026/07/260722032108.htm
"The Billion-Dollar Problem Keeping Ozempic, Wegovy, and Zepbound from Patients","Ozempic, Wegovy, and similar drugs may deliver excellent health value, but covering them for millions of eligible patients could overwhelm insurance budgets. Researchers say better long-term support is needed and warn that low-cost compounded versions may carry serious safety risks.",Health,https://www.sciencedaily.com/releases/2026/07/260723084854.htm
Coffee May Protect Your Heart but Energy Drinks Could Harm It,"For most adults, a daily caffeine habit may be safer for the heart than many people assume. A new American Heart Association review found that up to 400 milligrams of caffeine a day, roughly three to five cups of regular black coffee, is generally safe and may even be linked to lower risks of heart disease, stroke, heart failure, and Type 2 diabetes. But the source matters: highly concentrated energy drinks and shots can sharply raise blood pressure and trigger irregular heart rhythms.",Health,https://www.sciencedaily.com/releases/2026/07/260721000820.htm
New Molecular Map Reveals How the Flu Virus Hijacks Human Cells,"Scientists uncovered how influenza A commandeers human cells, including a surprising strategy that dissolves tiny structures in the nucleus and releases proteins the virus may use to reproduce. The detailed molecular map could reveal new drug targets and help researchers study dangerous flu strains such as H5N1.",Health,https://www.sciencedaily.com/releases/2026/07/260721000816.htm
Watching Too Much TV in Midlife May Shrink the Brain,"Watching television very often in midlife may be linked to troubling brain changes decades later. In a study of about 1,700 adults, frequent TV viewers later showed smaller brain regions involved in memory, decision-making, and visual processing, along with more signs of damage in the brain’s white matter. Surprisingly, sitting itself did not appear to be the main issue, since people who spent long hours seated at mentally engaging jobs often showed healthier brain patterns.",Health,https://www.sciencedaily.com/releases/2026/07/260721000822.htm
Scientists Discover a Protein That Protects the Brain from Alzheimer’s Damage,"A protein called SORLA may act as a powerful defense against the toxic tau tangles involved in Alzheimer’s disease. Mice with extra SORLA had less tau accumulation, less brain atrophy, and healthier connections between neurons, while mice without it experienced more severe damage. The findings also revealed a possible drug target that could help control harmful activity in supporting brain cells.",Health,https://www.sciencedaily.com/releases/2026/07/260718010140.htm
One Immune Switch May Help Drive Aging Across the Body,"Aging may be partly fueled by immune cells losing their ability to clear away damaged, inflammation-promoting cells. Blocking a single receptor restored that cleanup process in mice, reducing inflammation and helping their organs, muscles, and memory remain remarkably youthful.",Health,https://www.sciencedaily.com/releases/2026/09/260901010717.htm
Alzheimer’s Breakthrough: Scientists Restore Two Hours of Sleep Without Clearing Brain Plaques,"Researchers have uncovered a surprising culprit behind sleep loss in Alzheimer’s disease: the brain’s own immune cells. In mice with amyloid plaques, overactive microglia triggered inflammation that kept the brain from getting enough deep, restorative sleep. Temporarily removing most of these cells restored more than two hours of sleep per day, even though the plaques remained unchanged.",Health,https://www.sciencedaily.com/releases/2026/07/260719035931.htm
Scientists Detect Hidden Skin Damage Before It Becomes Visible,"Scientists have discovered a hidden warning sign of skin damage that appears before collagen fibers visibly thin, break, or lose their connections. Using advanced light-based techniques, the team found that collagen’s carefully organized molecular “handedness” can collapse even while the tissue still appears structurally intact and contains the same amount of collagen. This suggests that skin may begin deteriorating at a much deeper level long before conventional imaging can detect a problem.",Health,https://www.sciencedaily.com/releases/2026/07/260716023554.htm
Scientists Tested 39 Sweeteners and Found Unexpected Gut Effects,"A large laboratory study found that many commonly used sweeteners can directly change the growth of gut bacteria. Researchers identified more than 100 cases in which sweeteners behaved differently when combined with medications, caffeine, or flavorings. The combination of isosteviol and the antidepressant duloxetine was especially disruptive, reducing beneficial bacteria and overall microbial diversity.",Health,https://www.sciencedaily.com/releases/2026/07/260716023552.htm
Scientists Discover a Hidden Immune Signal That Helps Spinal Cords Regrow,"A surprising immune system signal may help explain why zebrafish can regenerate damaged spinal cords so effectively. Researchers found that certain neutrophils release Il-4, which calms harmful inflammation and allows injured nerve fibers to grow again. Without these cells, healing stalled, but adding Il-4 restored regeneration. Scientists now want to know whether the same mechanism could someday be harnessed to improve spinal cord repair in humans.",Health,https://www.sciencedaily.com/releases/2026/09/260906170136.htm
Experimental Eye Drops Help Blind Mice See Again,"Scientists have created light-activated drugs that helped blind mice perceive light again and restored visually guided behavior without gene therapy, implants, or specialized lighting. Even more intriguingly, two of the most promising compounds worked when administered as eye drops, pointing toward a potentially simple new approach to restoring vision.",Health,https://www.sciencedaily.com/releases/2026/08/260828005224.htm
Exercise May Help the Aging Brain “take out the Trash”,"Regular exercise may help the brain clear away harmful waste that can build up with age. Researchers found that physical activity supports several processes linked to the brain’s glymphatic cleanup system, including better sleep, lower inflammation, and healthier blood vessels. Because this waste-removal system becomes increasingly important as we get older, exercise could play a meaningful role in protecting against cognitive decline.",Health,https://www.sciencedaily.com/releases/2026/08/260810015719.htm
CRISPR Makes Prostate Cancer Vulnerable to Immunotherapy,Scientists used CRISPR to make prostate cancer cells easier for the immune system to detect and destroy. The experimental treatment dramatically improved the effects of immunotherapy in mice and may offer hope for other hard-to-treat tumors.,Health,https://www.sciencedaily.com/releases/2026/07/260726015250.htm
A Healthier Global Diet Could Cut Farm Emissions by 85%,"A global shift toward healthier diets could sharply reduce livestock farming, free up agricultural land, and cut emissions from land-use change by 85% by 2050. At the same time, fruit, vegetable, nut, and legume production could soar, creating a sweeping transformation of what the world grows and eats.",Health,https://www.sciencedaily.com/releases/2026/07/260716023557.htm
Schizophrenia’s Lost Brain Connections Follow a Surprising Pattern,"Specialized brain scans reveal that schizophrenia is linked to widespread loss of the synapses that connect brain cells, with the left side of the brain hit especially hard. The damage follows a surprisingly organized pattern tied to the brain’s chemistry and wiring. Researchers also identified a left frontal region that may serve as a starting point for the loss.",Health,https://www.sciencedaily.com/releases/2026/08/260820002443.htm
More Than 400 Sick as CDC Searches for the Source of a Mystery Outbreak,"A growing Cyclospora outbreak has sickened more than 400 people in four states, and investigators are still searching for the contaminated food responsible. The CDC warns the actual number of cases is likely much higher and urges anyone with symptoms to seek medical care.",Health,https://www.sciencedaily.com/releases/2026/07/260715083530.htm
"Going to Museums, Movies, and Theater May Help Your Body Stay Younger","Going to the cinema, visiting museums, or attending concerts may do more than entertain. Researchers found that older adults who regularly participated in cultural activities tended to have bodies that functioned like those of people about three years younger. They believe stronger social ties, better mental health, and healthier habits could help explain the link, although more research is needed to determine whether cultural activities directly slow aging.",Health,https://www.sciencedaily.com/releases/2026/07/260714225526.htm
This Pet Gecko Could Help Scientists Unlock the Secrets of Cancer,"An unusual leopard gecko that naturally develops aggressive tumors may become an important new model for cancer research. Scientists found its tumors share key genetic changes with human cancers, offering a rare opportunity to study the disease as it develops naturally.",Health,https://www.sciencedaily.com/releases/2026/07/260714225525.htm
Scientists Finally Solved Why Some Frogs Survive a Deadly Fungus,"A deadly fungus has wiped out amphibian populations around the globe, yet some mysteriously recover. Researchers discovered that survivors develop powerful immune defenses while they are still tadpoles, giving them a head start before the fungus can attack after metamorphosis. The study also uncovered a vast collection of previously unknown antimicrobial peptides that could someday inspire new drugs to fight infections.",Health,https://www.sciencedaily.com/releases/2026/07/260714225523.htm
This Lifestyle Program Improved Cognition 55% More Than Basic Health Advice,"Older adults at risk of dementia improved their memory and thinking after following lifestyle programs combining exercise, healthy eating, cognitive training, and social engagement. Those who received regular coaching and structured support improved substantially more than participants given general health advice.",Health,https://www.sciencedaily.com/releases/2026/09/260903064246.htm
Eating One Avocado a Day May Lower Heart Disease Risk,"A daily avocado may help lower heart disease risk in adults with obesity by reducing the number of LDL particles circulating in the blood. After six months, participants who ate an avocado each day experienced a decline associated with an estimated 4% reduction in cardiovascular risk.",Health,https://www.sciencedaily.com/releases/2026/07/260731034155.htm
"Where You Live Could Shape Your Dementia Risk, Massive Study Finds","Researchers analyzing data from more than 214,000 people found that dementia risk factors differ widely across countries, challenging the idea of a one-size-fits-all prevention strategy. At the same time, they uncovered surprisingly consistent patterns that could help shape smarter, more targeted public health efforts.",Health,https://www.sciencedaily.com/releases/2026/07/260713000753.htm
Scientists Discover a Hidden Heart Valve Risk Linked to Gum Disease,Researchers found that bacteria linked to gum disease may help drive the development of calcific aortic valve stenosis by triggering inflammation and calcium buildup in the heart valve. The early findings suggest that keeping gums healthy could play a role in reducing the risk of this serious heart condition.,Health,https://www.sciencedaily.com/releases/2026/07/260713000751.htm
Breast Cancer Is Surging Among Asian American Women — and Scientists Don’t Know Why,"Breast cancer is rising rapidly among Asian American women, with some of the most alarming increases occurring in younger women and in aggressive or advanced cancers. Researchers say screening alone can&apos;t explain the surge, suggesting important risk factors may still be undiscovered.",Health,https://www.sciencedaily.com/releases/2026/08/260815064829.htm
This Yeast Supplement May Boost Cancer-Fighting Immunity,"A simple yeast-based food supplement may help restore the immune system’s ability to fight cancer, according to new research in mice. Scientists found that yeast beta-glucan reprogrammed early immune cells in the bone marrow, leading to stronger, longer-lasting cancer-fighting responses against colorectal, skin, and breast cancer cells.",Health,https://www.sciencedaily.com/releases/2026/08/260821012230.htm
Cancer Cases Could Surge 67% Worldwide by 2050,"Cancer is becoming an even larger global health threat, with nearly 21 million people diagnosed and 9.8 million dying from the disease in 2024. New estimates suggest about 1 in 5 people worldwide will develop cancer during their lifetime, while cases could climb by 67% to 34 million by 2050 simply because populations are growing and aging.",Health,https://www.sciencedaily.com/releases/2026/09/260906170142.htm
New Alzheimer's Drug Repairs DNA Damage and Reduces Brain Inflammation,"A drug originally developed for spinal cord injury may offer a fresh approach to treating Alzheimer’s disease. In mouse studies, KCL-286 repaired dangerous DNA damage, reduced inflammation, and targeted multiple disease-related pathways instead of focusing on just amyloid or tau. Since it has already cleared an initial human safety trial, researchers believe it could move more quickly into Alzheimer’s clinical testing.",Health,https://www.sciencedaily.com/releases/2026/07/260711010118.htm
Wearable Ultrasound Patch Boosts REM Sleep Without Drugs or Surgery,"A new wearable patch may help people reach REM sleep faster and remain there longer without medication or surgery. In a study of 28 participants, the device shortened the time to REM by 43 minutes and extended it by about 16 minutes. Researchers also observed signs of improved stress regulation and changes in brain circuits tied to emotion.",Health,https://www.sciencedaily.com/releases/2026/08/260806050709.htm
New Antibody Drug Stops Aggressive Prostate Cancer from Spreading,"Scientists have developed a fully human antibody that halted the growth and spread of aggressive prostate cancer in preclinical research. Although more testing is needed, the drug’s unusual mechanism could open the door to a safer new treatment for advanced cancer.",Health,https://www.sciencedaily.com/releases/2026/07/260718010151.htm
Experimental Drug Reverses Severe Fatty Liver Disease by Repairing the Gut,An experimental drug called DT-109 reversed severe fatty liver disease in animal studies by repairing the gut and preventing harmful toxins from damaging the liver. The discovery could open the door to a new class of treatments for MASH and potentially other diseases tied to gut health.,Health,https://www.sciencedaily.com/releases/2026/07/260711010116.htm
Scientists May Have Found a Way to Prevent Statin Muscle Pain,"Scientists have identified an immune response that may explain why statins cause muscle pain, weakness, and exercise intolerance in some people. The finding could eventually lead to treatments that protect muscles while preserving the drugs’ lifesaving cardiovascular benefits.",Health,https://www.sciencedaily.com/releases/2026/07/260731034152.htm
Losing Just 80 Minutes of Sleep a Night Could Make You Gain Weight,"Sleeping about an hour and 20 minutes less each night for six weeks caused participants to gain weight and spend more time inactive. Researchers found that even mild, realistic sleep loss, similar to what many adults experience, had measurable effects. They warn that if this pattern continues over months or years, the health consequences could become much more significant, including a higher risk of diabetes and heart disease.",Health,https://www.sciencedaily.com/releases/2026/07/260713000800.htm
Multilingual People May Have Brains Up to 13 Years Younger,"People who speak several languages may have brains that age more slowly, with four-language speakers showing brains that appeared about 13 years younger than those of monolinguals. Starting earlier and becoming highly fluent were also linked to a stronger effect.",Health,https://www.sciencedaily.com/releases/2026/08/260821012226.htm
Each Extra Hour of Prolonged Sitting Linked to 9% Higher Cancer Death Risk,"Sitting for long, uninterrupted stretches may carry greater health risks than sitting the same amount of time in shorter bouts. Researchers found that each extra hour of prolonged sedentary behavior was associated with a 9% higher risk of cancer death. Breaking up sitting with movement showed the opposite pattern, while replacing an hour of prolonged sitting with light activity was linked to a 12% lower risk.",Health,https://www.sciencedaily.com/releases/2026/09/260901070548.htm
"Coffee May Help Shield the Liver from Fat, Scarring, and Cancer","A major long-term study linked coffee consumption with lower risks of cirrhosis, liver cancer, and death from liver disease. Coffee drinkers also showed healthier liver scans and blood protein patterns, with less fat, inflammation, and scarring. Benefits appeared even at one or two cups daily and were strongest around three to four cups.",Health,https://www.sciencedaily.com/releases/2026/07/260719035955.htm
Scientists Finally Crack Nature's Secret for Building Better Cancer Drugs,"Researchers have cracked the code behind bacteria&apos;s ability to naturally manufacture multiple versions of powerful anti-cancer drugs. The discovery could make it much easier to engineer new cancer treatments inspired by nature, including improved versions of existing medicines.",Health,https://www.sciencedaily.com/releases/2026/07/260701205001.htm
Scientists Say Creatine May Help Fight Depression,"Creatine is best known as a muscle-building supplement, but scientists are now investigating whether it could also help treat depression by boosting the brain&apos;s energy supply. A new review examined five randomized clinical trials involving 238 participants and found mixed results. Two studies, both involving women with major depressive disorder, reported that adding creatine to standard treatment improved symptoms, while three others found no meaningful benefit.",Health,https://www.sciencedaily.com/releases/2026/06/260630020231.htm
Scientists May Have Finally Found How Alzheimer's Spreads Through the Brain,"A common brain protein may be giving Alzheimer’s disease an unexpected way to spread, carrying toxic Tau proteins from damaged neurons into healthy ones. By blocking these harmful protein packages before they reach new cells, researchers believe it may one day be possible to slow the disease&apos;s relentless progression.",Health,https://www.sciencedaily.com/releases/2026/06/260630020521.htm
Scientists Discover a Completely Different Way to Fight Viruses,"Researchers have uncovered an unexpected antiviral defense system in sea anemones that works very differently from the one humans use. The discovery suggests evolution developed multiple ways to combat viruses, challenging long-held ideas about how animal immune systems evolved.",Health,https://www.sciencedaily.com/releases/2026/06/260630020534.htm
This Food Compound May Help Vaccines Work Better in Older Adults,"A naturally occurring compound found in foods such as wheat germ, mushrooms, and aged cheese may help older adults build stronger protection after vaccination. In a small pilot trial, researchers gave spermidine supplements to adults over 65 following their third COVID-19 vaccine dose. The biggest improvements appeared among people whose immune systems initially responded poorly, with higher antibody levels and stronger activity against several variants.",Health,https://www.sciencedaily.com/releases/2026/07/260719035951.htm
New Calculator Reveals Whether You Should Really Worry About Statin Side Effects,"Scientists at the University of Oxford have created a calculator that predicts a person&apos;s individual risk of serious muscle disorders from statin medications. Their analysis found that more than 98% of people who qualify for statins are at low risk for these rare complications, despite widespread concerns about side effects. The study also revealed that most eligible patients are not taking statins, potentially missing important protection against heart attacks and strokes.",Health,https://www.sciencedaily.com/releases/2026/06/260630020549.htm
Scientists May Have Finally Found How Alzheimer's Kills Brain Cells,Researchers have identified a previously overlooked mechanism of brain cell death that appears to play a major role in Alzheimer&apos;s disease and frontotemporal dementia. The finding could lead to new treatments aimed at slowing neuron loss by interrupting the process before cells are destroyed.,Health,https://www.sciencedaily.com/releases/2026/06/260626124701.htm
New GLP-1 Pill Delivers Up to 12% Weight Loss in 36 Weeks,"An experimental GLP-1 pill helped people with obesity or overweight lose as much as 12.1% of their body weight in just 36 weeks. Unlike injectable drugs such as Wegovy and Ozempic, aleniglipron is a small molecule that can be taken once daily with or without food and could potentially be produced more easily at scale.",Health,https://www.sciencedaily.com/releases/2026/08/260810015717.htm
This Sugar-Coated Therapy Boosted Survival Against Deadly Brain Cancer by 50% in Mice,"A new experimental treatment may have found a way to outsmart glioblastoma’s toughest defense: the blood-brain barrier. Researchers used sugar-coated nanoparticles to ferry genetic instructions that restore a key tumor-suppressing protein directly into brain cancer cells. In mouse studies, the therapy increased median survival by 50% while shrinking tumors without noticeable damage to other organs.",Health,https://www.sciencedaily.com/releases/2026/07/260715083542.htm
Scientists Found a Longevity Diet That Helped Mice Eat More and Lose Fat,"Scientists found that a modified Mediterranean-style diet with low protein and just enough methionine helped mice live healthier lives while reducing body fat and frailty. Human data also linked lower animal protein intake to lower rates of obesity and Type 2 diabetes, suggesting the approach could benefit people as well.",Health,https://www.sciencedaily.com/releases/2026/07/260708022206.htm
The Ozempic and Wegovy Mistake Sending Thousands to Poison Control,"Poison control calls involving semaglutide (Ozempic and Wegovy) soared after the drug was approved for weight management, with researchers linking the increase to accidental dosing mistakes rather than intentional misuse. Simple education about proper weekly dosing and gradual dose increases could help prevent many of these avoidable incidents.",Health,https://www.sciencedaily.com/releases/2026/07/260708022204.htm
Scientists Find a Way to Break Pancreatic Cancer’s Protective Shield,"Researchers found that blocking IL1RAP could disrupt a powerful inflammatory network that helps pancreatic cancer survive treatment. In preclinical experiments, the approach reduced tumor-protecting cells and fibrosis while boosting the activity of cancer-fighting T cells. That could make chemotherapy and immunotherapy more effective.",Health,https://www.sciencedaily.com/releases/2026/09/260911003856.htm
Scientists Find the Strength Training “sweet Spot” for a Longer Life,"Just a couple of hours of strength training each week could have surprisingly powerful effects on longevity. People who lifted weights for around 90 to 120 minutes weekly had a 13% lower risk of dying early, with especially large reductions in deaths from cardiovascular and neurological diseases. Pairing strength training with regular aerobic exercise was even more impressive, lowering overall death risk by about 45%.",Health,https://www.sciencedaily.com/releases/2026/08/260808234959.htm
Scientists Discover Why Poor Sleep May Harm Some Brains More,A gene involved in the brain’s overnight cleaning system may change how strongly poor sleep affects Alzheimer’s-related brain changes. The findings point toward more personalized prevention strategies based on both genetics and sleep habits.,Health,https://www.sciencedaily.com/releases/2026/07/260729051529.htm
Popular Childhood Drinks May Raise Blood Pressure Decades Later,"A 25-year study found that frequent consumption of soda, sports drinks, and fruit juice beginning in childhood was linked to a higher risk of high blood pressure in adulthood. Swapping one daily drink for whole fruit, milk, or water could significantly reduce that risk.",Health,https://www.sciencedaily.com/releases/2026/07/260722032121.htm
Scientists Discover Ancient Brain Cells That Help Block Distractions,"Scientists have discovered a tiny group of neurons in an ancient brain region that acts like a built-in focus filter, helping the brain ignore distractions and zero in on what matters most. When researchers temporarily switched off these neurons in mice, the animals became unusually distractible—similar to what is seen in ADHD—but regained normal focus as soon as the neurons were reactivated.",Health,https://www.sciencedaily.com/releases/2026/06/260624025426.htm
Scientists Discover How Colon Cancer Cells Change Identity to Spread,"Scientists have identified a molecular switch that may help explain how colorectal cancer becomes deadly. When levels of a gene-regulating factor called GATA6 drop, cancer cells can shed their normal identity and transform into highly adaptable, fetal-like cells capable of spreading through the bloodstream and establishing new tumors in the liver. The study suggests that this dangerous transition is driven less by new genetic mutations and more by changes in how genes are switched on and off.",Health,https://www.sciencedaily.com/releases/2026/06/260623014007.htm
A Surprising Brain Discovery Is Forcing Scientists to Rethink Movement Disorders,"A surprising discovery is overturning a long-held assumption about how the brain’s movement center works. Researchers found that two key cerebellar cell types—thought to be tightly linked—often don’t behave in predictable ways, even though one directly influences the other. The finding suggests scientists may have been relying on the wrong signals when studying disorders such as dystonia, ataxia, and tremor.",Health,https://www.sciencedaily.com/releases/2026/06/260623014004.htm
Ebola and Hantavirus Can Start Like the Flu but Turn Deadly Fast,"Two dangerous viruses are back in the spotlight, reminding health officials how quickly infectious diseases can become serious threats. Hantavirus, often linked to rodents, can cause severe heart and lung complications and has no specific treatment or vaccine, while certain strains can even spread between people. Ebola remains one of the world&apos;s most feared diseases, with some outbreaks killing up to half of those infected, although vaccines and antivirals have improved outcomes for some strains.",Health,https://www.sciencedaily.com/releases/2026/06/260622014257.htm
Ozempic May Have Revealed the Brain’s Hidden “craving Center”,"Ozempic-like drugs appear to weaken more than hunger—they may also reduce cravings for alcohol and other addictive substances. Scientists are increasingly tracing this effect to the lateral septum, a brain region that helps connect memories and surroundings with rewarding experiences. Packed with GLP-1 receptors, it may act as a crucial control point between thinking about a reward and feeling compelled to pursue it. The discovery could open new approaches to treating addiction as well as obesity.",Health,https://www.sciencedaily.com/releases/2026/08/260811011138.htm
Nearly Half of Kidney Transplant Patients Never Even Get Started,"A massive national study found that nearly half of Americans with kidney failure who are referred for a transplant never even begin the evaluation process, and only 19% make it onto the transplant waitlist. Researchers discovered that factors such as where a person lives, whether they are married, their income level, language, age, and even which transplant center they use can dramatically affect their chances of moving forward.",Health,https://www.sciencedaily.com/releases/2026/06/260623014006.htm
Can’t Sleep in the Heat? These 8 Tricks Could Save Your Night,"Sleeping well during a heatwave starts with stopping the home from overheating. Close blinds against strong sunlight, ventilate when the air outside becomes cooler, and avoid using heat-producing appliances during the hottest hours. Moving to a cooler room, choosing light bedding and using fans or ice packs safely can also make hot nights more manageable.",Health,https://www.sciencedaily.com/releases/2026/07/260729010722.htm
Scientists Want to Quarantine Alien Life on the Moon Before It Reaches Earth,"Scientists are calling for a lunar quarantine facility where samples from Mars, the Moon, and beyond would be examined before being brought to Earth. They warn that even a tiny alien microorganism could have unpredictable effects on Earth&apos;s ecosystems. By using robotic handling systems on the Moon, researchers hope to eliminate the risk of accidental exposure or release.",Health,https://www.sciencedaily.com/releases/2026/06/260623083144.htm
USC Scientists Just Unlocked an Endless Supply of Cancer-Fighting Immune Cells,"A new stem-cell-inspired technique allows scientists to grow vast numbers of immune-cell progenitors that can be engineered to hunt cancer and strengthen immune responses. In animal studies, the cells fought tumors, restored immune function, and showed promise as a durable, off-the-shelf therapy platform.",Health,https://www.sciencedaily.com/releases/2026/06/260620100317.htm
Scientists Finally Solved How H5N1 Bird Flu Hid in Dairy Cows,Researchers uncovered why H5N1 bird flu attacks cows’ udders instead of their lungs: the virus’s preferred receptors are concentrated in mammary tissue. The breakthrough could help scientists predict future bird flu jumps and spot unusual infections before they spread widely.,Health,https://www.sciencedaily.com/releases/2026/06/260620100315.htm
Chewing Bubble Gum After Beetroot May Help Lower Blood Pressure,"A new study found that chewing sugary gum after eating nitrate-rich vegetables or drinking beetroot juice helped the body produce more beneficial nitrite, leading to a temporary drop in blood pressure. Researchers hope the discovery will lead to healthier ways to enhance the cardiovascular and performance benefits of dietary nitrate without relying on sugar.",Health,https://www.sciencedaily.com/releases/2026/07/260713084904.htm
This Ultrasound Treatment May Help Stop Arthritis Before It Starts,"A simple, non-invasive ultrasound treatment could one day help injured joints heal instead of remaining trapped in a cycle of damaging inflammation. Researchers at The University of Alabama in Huntsville found that continuous low-intensity ultrasound encouraged key immune cells called macrophages to shift from an inflammatory state toward one that supports tissue repair.",Health,https://www.sciencedaily.com/releases/2026/07/260710003521.htm
Millions Take Omega-3 Fish Oil for Brain Health but a New Study Found No Benefit,"Fish oil supplements successfully delivered omega-3s to the brain, but a two-year study found no meaningful benefits for memory, cognition, or Alzheimer’s-related brain changes. The results challenge the idea that fish oil pills can help prevent Alzheimer’s and shift attention toward overall diet and lifestyle instead.",Health,https://www.sciencedaily.com/releases/2026/06/260622014300.htm
"For Decades, We Were Told to Choose Low-Fat Dairy. New Research Says Otherwise","Full-fat dairy may be healthier than conventional advice has suggested. In a 12-week study, adults who ate three servings a day showed no meaningful increases in weight, body fat, cholesterol, or insulin resistance. They also experienced improved blood pressure and consumed more calcium, protein, and vitamin D. The findings suggest dairy’s complex structure may matter more than its saturated fat content alone.",Health,https://www.sciencedaily.com/releases/2026/08/260808234948.htm
Harvard Scientists Turn a Silicon Chip Into a DNA Writing Machine,"Scientists have created a silicon chip that can write dozens of DNA sequences simultaneously using electricity and water-based enzymes, offering a cleaner alternative to conventional DNA manufacturing. The breakthrough could eventually support portable DNA-writing devices and even massive DNA data storage, although new chemistry will be needed to scale the technology further.",Health,https://www.sciencedaily.com/releases/2026/07/260708022202.htm
This Emerging Treatment Is Helping People Avoid Knee Replacement Surgery,"A minimally invasive treatment called GAE is helping people with chronic knee pain get back to gardening, cycling, and other activities without undergoing knee replacement surgery. Early studies suggest the procedure can provide years of relief by reducing inflammation inside the joint.",Health,https://www.sciencedaily.com/releases/2026/06/260622091502.htm
Scientists Found 45 Chemicals in Pregnant Women and Many Were Linked to Birth Risks,"A large study found that pregnant women are exposed to dozens of common chemicals, many of which were associated with earlier births and lower birth weights. Researchers also discovered that some replacement chemicals may be just as concerning as the substances they were designed to replace.",Health,https://www.sciencedaily.com/releases/2026/06/260622091431.htm
Scientists Say Most People Need More Protein Than Current Guidelines Suggest,"A new review suggests that doing more exercise and eating more protein than current minimum recommendations may help people stay stronger, sharper, and more independent as they age. The goal isn&apos;t building a beach body—it&apos;s extending healthspan and maintaining the ability to fully enjoy life for decades longer.",Health,https://www.sciencedaily.com/releases/2026/06/260622091429.htm
Scientists Discover Neurons Must Break Their DNA to Build the Brain,"As newborn neurons make their way through the developing brain, they must squeeze through incredibly tight spaces to reach their final destinations. Researchers discovered that this physical journey routinely causes some of the most severe forms of DNA damage—double-strand breaks—yet the young brain has evolved an impressive ability to repair the damage almost immediately.",Health,https://www.sciencedaily.com/releases/2026/06/260620100422.htm
Scientists Find the “Achilles’ Heel” of Deadly Gut Bacteria,"Researchers discovered an “Achilles’ heel” shared by E. coli, Shigella, and other diarrhea-causing bacteria: enzymes they use to breach the gut’s protective mucus layer. By targeting this common vulnerability, scientists may be able to develop a single vaccine that prevents several major diarrheal infections before they even begin.",Health,https://www.sciencedaily.com/releases/2026/06/260619101345.htm
Scientists Reprogram Brain Immune Cells to Fight Alzheimer’s,"A newly identified molecule called OLE helped restore the brain’s immune cells to a more protective state in Alzheimer’s models. The treatment reduced toxic plaque buildup and improved memory, raising hopes for a new therapeutic approach.",Health,https://www.sciencedaily.com/releases/2026/06/260619020506.htm
"Ozempic Changed Obesity Treatment, but Experts Say the Real Revolution Is Next","The obesity treatment landscape is changing fast, with GLP-1 drugs opening the door to more effective care than ever before. Experts now envision a future where medications, minimally invasive procedures, surgery, and precision medicine work together to deliver better long-term results.",Health,https://www.sciencedaily.com/releases/2026/06/260619020504.htm
"Ancient DNA Reveals Plague Was Already Killing Humans 5,500 Years Ago","Plague was already a deadly killer 5,500 years ago, long before cities, farming, or the rat-infested conditions usually linked to historic outbreaks. By analyzing ancient DNA from hunter-gatherer cemeteries in Siberia, researchers discovered early plague strains in nearly 40% of the individuals studied and found evidence of rapid family-based outbreaks that wiped out many children and young teenagers.",Health,https://www.sciencedaily.com/releases/2026/06/260618041450.htm
Ozempic and Wegovy Linked to Surprising Drop in Violent Behavior,"A Rutgers study suggests GLP-1 drugs such as Ozempic and Wegovy may weaken the link between impulsive tendencies and violent behavior. The surprising finding hints that these medications could affect how people act on impulses, though researchers stress that cause and effect have not been proven.",Health,https://www.sciencedaily.com/releases/2026/06/260617032152.htm
A Daily Probiotic May Help Relieve Depression and Anxiety,A small clinical trial suggests that probiotics may offer a surprising mental health boost for older adults with depression. Seniors who took a daily probiotic alongside their regular antidepressant treatment experienced slightly greater improvements in depression and anxiety symptoms than those who received a placebo.,Health,https://www.sciencedaily.com/releases/2026/06/260617032149.htm
A Longer Exhale May Push Your Brain Toward Bolder Decisions,Slow breathing with a prolonged exhale made people more willing to take risks by changing heart activity and increasing the brain’s sensitivity to rewards. The findings suggest that something as simple as controlling your breath can directly influence how you evaluate choices.,Health,https://www.sciencedaily.com/releases/2026/09/260904000320.htm
Shingles Vaccine Linked to 24% Lower Dementia Risk,"Older adults who received the Shingrix shingles vaccine were 24% less likely to be diagnosed with dementia over four years in a study of more than 500,000 people. Researchers estimate the difference could amount to roughly one dementia case prevented for every 17 people vaccinated.",Health,https://www.sciencedaily.com/releases/2026/08/260823015013.htm
Can't Stick to a Diet? Intermittent Fasting May Be Easier Than Counting Calories for Weight Loss,"Intermittent fasting helped people lose as much weight as calorie restriction, but without the same feeling of constantly controlling their food intake. Researchers say that difference could make fasting a more sustainable option for people who struggle with traditional diets.",Health,https://www.sciencedaily.com/releases/2026/07/260701015247.htm
Butterfly That Barely Ages Could Help Unlock Longevity Secrets,"Scientists discovered that Heliconius butterflies have evolved an extraordinary lifespan, living several times longer than closely related species. Even more surprising, some show little sign of physical decline as they age. Their unusual pollen-feeding lifestyle may play a role, but the research suggests deeper evolutionary changes are also helping them stay healthy for longer.",Health,https://www.sciencedaily.com/releases/2026/06/260622014302.htm
A Surprising Discovery Reveals the Kidney Has a Secret Backup System,"Scientists at Mayo Clinic have uncovered a surprising new way the kidneys conserve water, revealing a hidden backup system that works independently of the hormone long believed to control the process. The discovery emerged when researchers testing an old drug called probenecid expected it to worsen polycystic kidney disease (PKD) but found it actually slowed cyst growth instead.",Health,https://www.sciencedaily.com/releases/2026/06/260617032153.htm
New Procedure Delivers Lasting Knee Arthritis Pain Relief Without Surgery,"A minimally invasive treatment that blocks inflammation-driving blood vessels in the knee provided significant pain relief and improved function for osteoarthritis patients, with benefits lasting at least a year. The procedure was safe, highly successful, and could offer a new alternative for people seeking relief before considering knee replacement.",Health,https://www.sciencedaily.com/releases/2026/06/260616102217.htm
Scientists Found an Early Depression Clue Hidden in Children’s Eyes,"Depression appears to change what children notice in the faces around them, but the effect depends on family history. Kids with a higher inherited risk became more focused on sadness, while lower-risk children lost some of their natural attention to happy expressions.",Health,https://www.sciencedaily.com/releases/2026/06/260616102214.htm
Tiny Silica Particles Wiped out Aggressive Prostate Cancer in Mice,"Tiny silica nanoparticles engineered to seek out prostate cancer caused tumor cells to self-destruct and supercharged the immune system in preclinical mouse studies. Combined with immunotherapy, the treatment produced complete remissions in multiple mice, raising hopes for a powerful new approach to prostate cancer.",Health,https://www.sciencedaily.com/releases/2026/07/260708022158.htm
One Tiny Mutation May Explain How Bat Viruses Become Human Threats,"Scientists found that one tiny genetic change can completely alter how a coronavirus behaves in different species. Comparing SARS-CoV-2 with a closely related bat-only virus, they showed that a single amino-acid difference affects whether the immune system fights back or gets suppressed. This may help explain how some animal viruses make the leap to humans and become far more dangerous.",Health,https://www.sciencedaily.com/releases/2026/06/260622091434.htm
Long-Lived Families Reveal a Rare Genetic Clue to Healthy Aging,"A study of long-lived families has identified rare genetic variants that may help people stay healthier for much longer as they age. One standout mutation appears to temper inflammation, potentially delaying disease and extending years of healthy living.",Health,https://www.sciencedaily.com/releases/2026/06/260621060301.htm
Light Switch Wakes Sleeping Cancer Cells and Makes Them Vulnerable Again,"Some cancer cells evade treatment by entering a dormant state triggered by stress hormones. ETH Zurich scientists have created a light-controlled molecular switch that selectively destroys the receptors responsible for this survival mode. In laboratory lung cancer cells, the approach woke sleeping tumor cells and could help make future cancer therapies more effective while minimizing damage to healthy tissue.",Health,https://www.sciencedaily.com/releases/2026/06/260619020503.htm
Common Constipation Drug May Help Clear Depression Brain Fog,"An existing constipation drug may have an unexpected new use: helping clear the &quot;brain fog&quot; that often lingers after depression. In a small clinical trial, people with a history of depression who took the medication prucalopride for about a week performed better on tests of memory, attention, and thinking speed than those who received a placebo. The drug targets a serotonin receptor found in both the gut and the brain, and researchers saw no significant side effects.",Health,https://www.sciencedaily.com/releases/2026/07/260712011751.htm
Most People Who Stop GLP-1 Drugs Like Ozempic Eventually Return,"Many people prescribed GLP-1 drugs for type 2 diabetes (such as Victoza, Ozempic, or tirzepatide) stop taking them, but a surprising number later return to treatment. Researchers found that newer medications appear to keep patients on therapy longer, while side effects remain a major reason for discontinuation.",Health,https://www.sciencedaily.com/releases/2026/06/260615033838.htm
Semaglutide (Ozempic) Linked to Fewer Bone Fractures Despite Greater Weight Loss,"A large real-world study suggests semaglutide (Ozempic, Wegovy, Rybelsus) may offer an unexpected bonus for people with type 2 diabetes: stronger protection against bone fractures while delivering greater weight loss. Researchers analyzing health records from nearly 60,000 adults found that people taking semaglutide experienced about 15% fewer fractures than those using other common weight-loss medications, despite losing more weight.",Health,https://www.sciencedaily.com/releases/2026/06/260615033837.htm
Copper Drug Clears Toxic Alzheimer’s Proteins and Restores Memory,"A copper-based compound restored the brain’s ability to clear toxic Alzheimer’s proteins, dramatically reducing amyloid buildup and improving memory in laboratory experiments. The findings point to a potentially fast-tracked new treatment strategy because the drug has already been tested in humans for other neurological conditions.",Health,https://www.sciencedaily.com/releases/2026/06/260615033835.htm
Common Plastic Chemical Linked to Lifelong Anxiety in New Study,"Exposure to a common plastic chemical before and shortly after birth may have lasting effects on behavior. Researchers found that male rats exposed early in life to DEHP—a plasticizer used in products ranging from medical devices to toys—showed significantly higher anxiety as adults, even long after exposure had ended. The animals were more hesitant to explore open spaces and spent more time frozen in place, classic signs of anxiety in rodents.",Health,https://www.sciencedaily.com/releases/2026/06/260616102221.htm
Scientists Found a Surprising Problem With Sugar-Free Diets,"A surprising new study suggests that completely eliminating sugar may backfire. Mice on a sucrose-free low-fat diet showed worse blood sugar control, increased inflammation, disrupted gut bacteria, and signs of fatty liver compared with mice that consumed some sucrose. Researchers say the results highlight the importance of a balanced diet and a healthy gut microbiome rather than focusing solely on cutting out sugar.",Health,https://www.sciencedaily.com/releases/2026/06/260614011843.htm
People Taking GLP-1 Weight Loss Drugs Like Ozempic Started Moving Less,"People taking popular weight-loss drugs such as Ozempic, Wegovy, Mounjaro, and Zepbound may be losing pounds, but they could also be moving less. Researchers analyzing Fitbit data found that daily step counts and exercise levels dropped after people started these medications, despite successful weight loss. Because the drugs can reduce muscle mass along with fat, the decline in physical activity raises concerns about preserving strength and long-term health.",Health,https://www.sciencedaily.com/releases/2026/06/260614011841.htm
Why Grandparents Matter More Than Ever for Children's Mental Health,"A child psychologist says grandparents are more important than ever as youth mental health challenges continue to rise. He argues that children need supportive relationships, meaningful conversations, and a sense of purpose—not just pressure to achieve. Grandparents can help by listening, encouraging, and creating positive experiences that strengthen emotional resilience.",Health,https://www.sciencedaily.com/releases/2026/06/260613034206.htm
Misfolded Insulin May Be Quietly Driving Diabetes,"Researchers found that insulin-producing cells depend on a team of helper proteins to keep insulin production on track. When one key partner was missing, damaged proteins built up and the cells made less insulin. Strengthening this system could offer a new way to protect the pancreas as diabetes progresses.",Health,https://www.sciencedaily.com/releases/2026/07/260727214616.htm
This Common Vitamin Deficiency Can Mimic Normal Aging,"Vitamin B12 is needed in microscopic amounts, but a shortage can have major effects on health and energy. The vitamin was first linked to a lifesaving liver treatment for pernicious anemia nearly 100 years ago. Today, researchers are finding that B12 may also help keep cellular powerhouses called mitochondria functioning properly. This could explain why some people experience fatigue and brain fog even before traditional signs of deficiency show up.",Health,https://www.sciencedaily.com/releases/2026/06/260623083116.htm
Researchers Discover Why Fructose Doesn't Satisfy Hunger Like Glucose,"A new study found that fructose and glucose may look the same on a nutrition label, but the brain treats them very differently. In mice, glucose strongly reduced activity in hunger-promoting brain cells, while fructose had a much weaker effect. High-fructose corn syrup triggered a stronger response and was preferred by the animals. The findings suggest that the type of sugar—not just the calories—can influence appetite and food preferences.",Health,https://www.sciencedaily.com/releases/2026/06/260623083106.htm
New Study Explores Potential Cross-Species Spread of Chronic Wasting Disease,"A new study found that chronic wasting disease can sometimes spread silently, with infectious prions present even in animals that show no symptoms. While there is no confirmed human risk, researchers say the disease’s ability to evolve and spread across species warrants close attention.",Health,https://www.sciencedaily.com/releases/2026/06/260615033841.htm
New Fentanyl Vaccine Blocks Deadly Overdoses Before They Start,"A new experimental vaccine developed by Scripps Research could offer a powerful new way to prevent fentanyl overdoses by stopping the drug before it reaches the brain. Rather than targeting only fentanyl itself, the vaccine trains the immune system to recognize a broad range of fentanyl-related designer drugs, including some of the most dangerous variants.",Health,https://www.sciencedaily.com/releases/2026/06/260612032029.htm
Supercharged “natural Killer” Cells Could Be a Powerful New Cancer Weapon,"Researchers have found a way to supercharge natural killer cells, powerful immune cells that can attack cancer, so they can penetrate solid tumors and keep fighting once inside. In mice, these specially prepared tissue-resident cells slowed the growth of several tumors, including melanoma and head and neck cancers, and worked even better when paired with the antibody drug cetuximab.",Health,https://www.sciencedaily.com/releases/2026/08/260824065546.htm
Japanese Scientists Use Tiny Silver Particles to Make DNA Assembly Up to 5x More Efficient,"Silver nanoparticles can precisely slice DNA and create longer “sticky ends,” helping genetic fragments join up to five times more efficiently than conventional methods. The breakthrough could eventually simplify the construction of large DNA sequences for gene therapies, cancer vaccines, engineered drugs, and advanced crops.",Health,https://www.sciencedaily.com/releases/2026/08/260816044842.htm
Scientists Discover a Surprising Link Between Vitamin C and Brain Health,"Could something as simple as vitamin C help support a healthier aging brain? In a study of more than 2,000 older adults in Japan, researchers found that people with lower vitamin C levels in their blood also tended to have less gray matter and weaker connections in a key brain network involved in memory, attention, and other cognitive functions.",Health,https://www.sciencedaily.com/releases/2026/06/260626030428.htm
Butter and Margarine Look Similar but Their Chemistry Changes Everything,"The battle between butter and margarine comes down to chemistry. Butter’s naturally occurring fats create rich flavors, golden browning, and flaky baked goods, while margarine’s modified plant oils offer consistency and a longer shelf life. Although both contain mostly fat, their different structures influence how they behave in recipes. Understanding those differences can help you choose the right one for cooking, baking, or health goals.",Health,https://www.sciencedaily.com/releases/2026/06/260618041504.htm
"Your Brain Can Keep Improving Into Your 90s, Study Finds","A three-year study of nearly 4,000 adults ranging from age 19 to 94 found that brain health can improve at any age, challenging the common belief that mental sharpness must decline as we get older. Participants spent just a few minutes a day on brain-training activities, and researchers found measurable gains across multiple aspects of brain health, including thinking clarity, emotional well-being, and sense of purpose.",Health,https://www.sciencedaily.com/releases/2026/06/260613034222.htm
Can Fasting Fight Gum Disease? Scientists Find Surprising Link,A low-calorie fasting-style diet significantly reduced inflammation linked to gum disease in a small clinical study. The findings suggest that what people eat may influence gum health almost as much as what they do with a toothbrush.,Health,https://www.sciencedaily.com/releases/2026/06/260612032032.htm
New Autism Therapy Shows Surprising Benefits Even in Adult Mice,"Blocking the glycine transporter SLC6A20 restored important brain signaling and improved social, communication, and repetitive behaviors in autism-related mouse models. The treatment also worked in human brain organoids and showed lasting effects in adult mice, suggesting the brain may remain more treatable later in life than previously thought.",Health,https://www.sciencedaily.com/releases/2026/08/260805082508.htm
Popular Joint Supplement Glucosamine Linked to Faster Alzheimer’s Progression,"A major study suggests glucosamine, a popular supplement for joint pain, could be linked to faster progression from mild cognitive impairment to Alzheimer’s disease. Researchers found a 25% higher likelihood of developing dementia among glucosamine users and uncovered biological clues that may explain why.",Health,https://www.sciencedaily.com/releases/2026/06/260610003044.htm
Dogs May Hold Surprising Clues to Human Longevity,"Dogs and humans may have more in common when it comes to aging than scientists realized. Researchers with the Dog Aging Project found that patterns of small molecules in dogs’ blood were linked to longer or shorter lifespans in remarkably similar ways to those seen in people. These metabolic “fingerprints” could offer clues about the biological processes that drive aging, including metabolism, inflammation, and cellular stress.",Health,https://www.sciencedaily.com/releases/2026/08/260828082341.htm
Scientists Reveal Why Walking Gets So Much Harder With Age,"As we age, the body appears to sacrifice walking efficiency in exchange for stability. Older adults stiffen the ankle more with each step, which may help prevent falls but also forces the muscles to work harder while producing less forward motion. This leads to shorter strides, slower walking, and faster fatigue. Exercises targeting balance, coordination, and lower-leg strength could help preserve mobility.",Health,https://www.sciencedaily.com/releases/2026/08/260815065014.htm
A Little-Known Protein May Be Fueling Alzheimer’s — and Scientists Found a Way to Block It,"An experimental Alzheimer’s compound prevented damaging protein clumps from forming in the brains of mice, helping nerve cells survive longer and reducing amyloid buildup. The treatment also appeared to improve heart health and slow some signs of aging, raising hopes for an entirely new way to combat dementia.",Health,https://www.sciencedaily.com/releases/2026/08/260814235856.htm
Scientists Discover an Unexpected Way to Make Pancreatic Cancer Cells Self-Destruct,"Researchers tested experimental PCAI compounds against pancreatic cancer cells and found they had powerful anticancer effects. One leading compound blocked more than 90% of cancer cell migration, suggesting it could help prevent the spread of tumors. Rather than suppressing cancer signaling, the treatment hyperactivated key pathways until the cells essentially self-destructed.",Health,https://www.sciencedaily.com/releases/2026/06/260622091512.htm
Think You're Eating Healthy? You May Be Missing This Heart-Protecting Nutrient,"Eating five servings of fruits and vegetables may not be enough if you&apos;re missing foods rich in flavanols, a group of compounds linked to better heart health. Researchers found that choices like blackberries, plums, apples, broad beans, cherries, and green tea can dramatically increase flavanol intake.",Health,https://www.sciencedaily.com/releases/2026/06/260619020512.htm
New GLP-1 Diabetes Pill Delivers Major Weight Loss and Blood Sugar Control,A new oral GLP-1 medication helped people with type 2 diabetes dramatically improve blood sugar control and lose weight in a major clinical trial. The results suggest that highly effective diabetes treatments may soon become available in a much more convenient pill form.,Health,https://www.sciencedaily.com/releases/2026/06/260614011850.htm
Scientists Found a New Alzheimer’s Trigger and a Drug That Stops It,"Researchers have identified a new Alzheimer’s target and created an experimental compound that blocks a damaging process inside brain cells. In mice, the treatment slowed nerve cell loss, reduced Alzheimer’s-related changes, and even appeared to promote healthier aging.",Health,https://www.sciencedaily.com/releases/2026/06/260608035959.htm
Sleep Apnea’s Hidden Heart Disease Trigger Found in the Gut,"A surprising gut-heart connection may help explain why sleep apnea increases the risk of cardiovascular disease. In mice, disabling a bile acid receptor called FXR sharply reduced plaque buildup, opening the door to potential new treatments based on gut microbes and their chemical signals.",Health,https://www.sciencedaily.com/releases/2026/06/260608040002.htm
Creatine Doesn't Just Build Muscle. It May Also Help Fight Cancer,"Scientists have discovered that creatine may strengthen one of the immune system&apos;s most important cancer-fighting pathways by energizing dendritic cells that activate killer T cells. The promising results could eventually help make immunotherapy more effective, but they have not yet been tested in human patients.",Health,https://www.sciencedaily.com/releases/2026/07/260701015237.htm
Doctors Thought This Kidney Drug Helped Some Patients. It May Help Millions More.,"A trio of major studies found that finerenone may protect the kidneys and heart in far more people than previously thought. The drug significantly slowed kidney disease progression and reduced the risks of kidney failure, heart failure, cardiovascular death, and overall mortality. Researchers saw benefits not only in patients with diabetes but also in those with non-diabetic kidney disease, a group with limited treatment options.",Health,https://www.sciencedaily.com/releases/2026/06/260606075513.htm
Widely Prescribed Blood Pressure Drugs Linked to 33% Higher Kidney Risk in Type 2 Diabetes,"A widely prescribed blood pressure drug was associated with a 33% higher risk of serious kidney problems in people with type 2 diabetes, even when they were already taking kidney-protective medications. The surprising finding is prompting researchers to question whether DCCBs are always the safest second-line choice for diabetic kidney disease.",Health,https://www.sciencedaily.com/releases/2026/08/260816044844.htm
A Hidden Alzheimer’s Tipping Point May Decide Who Gets Dementia,"Scientists have identified a possible tipping point that helps determine whether Alzheimer’s-related brain changes lead to dementia. The key may lie in how the brain’s immune cells respond to plaques and tau, offering a promising new target for treatments designed to extend cognitive resilience.",Health,https://www.sciencedaily.com/releases/2026/07/260726015257.htm
This Drug Could Help Millions Keep Their Kidneys Working Longer,An international study found that finerenone slows kidney function decline and reduces the risk of serious kidney and cardiovascular complications in people with chronic kidney disease who do not have diabetes. The results could open the door to a much-needed new treatment option for the majority of CKD patients who have long had limited choices.,Health,https://www.sciencedaily.com/releases/2026/07/260712011753.htm
Scientists Discover Why Peach Fuzz Can Suddenly Make You Itch,"A newly discovered network of fine hairs and specialized nerve cells appears to form a dedicated system for sensing mechanical itch, offering fresh insight into why chronic itching occurs. Because humans show signs of having the same pathway, the research could pave the way for more effective treatments for conditions such as eczema.",Health,https://www.sciencedaily.com/releases/2026/07/260712011740.htm
Modern Neuroscience Is Rediscovering an Idea Freud Had 130 Years Ago,What if Sigmund Freud was onto something that modern neuroscience is only now beginning to explain? A new paper argues that today&apos;s leading theory of the brain—as a prediction machine constantly anticipating the world—closely mirrors ideas psychoanalysis has explored for more than a century.,Health,https://www.sciencedaily.com/releases/2026/06/260625014811.htm
Study Challenges a Common Belief About Vitamin D and Sunlight,"A study of nearly 300 people across northern Britain found that vitamin D levels often stay low all year in groups most at risk. Surprisingly, summer sunshine did not significantly boost vitamin D levels among older adults or people from minoritized ethnic backgrounds.",Health,https://www.sciencedaily.com/releases/2026/06/260623083104.htm
AI-Designed Universal Coronavirus Vaccine Passes First Human Trial,"Scientists have successfully tested an AI-designed universal coronavirus vaccine in humans for the first time, finding it to be safe and well tolerated. The vaccine generated immune responses against multiple coronaviruses, including SARS-CoV-2, SARS, and related bat viruses with pandemic potential. By targeting features shared across an entire virus family, it aims to provide protection even as viruses evolve.",Health,https://www.sciencedaily.com/releases/2026/06/260605023357.htm
Scientists Discover the Master Clock That Controls Biological Growth and Development,"A newly discovered genetic clock acts as the master timekeeper for development, orchestrating crucial bursts of gene activity throughout a worm’s growth. When the clock is disrupted, development stops, offering fresh clues about how growth-related disorders may arise.",Health,https://www.sciencedaily.com/releases/2026/06/260604044236.htm
Stanford Scientists Discover Immune Cells That Explode Like Microscopic Bombs,"Stanford researchers discovered immune cells in flatworms that explode within minutes, killing nearby bacteria and foreign cells before vanishing completely. Their unusually fast and localized attack could offer clues for developing targeted treatments against infections and cancer.",Health,https://www.sciencedaily.com/releases/2026/08/260803080914.htm
The Mysterious Hum Heard Around the World May Finally Have an Explanation,"The mysterious sound known as The Hum has been reported worldwide for decades, yet its source often remains impossible to find. Researchers tested whether people who hear it have exceptional low-frequency hearing or measurable sounds produced inside their ears, but neither explanation fit most participants. The strongest possibility is that many cases involve low-frequency tinnitus, even though the sound seems completely external.",Health,https://www.sciencedaily.com/releases/2026/07/260719040002.htm
Popular Weight-Loss Drugs Ozempic and Wegovy May Slow Biological Aging,"Researchers found that semaglutide, the active ingredient in Ozempic and Wegovy, slowed biological aging markers in adults with HIV, marking the first clinical evidence that the drug may influence human aging. Although the findings are encouraging, scientists say larger studies are needed before concluding that the medication can help people age more slowly.",Health,https://www.sciencedaily.com/releases/2026/07/260713084907.htm
This Giant Tropical Fruit Could Help Reverse Gum Disease Damage,"A new biomaterial made from jackfruit latex, pomegranate peel, and simvastatin could transform the treatment of severe gum disease. Early tests suggest it not only combats infection and inflammation but may also help rebuild lost bone and tissue around teeth.",Health,https://www.sciencedaily.com/releases/2026/06/260618041508.htm
Scientists Found the Strength Training Sweet Spot for a Longer Life,"Just 90–120 minutes of strength training a week may deliver some of the biggest long-term health rewards, according to a study tracking more than 147,000 people for 30 years. That amount was linked to lower risks of death overall, particularly from cardiovascular and neurological diseases. Combining strength workouts with aerobic exercise produced even stronger benefits.",Health,https://www.sciencedaily.com/releases/2026/06/260611024609.htm
Ozempic and Similar Weight-Loss Drugs Linked to 30% Lower Breast Cancer Risk,"A large study found that women taking GLP-1 drugs, the medication class behind Ozempic, Wegovy, Mounjaro, and Zepbound, were about 30% less likely to develop breast cancer. Researchers say the findings are promising but not yet proof, and clinical trials are now being planned to test whether these drugs could help prevent breast cancer.",Health,https://www.sciencedaily.com/releases/2026/06/260605023400.htm
Scientists Finally Crack an “undruggable” Pancreatic Cancer Target and Nearly Double Survival,"For decades, pancreatic cancer has been one of the most lethal cancers, with few effective treatment options. A new drug, daraxonrasib, targets the KRAS mutation that fuels most pancreatic tumors—something many scientists once thought couldn&apos;t be done. In a major clinical trial, the treatment nearly doubled survival for patients with advanced disease and reduced the risk of death by 60%.",Health,https://www.sciencedaily.com/releases/2026/06/260604044247.htm
Brain Scans Reveal Two Distinct Types of Autism,"Scientists have uncovered evidence that autism may include at least two biologically distinct subtypes, each marked by a different pattern of brain communication. By combining brain scans from nearly 1,000 people with autism with insights from 20 genetically engineered mouse models, researchers identified a “hyperconnectivity” subtype, where brain regions communicate more than usual, and a “hypoconnectivity” subtype, where communication is reduced.",Health,https://www.sciencedaily.com/releases/2026/06/260602021634.htm
Vitamin B12 and Folate Deficiencies Linked to Chronic Fatigue,"Feeling constantly drained might not just be about poor sleep or working too hard. Researchers in Japan found that low levels of key vitamins — especially vitamin B12 and folate — may quietly contribute to fatigue and lack of motivation, even in otherwise healthy people.",Health,https://www.sciencedaily.com/releases/2026/05/260528082501.htm
Human Organoids Reveal How to Reverse “irreversible” Nerve Damage,Cambridge researchers created miniature brain-and-spinal-cord systems in the lab that can send signals and even trigger tiny muscle contractions. They discovered that human neurons gradually lose their ability to regrow after damage during development — but that ability can potentially be switched back on. The team identified a gene network controlling this process and found that an existing hormone drug dramatically boosted nerve fiber regrowth.,Health,https://www.sciencedaily.com/releases/2026/05/260528082459.htm
Scientists Discover the Brain Has a Fast Lane and Slow Lane for Clearing Waste,"AI has helped scientists measure the brain’s hidden cleaning system, revealing that fluid moves rapidly around its outer spaces but about 50 times more slowly through deep tissue. The discovery could eventually help researchers detect circulation problems linked to Alzheimer’s, aging, and concussions.",Health,https://www.sciencedaily.com/releases/2026/08/260811011130.htm
A Daily Glass of Fruit Juice Was Linked to Lower Depression Scores,"A daily glass of 100% fruit juice or a smoothie may help improve more than just fruit intake. In a small four-week trial, participants who added one to a healthier diet showed significantly lower depression scores, hinting that a simple dietary change could also support mental well-being.",Health,https://www.sciencedaily.com/releases/2026/08/260808235003.htm
This Tomato-Soy Juice Reduced Inflammation in Just Four Weeks,"A specially formulated tomato-soy juice packed with natural plant compounds may help calm inflammation linked to obesity, according to a new clinical study. Healthy adults with obesity who drank the juice daily for four weeks saw significant reductions in several key inflammatory proteins in their blood, while a control tomato juice did not produce the same effect.",Health,https://www.sciencedaily.com/releases/2026/05/260529043644.htm
Scientists Say Guava Juice Could Make Iron Supplements Work Better,"Researchers found that drinking guava juice may significantly improve anemia by helping the body absorb iron more efficiently. In a review of 17 studies, women and teenage girls who consumed guava juice — especially with iron supplements — experienced noticeable increases in hemoglobin levels. Since guava contains far more vitamin C than oranges, scientists believe it could become a simple, affordable nutrition tool in regions where anemia is widespread.",Health,https://www.sciencedaily.com/releases/2026/05/260527023200.htm
Scientists Tracked 12 People in Antarctica for 10 Months—what Happened Could Shape Future Mars Missions,"A ten-month Antarctic experiment found that astronauts may struggle not only with loneliness but also with spending too much time around the same people. Frequent contact was linked to greater tension and mistrust, while the crew increasingly divided into cultural and language-based groups.",Health,https://www.sciencedaily.com/releases/2026/08/260806050722.htm
The Tea in Your Kombucha Changes More Than Just the Taste,"Scientists discovered that kombucha’s flavor, chemistry, and antioxidant activity vary dramatically depending on the tea used to make it. Green and oolong tea kombuchas emerged as the most biologically active, while fermentation transformed each tea into a distinctly different beverage.",Health,https://www.sciencedaily.com/releases/2026/06/260621060313.htm
New Brain Study Reveals Speech Learning Works Differently Than We Thought,A new study suggests that learning and remembering speech relies more on how the brain processes sounds and sensations than on the areas that control mouth and face movements. The discovery could reshape speech therapy and help improve future brain-based communication technologies.,Health,https://www.sciencedaily.com/releases/2026/06/260619020514.htm
Your Brain Was Never Designed for This Much Bad News,"Humans evolved to pay close attention to danger, but today that instinct is being overwhelmed by an endless supply of bad news from around the world. Researchers say the answer isn’t to stop following current events—it’s to build healthier habits around how, when, and where we get our news.",Health,https://www.sciencedaily.com/releases/2026/06/260614012006.htm
Alzheimer's Tau Protein Has a Surprising Secret Role in Memory,Researchers found that tau is essential for turning new experiences into lasting memories by helping organize the brain&apos;s memory-storing cells. The mouse study also revealed how abnormal tau may contribute to Alzheimer&apos;s by disrupting both the formation of new memories and the recall of existing ones.,Health,https://www.sciencedaily.com/releases/2026/07/260710003535.htm
These Fat-Filled Brain Cells May Be Making Multiple Sclerosis Worse,"Scientists have uncovered a surprising clue that may help explain why multiple sclerosis (MS) progresses rapidly in some people but not others. In brain tissue from patients with severe MS, researchers found large numbers of “foamy” immune cells packed with fat droplets after absorbing damaged myelin. These overloaded cells appear to switch from helping repair the brain to fueling ongoing damage and inflammation.",Health,https://www.sciencedaily.com/releases/2026/06/260621060307.htm
Scientists Thought Brain Inflammation Was Driving Long COVID but the Scans Told a Different Story,"A new brain imaging study has found no evidence of widespread brain inflammation in patients suffering from prolonged symptoms after COVID-19 infection. Instead, the most severe long COVID symptoms were associated with increased brain activity in regions involved in mood and emotion.",Health,https://www.sciencedaily.com/releases/2026/05/260527023206.htm
Scientists Discover Hidden Gut-Brain Circuit That Triggers Protein Cravings,"When the body runs low on protein, the gut sends powerful signals to the brain that reshape cravings and push animals to seek essential amino acids instead of sugar. Researchers say this newly discovered gut-brain network could transform our understanding of appetite, nutrition, and obesity.",Health,https://www.sciencedaily.com/releases/2026/05/260527023202.htm
Scientists Discover Why Ozempic and Wegovy Weight Loss Eventually Plateaus,"New NIH research reveals that semaglutide sparks different responses inside appetite-controlling brain cells, offering fresh insight into why GLP-1 weight-loss drugs don’t work the same for everyone. Scientists also found a possible way to extend the drugs’ effects, potentially helping patients push past weight-loss plateaus.",Health,https://www.sciencedaily.com/releases/2026/05/260525000453.htm
The Bacteria That Make Cheese Taste So Good May Also Benefit Your Gut,"Scientists studying three artisan British cheeses found that the microbes responsible for their distinctive flavors may also offer surprising benefits for gut health. As the cheeses matured, helpful bacteria transformed their aromas and textures while potentially producing compounds linked to reduced inflammation, cholesterol regulation, and appetite control.",Health,https://www.sciencedaily.com/releases/2026/08/260816044847.htm
New Vitamin B12 Therapy Shows Promise Against Deadly Brain Cancer,"Researchers have identified a vitamin B12–based compound that can cross the blood-brain barrier and home in on glioblastoma tumors. In animal studies, the compound accumulated preferentially in tumor tissue and delivered sustained nitric oxide directly to cancer cells. It also worked synergistically with existing glioblastoma treatments, significantly enhancing their tumor-fighting effects.",Health,https://www.sciencedaily.com/releases/2026/06/260622091518.htm
This DNA Repair Gene Went Rogue and Exposed a Cancer Weakness,"Scientists have discovered that a gene normally considered a DNA-protecting &quot;good guy&quot; can become dangerous when cells make too much of it. The gene, EXO1, acts like molecular scissors that help repair DNA, but when overproduced it starts cutting DNA it shouldn&apos;t, creating damage linked to cancer.",Health,https://www.sciencedaily.com/releases/2026/06/260619101349.htm
Scientists Discover a Hidden Cause of Aging Cells That Can Be Reversed,"Researchers discovered that declining levels of phosphatidylcholine may be a major cause of age-related mitochondrial dysfunction and loss of cellular energy. Remarkably, boosting this nutrient restored more youthful mitochondrial performance in aging organisms, suggesting some aspects of aging can be slowed or reversed.",Health,https://www.sciencedaily.com/releases/2026/06/260610003119.htm
Researchers Found 8 Common Food Additives Linked to High Blood Pressure and Heart Disease,"A major study of more than 112,000 people found that eating foods containing common preservatives may be linked to a higher risk of high blood pressure and heart-related diseases. Researchers tracked participants for up to eight years and discovered that people consuming the highest amounts of certain preservatives had significantly greater risks of hypertension, heart attack, stroke, and other cardiovascular problems.",Health,https://www.sciencedaily.com/releases/2026/06/260617032204.htm
Millions Take Calcium and Vitamin D for Stronger Bones. A Major Review Finds Little Benefit,"For years, calcium and vitamin D supplements have been promoted as a simple way for older adults to protect their bones and prevent falls. But a massive review of nearly 154,000 people found that calcium, vitamin D, or a combination of both provided little to no meaningful protection against fractures or falls for most older adults.",Health,https://www.sciencedaily.com/releases/2026/06/260614011852.htm
New Depression Treatment Targets the Immune System Instead of the Brain,"A surprising new approach to depression treatment is showing early promise — not by targeting brain chemicals, but by calming the immune system. In a small clinical trial, researchers found that an anti-inflammatory drug normally used for rheumatoid arthritis appeared to ease symptoms in people with hard-to-treat depression, while also reducing fatigue and anxiety and improving quality of life.",Health,https://www.sciencedaily.com/releases/2026/05/260527023204.htm
New AI Body Map Reveals Obesity’s Hidden Attack on Facial Nerves,"Scientists have created an AI-powered system that can scan and map an entire mouse body in extraordinary detail — and it just uncovered a surprising new effect of obesity. Beyond disrupting metabolism, obesity appears to damage facial sensory nerves linked to touch and sensation, while also triggering widespread inflammation across the body.",Health,https://www.sciencedaily.com/releases/2026/05/260522023308.htm
Scientists Reveal How Much Exercise You Really Need to Protect Your Heart,"Getting the recommended 150 minutes of moderate-to-vigorous exercise each week may offer only modest protection against heart attacks and strokes. A large study suggests that substantially greater benefits may require roughly 560 to 610 minutes a week—nearly 9 to 10 hours of brisk walking, running, cycling, or similar activity.",Health,https://www.sciencedaily.com/releases/2026/08/260806050724.htm
A Single Protein May Be Holding Back CAR T Cancer Therapy,"A newly identified protein may be one of the biggest obstacles holding CAR T-cell therapy back. Researchers found that NFIL3 causes these engineered immune cells to become exhausted and lose their cancer-fighting power over time. When NFIL3 was disabled, the cells remained stronger for longer and controlled tumors more effectively in animal models.",Health,https://www.sciencedaily.com/releases/2026/06/260602021641.htm
Scientists Discover Why Alzheimer’s Risk Hits Women So Much Harder,"Women may be especially sensitive to the effects of common dementia risk factors, according to a new UC San Diego study of over 17,000 adults. Researchers say tailoring prevention strategies specifically for women could be key to reducing Alzheimer’s risk.",Health,https://www.sciencedaily.com/releases/2026/05/260519224312.htm
Scientists Discover Strange Link Between Vitamin D and Pain,"Low vitamin D levels could be quietly making breast cancer surgery recovery far more painful. In a new study, patients deficient in vitamin D were three times more likely to experience moderate to severe pain after mastectomy surgery and ended up using significantly more opioid medication to cope. Researchers say vitamin D may help regulate how the body processes pain through its effects on inflammation and the immune system.",Health,https://www.sciencedaily.com/releases/2026/05/260519224308.htm
Goodbye CPAP? New Sleep Apnea Pill Cuts Breathing Events by 44%,"A once-nightly pill cut breathing interruptions by about 44% in a major phase 3 sleep apnea trial, while improving oxygen levels and disease severity. By strengthening the muscles that keep the airway open during sleep, AD109 could offer a new option for people unable to tolerate CPAP.",Health,https://www.sciencedaily.com/releases/2026/08/260831015203.htm
“Zombie Cells” Aren’t Always Bad and That Could Transform Anti-Aging Medicine,"Scientists are uncovering a surprising truth about aging cells: some may damage the body, while others help protect it. The discovery is fueling a new wave of precision anti-aging therapies aimed at removing only the harmful “zombie” cells without disrupting the body’s natural repair systems.",Health,https://www.sciencedaily.com/releases/2026/05/260521072402.htm
Hidden Sugar Patterns on Human Cells Could Reveal Cancer Early,"Scientists have uncovered a hidden “sugar code” on the surface of human cells that could transform how diseases are detected. Using an advanced imaging technique called Glycan Atlasing, researchers at the Max Planck Institute mapped the tiny sugar structures coating cells and discovered that these patterns shift depending on what the cell is doing. Immune cells changed their sugar layouts when activated, and cancerous tissues displayed distinct surface signatures compared to healthy tissue.",Health,https://www.sciencedaily.com/releases/2026/05/260517211431.htm
Eating Grapes Daily Could Unlock Powerful Skin Protection,"Scientists discovered that eating grapes can actually change how your skin behaves at the genetic level. After just two weeks of daily grape consumption, volunteers showed signs of improved skin protection and reduced oxidative stress from UV exposure. Researchers say the effects appear widespread, even though every person’s genes responded a little differently.",Health,https://www.sciencedaily.com/releases/2026/05/260517211427.htm
New Study Debunks the Biggest Fear About Yo-Yo Dieting,"For years, “yo-yo dieting” has been blamed for wrecking metabolism and causing lasting damage, but a major new review says the fear may be wildly overblown. After analyzing decades of studies in humans and animals, researchers found little convincing evidence that losing weight and regaining it actually causes long-term harm. While regaining weight can erase some health improvements, it doesn’t appear to make people worse off than before.",Health,https://www.sciencedaily.com/releases/2026/05/260515233331.htm
Scientists Discover Why Some Cancers Survive Chemotherapy,"Scientists have uncovered a surprising new trick used by one of cancer’s most notorious proteins. MYC, already infamous for fueling runaway tumor growth, also appears to help cancer cells survive by repairing their damaged DNA — including damage caused by chemotherapy and radiation. Researchers found that MYC can rush directly to broken DNA and recruit repair machinery, effectively helping tumors recover from treatments meant to destroy them.",Health,https://www.sciencedaily.com/releases/2026/05/260515233329.htm
Scientists Discover Tiny Gut Particles That May Drive Aging and Chronic Disease,"A new study suggests microscopic particles from the gut may actively drive inflammation and chronic diseases associated with aging. Remarkably, gut particles from young animals appeared to counter some aging-related damage in older animals, hinting at new possibilities for future treatments.",Health,https://www.sciencedaily.com/releases/2026/05/260515233322.htm
Too Much or Too Little Sleep May Make Your Body Age Faster,"Both too little and too much sleep may be linked to faster aging throughout the body. Researchers analyzing 23 biological aging clocks found the lowest aging levels among people sleeping about 6.4 to 7.8 hours per day. Short or long sleep was also associated with numerous conditions affecting the brain, heart, lungs, metabolism, and digestive system.",Health,https://www.sciencedaily.com/releases/2026/08/260823094156.htm
"This Once-a-Week Workout May Help Cut Belly Fat, Study Shows","A surprisingly small dose of exercise may deliver major health benefits for adults carrying excess fat around the waist. In a four-month trial involving 315 adults with central obesity, researchers found that completing 75 minutes of brisk interval walking in a single weekly session reduced body fat, trimmed waistlines, and improved cardiovascular fitness about as effectively as splitting the same exercise across three days.",Health,https://www.sciencedaily.com/releases/2026/08/260801042831.htm
APOE2 May Protect the Brain from Alzheimer’s and Aging,The longevity-linked APOE2 gene appears to protect brain cells by reducing DNA damage and helping neurons recover from stress. The finding could open a new path toward treatments that mimic APOE2’s defenses in people at higher genetic risk for Alzheimer’s.,Health,https://www.sciencedaily.com/releases/2026/07/260723084856.htm
This 10-Cent Heart Drug Cuts Hospitalizations by 25%,"A centuries-old heart drug costing less than ten cents a day could help keep heart-failure patients out of the hospital. New research suggests low-dose digoxin can reduce heart-failure hospitalizations by about 25%, potentially paving the way for its return as a major treatment.",Health,https://www.sciencedaily.com/releases/2026/08/260814235858.htm
Researchers Block Key Protein That Helps Parkinson’s Spread Through the Brain,"A newly identified protein called GPNMB may play a major role in helping Parkinson’s disease spread through the brain. Researchers discovered that immune cells release the protein in response to damaged neurons, creating a vicious cycle that speeds up brain cell degeneration. In early experiments, antibodies that blocked GPNMB stopped the toxic process from spreading between cells.",Health,https://www.sciencedaily.com/releases/2026/05/260527023214.htm
Scientists Are Raising New Questions About Vitamin B12 and Cancer,"Vitamin B12 has long been seen as a health hero, helping the body make red blood cells, repair DNA, and keep nerves functioning properly. But scientists are discovering that the story may be more complicated than simply “more is better.” While too little B12 can damage DNA and raise cancer risk, some studies suggest that extremely high levels — especially from long-term high-dose supplements — may also be linked to certain cancers or poorer outcomes in cancer patients.",Health,https://www.sciencedaily.com/releases/2026/05/260526022009.htm
Scientists Discover How Obesity May Fuel Alzheimer’s Disease,"Researchers have uncovered a possible biological pathway connecting obesity to Alzheimer’s disease. Obesity appears to raise levels of certain fat molecules that can travel to the brain, disrupt its immune defenses, and promote harmful amyloid buildup. Correcting this fat imbalance improved memory and brain function in Alzheimer’s models.",Health,https://www.sciencedaily.com/releases/2026/07/260729051531.htm
Scientists Reversed Biological Age in Older Adults With a 4-Week Diet Change,"A four-week diet change was enough to make some older adults appear biologically younger in a new University of Sydney study. Participants who reduced fat intake or shifted toward more plant-based protein showed improvements in key health biomarkers tied to aging. The strongest results came from a lower-fat, higher-carb diet, while people eating closer to their usual diets saw almost no change.",Health,https://www.sciencedaily.com/releases/2026/05/260511213144.htm
Scientists Discover Hidden Fat-Burning Switch That Could Strengthen Bones,"Scientists at McGill University have uncovered a hidden molecular “switch” that turns on a powerful calorie-burning system in brown fat — the body’s heat-generating fat linked to metabolism and weight control. The breakthrough centers on glycerol, a molecule released when fat is broken down in the cold, which activates an enzyme called TNAP and triggers an alternative heat-producing pathway that scientists had struggled to explain for years.",Health,https://www.sciencedaily.com/releases/2026/05/260511213141.htm
Peppermint Oil Lowers Blood Pressure in Just 20 Days,"Peppermint oil may have an unexpected benefit for people with mildly high blood pressure. Adults who took a small dose twice daily for 20 days saw their systolic blood pressure fall by an average of 8.5 mmHg, while a placebo group showed little change. Researchers say the inexpensive oil could eventually provide a simple additional option for managing elevated blood pressure.",Health,https://www.sciencedaily.com/releases/2026/08/260821012238.htm
"Ozempic Delivers Major Weight Loss in Adults Over 65, Study Finds","A major new analysis suggests semaglutide (Ozempic, Wegovy) works remarkably well in adults over 65, helping many lose substantial amounts of weight while improving heart and metabolic health. Participants taking the drug lost over 15% of their body weight on average — far more than those receiving placebo treatment. Many also moved out of obesity categories entirely and reached healthier weight levels.",Health,https://www.sciencedaily.com/releases/2026/05/260510234654.htm
People Who Lost the Most Weight on Ozempic Saw Huge Health Benefits,"People who lost significant weight while taking Ozempic, Wegovy, Mounjaro, or Saxenda had sharply lower risks of major obesity-related health problems, including sleep apnea and kidney disease. Those who gained weight instead faced higher risks — especially for heart failure — even though many patients discontinued the medications within a year.",Health,https://www.sciencedaily.com/releases/2026/05/260518041432.htm
"Scientists Say 8,500 Steps a Day Could Stop Weight from Creeping Back","A new international analysis suggests there may be a surprisingly simple secret to keeping weight off after dieting: walking about 8,500 steps a day. Researchers found that people who boosted their daily steps to around that level during a weight-loss program — and kept it up afterward — were far more successful at avoiding the frustrating cycle of regaining lost weight. The study highlights a major challenge in obesity treatment, since most people regain much of the weight they lose within a few years.",Health,https://www.sciencedaily.com/releases/2026/05/260510234655.htm
"More Than 1,000 Genetic Switches Reveal Why Female Immunity Is Different","More than 1,000 genetic switches behave differently in male and female immune cells, helping explain why women are much more vulnerable to autoimmune diseases such as lupus. Female immune systems appear genetically tuned for stronger inflammatory responses—a powerful defense against infection that may also make dangerous immune misfires more likely.",Health,https://www.sciencedaily.com/releases/2026/08/260819041239.htm
Scientists Finally Solved How a Common Gut Bacterium Triggers Colon Cancer,"Researchers solved a long-standing mystery behind how a bacterial toxin associated with colorectal cancer damages the colon. The toxin first binds to a receptor called claudin-4, giving it access to attack the cells&apos; protective barrier. After identifying this weak point, the team designed a decoy protein that successfully blocked the toxin in mice. The discovery could pave the way for new therapies to prevent inflammation and colon tumors.",Health,https://www.sciencedaily.com/releases/2026/07/260713084910.htm
The Supplements Older Adults Actually Need and the Ones They Don't,"Supplements are often marketed as shortcuts to better health, but for many older adults, the real issue is whether they have a specific deficiency. Vitamins like B12 and D can play an important role when levels are low, while protein may be one of the most overlooked nutrients for maintaining strength and independence. More isn’t always better, though—some supplements can cause harm or interact with medications.",Health,https://www.sciencedaily.com/releases/2026/06/260605023408.htm
Eating More Beans and Soy Could Slash High Blood Pressure Risk by Nearly 30%,"Eating more beans, lentils, chickpeas, tofu, and other soy foods could be a surprisingly powerful way to fight high blood pressure. A major analysis of studies from around the world found that people with the highest intake of legumes were 16% less likely to develop hypertension, while those eating the most soy foods had a 19% lower risk.",Health,https://www.sciencedaily.com/releases/2026/05/260523103906.htm
Scientists Say Just 30 Minutes of Exercise a Week Could Transform Your Health,"You may not need hours at the gym to boost your health after all. Researchers say just 30 minutes of high-intensity exercise per week — broken into tiny bursts of effort that leave you out of breath — can dramatically improve cardiovascular fitness, lower the risk of dozens of diseases, and even help protect the brain as we age. The key isn’t how long you exercise, but how hard you push yourself.",Health,https://www.sciencedaily.com/releases/2026/05/260515002126.htm
Your Gut Microbiome May Be More Contagious Than Scientists Thought,"Scientists have found evidence that some gut bacterial populations can spread rapidly between people and across continents, suggesting the microbiome may be more transmissible than previously thought. The research also revealed hidden bacterial groups associated with aging, colorectal cancer, inflammatory bowel disease, and type 2 diabetes.",Health,https://www.sciencedaily.com/releases/2026/09/260906170129.htm
Vitamin C May Fight Cancer — but Not the Way Scientists Once Thought,"Linus Pauling was widely mocked for claiming that vitamin C could fight cancer, especially after trials using vitamin C pills showed no benefit. Researchers now know that intravenous vitamin C reaches vastly higher concentrations and can behave more like an experimental cancer drug than an ordinary supplement. Early studies suggest it may damage vulnerable cancer cells, reduce treatment side effects, and possibly improve outcomes for some patients.",Health,https://www.sciencedaily.com/releases/2026/08/260806050717.htm
Oral GLP-1 Drugs May Quiet the Brain’s Food Craving Circuit,Newer oral drugs related to semaglutide medications such as Ozempic reduced pleasure-driven eating in mice by quieting a deep brain reward circuit. The finding could open new avenues for understanding food cravings and potentially treating substance use disorder.,Health,https://www.sciencedaily.com/releases/2026/07/260724061439.htm
The Real Cause of a Common Stroke May Have Been Missed for Decades,"Scientists have discovered that a common type of stroke may have a very different cause than doctors once thought. Instead of fatty plaque clogging arteries, the strongest link was found with enlarged and damaged blood vessels deep within the brain. The finding helps explain why standard treatments like aspirin are often less effective and is driving the search for new therapies that target the brain’s tiny blood vessels directly.",Health,https://www.sciencedaily.com/releases/2026/06/260622091521.htm
Ultra-Processed Foods Linked to Higher Risk of Heart Disease and Early Death,"Ultra-processed foods may be doing far more damage than many people realize. A major new European cardiology report warns that people who eat the most ultra-processed foods face significantly higher risks of heart disease, irregular heart rhythms, obesity, diabetes, high blood pressure, and even cardiovascular death. Researchers say these industrially manufactured foods — often packed with sugar, salt, unhealthy fats, and additives — can disrupt metabolism, trigger inflammation, and promote overeating, even when marketed as “healthy.”",Health,https://www.sciencedaily.com/releases/2026/05/260509210644.htm
Scientists Tested 212 Plant-Based Meat Alternatives. Every One Contained Fungal Toxins,"Every one of 212 plant-based meat alternatives and drinks tested in the UK contained at least one naturally occurring fungal toxin, though concentrations remained below recommended EU guideline levels. Researchers say the bigger question is whether regularly eating large amounts of these foods could lead to potentially concerning cumulative exposure over time.",Health,https://www.sciencedaily.com/releases/2026/08/260828005216.htm
Magic Mushrooms May Reshape the Brain Long After the Trip Ends,"A single dose of psilocybin produced measurable changes in brain activity and possible changes in brain structure that lasted for up to a month. Participants who experienced the greatest increase in flexible, varied brain activity also reported more personal insight and later improvements in well-being. The findings suggest that the psychedelic experience itself may help people break free from entrenched patterns of thinking.",Health,https://www.sciencedaily.com/releases/2026/07/260719040005.htm
Eating Eggs Could Cut Alzheimer’s Risk by 27%,"Eating eggs might do more than just start your day—it could help protect your brain. Researchers found that people 65 and older who eat eggs regularly have a significantly lower risk of developing Alzheimer’s disease, with daily or near-daily consumption linked to up to a 27% reduction. Even modest egg intake showed benefits, suggesting that small dietary changes could make a meaningful difference over time.",Health,https://www.sciencedaily.com/releases/2026/05/260506225214.htm
Mindfulness May Lower Blood Pressure in Just 8 Weeks,"Mindfulness, gratitude, and optimism training may improve blood pressure, inflammation, and other heart-health measures within just eight to 12 weeks. The strongest programs paired daily practice with regular reinforcement, suggesting that improving psychological well-being could become another tool for protecting cardiovascular health.",Health,https://www.sciencedaily.com/releases/2026/09/260901010721.htm
The Dark Side of Weight Loss Drugs: Ozempic's Surprising Hidden Cost,"GLP-1 weight-loss drugs like Ozempic and Wegovy are often celebrated as game-changing solutions—but new research reveals a surprising social twist. People who lose weight using these medications may actually face more judgment than those who lose weight through diet and exercise—or even those who don’t lose weight at all. The stigma seems rooted in a perception that these drugs are an “easy way out,” creating a double bind where individuals are judged both for their weight and for how they choose to manage it.",Health,https://www.sciencedaily.com/releases/2026/05/260504154016.htm
This Simple Blood Test Might Detect Depression Before Symptoms Appear,"A new study suggests depression may soon be detectable through a simple blood test—by tracking how certain immune cells age. Researchers found that accelerated aging in monocytes, a type of white blood cell, is closely tied to the emotional and cognitive symptoms of depression, like hopelessness and loss of pleasure, rather than physical symptoms such as fatigue.",Health,https://www.sciencedaily.com/releases/2026/05/260504023827.htm
Scientists Reveal Creatine’s Hidden Power Beyond Muscle Gains,"Creatine might be famous in the gym, but its real story is far more interesting. Naturally produced in the body, it helps power cells by rapidly regenerating ATP—the fuel that keeps muscles, the brain, and even the heart running during intense activity. Supplementing with creatine can boost short bursts of physical performance and may even support memory, mood, and cognitive speed, especially in people with lower baseline levels.",Health,https://www.sciencedaily.com/releases/2026/05/260504023828.htm
Hidden Driving Danger When Edible Cannabis and Alcohol Mix,"Using cannabis edibles and alcohol together may make drivers far more impaired than either substance alone, according to new research from Johns Hopkins. Even more concerning, common field sobriety tests often failed to detect the cannabis-related impairment.",Health,https://www.sciencedaily.com/releases/2026/05/260529043656.htm
Scientists Shut Down Cancer DNA Repair to Overcome Drug Resistance,"Cancer cells often survive treatment by fixing the DNA damage that therapy is meant to cause. Researchers found that UNI418 can disrupt this repair ability, leaving cancer cells more exposed. When combined with a PARP inhibitor, it helped resistant cancer cells respond to treatment again. The findings point to a new strategy for overcoming cancer drug resistance.",Health,https://www.sciencedaily.com/releases/2026/06/260610003052.htm
Scientists Discover Why Some DNA-Doubled Cells Refuse to Die,"Scientists have uncovered a surprising twist in how cells behave when division goes wrong. Sometimes a cell successfully copies its DNA but fails to split into two, leaving it with double the genetic material — a mistake linked to aging, cancer, and other major diseases. Researchers discovered that not all of these failures are equal.",Health,https://www.sciencedaily.com/releases/2026/05/260523103908.htm
Popular GLP-1 Weight-Loss Drugs Like Ozempic Slash Heart Attack and Stroke Risk,"A huge international review found that GLP-1 weight-loss drugs significantly reduce the risk of heart attacks, strokes, heart failure, and premature death over the long term. Researchers say these medications could become a major weapon against cardiovascular disease — not just obesity and diabetes.",Health,https://www.sciencedaily.com/releases/2026/05/260520093731.htm
MIT Scientists Finally Reveal the Hidden Structure of a Mysterious High-Tech Material,"For decades, relaxor ferroelectrics have powered everything from medical ultrasounds to sonar systems, yet their inner atomic structure remained a mystery—until now. Researchers have finally mapped their three-dimensional structure in unprecedented detail, uncovering hidden patterns in how electric charges are arranged at the nanoscale. The breakthrough not only challenges long-standing assumptions about how these materials behave but also allows scientists to refine the models used to design them.",Health,https://www.sciencedaily.com/releases/2026/05/260504023831.htm
Coffee May Help the Body Fight Stress and Aging Through a Hidden Cellular Switch,"Scientists may have uncovered one reason coffee is repeatedly associated with healthier aging and lower disease risk. Compounds in coffee appear to activate NR4A1, a receptor that helps protect cells from stress, inflammation, and damage. These protective effects disappeared when the receptor was removed, strengthening the connection. Surprisingly, plant-based compounds such as caffeic acid seemed far more active than caffeine itself.",Health,https://www.sciencedaily.com/releases/2026/07/260719035927.htm
One Fat Helped Pancreatic Cancer Grow While Another Cut Disease in Half,"A surprising new study suggests that when it comes to pancreatic cancer, the kind of fat you eat may matter more than how much. Researchers found that oleic acid—the main fat in olive oil and several other common foods—sped up tumor growth in mice predisposed to pancreatic cancer, while omega-3-rich fats from fish oil dramatically slowed disease development.",Health,https://www.sciencedaily.com/releases/2026/06/260601025349.htm
New “Trojan Horse” Obesity Drug Supercharges Weight Loss in Early Tests,"Researchers have created a next-generation obesity drug that works like a “Trojan horse,” using GLP-1/GIP signals to slip a powerful metabolic enhancer directly into target cells. In mice, it outperformed existing treatments—curbing appetite, increasing weight loss, and improving blood sugar levels. Because the extra drug acts only where it’s needed, it can be used at much lower doses, potentially reducing side effects.",Health,https://www.sciencedaily.com/releases/2026/05/260506225428.htm
Scientists Find Natural Compounds That Hit COVID-19 from Every Angle,"A little-known tree from Brazil’s Atlantic Forest may hold a surprising weapon against COVID-19. Researchers discovered that compounds called galloylquinic acids, extracted from its leaves, can attack SARS-CoV-2 on multiple fronts—blocking the virus from entering cells, disrupting its replication, and even dampening harmful inflammation. Unlike many antivirals that target just one part of the virus, these natural compounds act in several ways at once, potentially making it harder for resistance to develop.",Health,https://www.sciencedaily.com/releases/2026/05/260506225217.htm
"Common Knee Surgery Found Ineffective, May Make Things Worse","A major 10-year clinical trial is turning one of the world’s most common knee surgeries on its head. Researchers found that trimming a damaged meniscus—a procedure long believed to relieve pain—offers no real benefit over placebo surgery. Even more surprising, patients who had the operation actually fared worse over time, with more symptoms, poorer function, faster progression of osteoarthritis, and a greater likelihood of needing additional surgery.",Health,https://www.sciencedaily.com/releases/2026/05/260505234603.htm
First-Ever 3D View Shows How Killer T Cells Destroy Cancer,"The body’s “killer” T cells don’t just attack—they strike with astonishing precision, forming a tiny, highly organized contact zone that lets them destroy dangerous cells without harming their neighbors. Now, scientists have captured this process in unprecedented detail, revealing a hidden world of molecular choreography.",Health,https://www.sciencedaily.com/releases/2026/04/260429102021.htm
Scientists Found a Surprising Cancer Fighter Hiding Inside Tumors,"Scientists at the University of Illinois Chicago have turned an unlikely source into a potential new weapon against cancer: bacteria that naturally live inside tumors. They developed a peptide called aurB, inspired by a bacterial protein, that infiltrates cancer cells and effectively cuts off their energy supply by targeting the mitochondria—the cells’ power plants.",Health,https://www.sciencedaily.com/releases/2026/06/260623083119.htm
Scientists Say This Simple Music Trick Can Boost Workout Endurance by 20%,"A new study shows that listening to your own favorite workout music can dramatically boost endurance. Cyclists exercising with self-selected songs lasted nearly 20% longer than when riding in silence, yet they didn’t feel more exhausted at the end. Researchers say music may help people stay in the “pain zone” longer without increasing perceived strain.",Health,https://www.sciencedaily.com/releases/2026/05/260508003123.htm
A Hidden Map in Your Nose Could Explain How Smell Works,"Scientists have finally cracked one of the biggest mysteries in the senses: how smell is organized. By mapping millions of neurons in mice, researchers discovered that smell receptors in the nose aren’t random at all—they’re arranged in neat, overlapping stripes based on receptor type, forming a hidden structure scientists never knew existed. Even more striking, this layout mirrors how smell information is mapped in the brain, revealing a coordinated system from nose to neural circuits.",Health,https://www.sciencedaily.com/releases/2026/04/260429102025.htm
Obesity Leaves a Lasting Memory in Immune Cells,Obesity appears to leave a molecular imprint on key immune cells that may persist for 5 to 10 years after weight loss. This long-lasting “obesity memory” could help explain why some obesity-related health risks remain elevated even after body weight returns to normal.,Health,https://www.sciencedaily.com/releases/2026/08/260830000013.htm
Scientists Discover a Hidden Brain “cleaning” Effect Triggered by Movement,"Scientists have uncovered a surprising link between simple body movement and brain health: every time you tighten your abdominal muscles—even slightly—your brain may gently sway inside your skull. This subtle motion, triggered by pressure changes in connected blood vessels, appears to help circulate cerebrospinal fluid around the brain, potentially flushing out harmful waste.",Health,https://www.sciencedaily.com/releases/2026/05/260501052832.htm
MIT Scientists Turn Chaotic Laser Light Into Powerful Brain Imaging Tool,Scientists at MIT discovered that chaotic laser light can spontaneously form a highly focused beam instead of scattering—if the conditions are just right. This “pencil beam” enabled them to image the blood-brain barrier in 3D at speeds 25 times faster than existing techniques. The method also lets researchers watch how drugs move into brain cells in real time. It could dramatically accelerate the development of treatments for neurological diseases.,Health,https://www.sciencedaily.com/releases/2026/04/260428045542.htm
ADHD May Have a Surprising Creative Advantage,Some of the attention patterns that make ADHD challenging may also help spark creativity by allowing the brain to explore more ideas and unexpected connections. Researchers think creative activities could potentially channel this “defocused attention” while helping strengthen the brain systems involved in focus and self-control.,Health,https://www.sciencedaily.com/releases/2026/08/260831015150.htm
Turmeric Compound May Protect Blood Vessels from Diabetes Damage,"A compound found in turmeric may help protect blood vessels from some of the damage caused by Type 1 diabetes. In rats, curcumin reduced inflammation, improved cellular signaling, and restored vascular health to levels resembling those of nondiabetic animals. The results hint at a possible new way to reduce the long-term cardiovascular risks of diabetes, but human trials are still needed.",Health,https://www.sciencedaily.com/releases/2026/08/260824065543.htm
1 in 5 People May Carry This Hidden Genetic Heart Risk,"Very high levels of the inherited cholesterol-related particle Lp(a) were linked to a greater risk of major cardiovascular events, particularly stroke and cardiovascular death, in a study of more than 20,000 people. Since elevated Lp(a) often flies completely under the radar, a simple blood test could uncover hidden heart risk that standard cholesterol testing may miss.",Health,https://www.sciencedaily.com/releases/2026/08/260808235011.htm
Why Losing Weight May Not Be Enough to Prevent Type 2 Diabetes,"A healthy lifestyle can prevent type 2 diabetes for many people, but new research suggests that weight loss alone may not be enough for one particularly vulnerable group. Even after losing about 8% of their body weight and keeping it off for years, people in a high-risk category known as cluster 5 continued to experience rising blood sugar, weakening insulin production, and a strong risk of developing diabetes.",Health,https://www.sciencedaily.com/releases/2026/07/260724061450.htm
Natural Compound May Fight Rheumatoid Arthritis at Its Source,"A plant-derived compound reduced swelling, inflammation, and joint damage in rats with rheumatoid arthritis. It also helped rebalance immune activity and improve the way certain fats were processed in the body. Researchers say the findings could lead to a new approach for treating the disease.",Health,https://www.sciencedaily.com/releases/2026/07/260721000845.htm
Eating Chili Peppers May Raise the Risk of One Deadly Cancer,"A major review found that people who consumed the most chili peppers had a substantially higher risk of esophageal cancer, though the evidence was less clear for stomach and colorectal cancers. Researchers emphasize that the findings show an association, not proof of cause and effect, and that more research is needed to determine whether moderate consumption carries similar risks.",Health,https://www.sciencedaily.com/releases/2026/07/260713084921.htm
Scientists Discover Why Some Brains Resist Alzheimer's,Some brains appear to fight back against Alzheimer&apos;s by helping immature brain cells survive damage instead of succumbing to it. Understanding this natural resilience could point researchers toward entirely new ways to protect memory and slow dementia.,Health,https://www.sciencedaily.com/releases/2026/06/260626125709.htm
Scientists Found the Hidden Switch Fueling Alzheimer’s Brain Inflammation,"Scientists at Scripps Research have uncovered a molecular “switch” that appears to fuel the damaging brain inflammation seen in Alzheimer’s disease. They found that a protein called STING becomes chemically altered in a way that keeps the brain’s immune system stuck in overdrive, harming the connections between nerve cells.",Health,https://www.sciencedaily.com/releases/2026/05/260530053424.htm
Scientists Supercharge Natural Killer Cells to Fight Aggressive Cancers,"Scientists at McGill University have found a way to supercharge the immune system’s natural killer (NK) cells, helping them break through the defenses tumors use to stay alive. By temporarily blocking two proteins, researchers turned these cells into far more effective cancer fighters against difficult cancers like leukemia, glioblastoma, kidney cancer, and triple-negative breast cancer.",Health,https://www.sciencedaily.com/releases/2026/05/260523103910.htm
One in Five People May Carry This Hidden Cholesterol Risk Without Knowing It,"Researchers analyzing over 20,000 patients found that very high levels of the inherited cholesterol particle Lp(a) dramatically raise the risk of stroke, cardiovascular death, and major heart complications. Because most people with elevated Lp(a) have no symptoms, experts say a simple blood test could uncover a dangerous hidden risk factor.",Health,https://www.sciencedaily.com/releases/2026/05/260515002151.htm
New Drugs Could Wipe out the “zombie Cells” Linked to Cancer and Aging,"Researchers found a new way to kill harmful “zombie” cells that linger after chemotherapy and help cancers become more aggressive. These senescent cells survive by relying on a protective protein called GPX4, even while sitting on the edge of a deadly iron-triggered collapse. New drugs remove that protection, causing the cells to self-destruct. In mice, the approach reduced tumor size and boosted survival, hinting at a promising new cancer therapy.",Health,https://www.sciencedaily.com/releases/2026/05/260509210646.htm
Scientists Turn Sheep’s Wool Into a Material That Helps Regrow Bone,"Keratin extracted from sheep’s wool helped damaged bone regenerate in animals, producing tissue that was more organized and structurally similar to healthy bone than tissue grown with conventional collagen scaffolds. The discovery could turn an abundant agricultural byproduct into a promising new material for regenerative medicine.",Health,https://www.sciencedaily.com/releases/2026/08/260812015210.htm
Humans May Have Hidden Regenerative Powers,"Scientists have taken a surprising step toward unlocking regeneration in mammals, showing that the ability to rebuild complex body parts may not be lost after all—it may simply be switched off. Using a two-stage treatment, researchers redirected the body’s normal healing response away from scar formation and toward regrowth, successfully restoring bone, joints, ligaments, and tendons after amputation in animal studies.",Health,https://www.sciencedaily.com/releases/2026/06/260617032207.htm
Ultra-Processed Foods May Be Stealing Your Focus Even If You Eat Healthy,"A study of more than 2,100 adults found that eating more ultra-processed foods was linked to poorer attention and slower mental processing, even among people with otherwise healthy diets. Researchers also found higher consumption was associated with increased dementia risk factors, raising concerns about the hidden cognitive costs of heavily processed foods.",Health,https://www.sciencedaily.com/releases/2026/06/260608040017.htm
Scientists Reversed Liver Aging With Young Gut Bacteria in Stunning Study,"Rebooting the gut microbiome with bacteria from youth may help stop aging-related liver damage and even prevent liver cancer, according to new research in mice. Older mice that received their own preserved youthful microbiome showed less inflammation, reduced DNA damage, and no signs of liver cancer. Researchers also found that the treatment suppressed a cancer-linked gene called MDM2, making older mice biologically resemble younger ones.",Health,https://www.sciencedaily.com/releases/2026/05/260509210643.htm
"You Don’t Need Intense Workouts to Build Muscle, New Study Reveals","Building muscle doesn’t have to mean exhausting workouts or soreness. Researchers found that slow, controlled “lowering” movements can boost strength more efficiently while requiring less effort. Even five minutes a day of simple exercises like chair squats or wall push-ups can make a real difference. It’s a smarter, easier way to get stronger—no gym required.",Health,https://www.sciencedaily.com/releases/2026/05/260501052830.htm
Your Gut Takes a “double Hit” from Stress and Late-Night Eating,"Chronic stress is already tough on your gut—but new research suggests late-night eating could make things even worse. Scientists analyzing thousands of people found that those under high stress who also ate a large portion of their calories after 9 p.m. were far more likely to suffer from constipation and diarrhea. The combination appears to hit the gut twice, not only disrupting digestion but also reducing the diversity of beneficial gut bacteria.",Health,https://www.sciencedaily.com/releases/2026/04/260429102026.htm
Simple “gut Reset” May Stop Weight Gain After Ozempic or Wegovy,"A new minimally invasive procedure may help people keep weight off after stopping popular drugs like Ozempic and semaglutide—something most patients struggle with. In a clinical trial, those who underwent a technique called duodenal mucosal resurfacing regained far less weight compared to others after discontinuing the medication. The procedure works by renewing the lining of the upper small intestine, potentially “resetting” metabolism and preserving the benefits of weight loss.",Health,https://www.sciencedaily.com/releases/2026/04/260423022002.htm
HEPA Air Purifiers May Boost Brain Function After Just One Month,Adults aged 40 and older performed about 12% faster on a test of executive function after using a HEPA air purifier at home for one month. The findings suggest that cleaner indoor air could offer a simple way to help protect the brain from the effects of traffic-related pollution.,Health,https://www.sciencedaily.com/releases/2026/08/260830000016.htm
"Kratom Poison Center Cases Have Surged 6,500% in the U.S.","Kratom use and serious health problems linked to it have risen dramatically across the United States over the past decade. Poison center reports jumped from just 19 cases in 2010 to more than 1,200 in 2023, while severe outcomes—including life-threatening complications, disability, and death—also climbed sharply. Researchers warn that kratom can trigger seizures, abnormal heart rhythms, liver damage, and breathing problems, with risks potentially increasing when it is combined with other drugs.",Health,https://www.sciencedaily.com/releases/2026/08/260814235902.htm
Cancer-Fighting Chewing Gum Cuts HPV Levels by Up to 93%,"A specially engineered chewing gum reduced HPV by up to 93% and nearly eliminated two bacteria linked to head and neck cancer. The treatment preserved beneficial mouth bacteria, raising hopes for a safer and more affordable therapy.",Health,https://www.sciencedaily.com/releases/2026/08/260803080917.htm
Your Neighborhood in Your 20s May Shape Your Heart Decades Later,"Where you live in early adulthood may quietly shape your heart health for decades. Researchers found that adverse neighborhood conditions were linked to a higher risk of coronary artery calcification in midlife, an early warning sign of cardiovascular disease.",Health,https://www.sciencedaily.com/releases/2026/08/260830000009.htm
Scientists Discover a Surprising Cancer Link to Alzheimer’s Disease,Researchers discovered that mutations linked to blood cancers may help trigger Alzheimer’s disease by creating overly inflammatory immune cells in the brain. The unexpected finding could lead to new blood-based screening methods and potential treatments borrowed from cancer medicine.,Health,https://www.sciencedaily.com/releases/2026/06/260612032044.htm
Colon Cancer Is Rising in Young Adults and Doctors Don’t Fully Know Why,"Colorectal cancer is increasingly showing up in younger adults, with cases now appearing in people as young as their thirties — often with no family history or warning signs. A major Swiss study analyzing nearly 100,000 cases over four decades found that diagnoses in people under 50 have been steadily climbing, even as rates fall among older adults thanks to screening programs. Researchers say younger patients are also more likely to be diagnosed late, after the cancer has already spread.",Health,https://www.sciencedaily.com/releases/2026/05/260513221805.htm
Scientists Just Discovered What Coffee Is Really Doing to Your Gut and Brain,"Coffee doesn’t just energize—it actively reshapes the gut and mind. Researchers found that both caffeinated and decaf coffee altered gut bacteria in ways linked to better mood and lower stress. Decaf even improved learning and memory, while caffeine boosted focus and reduced anxiety. Together, they show coffee works through multiple pathways beyond just caffeine.",Health,https://www.sciencedaily.com/releases/2026/05/260502233911.htm
A Simple Blood Test Could Reveal Alzheimer’s Risk Years Early,A routine blood marker tied to inflammation may reveal Alzheimer’s risk years in advance. Scientists found that higher neutrophil levels—part of the body’s first immune response—were linked to a greater chance of developing dementia. The discovery suggests this common lab value could help flag at-risk individuals before symptoms appear. It also raises the possibility that immune cells themselves may be fueling the disease.,Health,https://www.sciencedaily.com/releases/2026/04/260422044620.htm
Common Food Preservative Linked to Rising Suicide Deaths Among Young People,"A widely available food-preservation chemical is emerging as a disturbing factor in rising UK suicide deaths, particularly among younger people and men. Researchers say the scale may be underestimated and are calling for urgent restrictions on access and harmful online information.",Health,https://www.sciencedaily.com/releases/2026/08/260813045557.htm
Blood Cancer’s Genetic Warning Signs May Appear Years Early,Blood cancers that eventually worsen may carry detectable genetic warning signs years before patients develop serious symptoms. The findings could lead to earlier intervention while also helping doctors distinguish true cancer from harmless age-related blood changes.,Health,https://www.sciencedaily.com/releases/2026/07/260729010740.htm
Lab-Grown Mini Brains May Predict Which Alzheimer’s Treatments Will Work,Miniature brain models grown from patients’ cells revealed striking differences in how Alzheimer’s-related tissue responds to an antidepressant. The organoids and the particles they release could eventually guide more personalized treatments and provide new clues for diagnosing the disease.,Health,https://www.sciencedaily.com/releases/2026/07/260721000844.htm
Scientists Turned Red Lettuce Green and Something Surprising Happened,"Researchers used genome editing to block the production of red pigments in lettuce, causing other beneficial plant compounds to build up instead. The lettuce continued to grow normally, pointing toward a new way to create crops with customized nutritional profiles.",Health,https://www.sciencedaily.com/releases/2026/06/260614011854.htm
Cancer Patients Found a Simple Way to Stay Mentally Sharp During Chemotherapy,"“Chemo brain” affects up to 80% of people receiving chemotherapy, making everyday tasks harder. In a new trial, cancer patients who followed a home-based exercise program showed better attention and fewer noticeable cognitive problems than those who received a placebo. Low-dose ibuprofen also improved some cognitive measures, though its effects were less consistent.",Health,https://www.sciencedaily.com/releases/2026/06/260608040019.htm
The Brain’s “feel Good” Chemical May Be Secretly Fueling Tinnitus,"Scientists have uncovered evidence that serotonin — the same brain chemical boosted by many antidepressants — may actually worsen tinnitus. Using advanced light-based brain stimulation in mice, researchers identified a serotonin-driven circuit linked directly to tinnitus-like behavior. The findings may explain why some people experience louder ringing in their ears while taking SSRIs.",Health,https://www.sciencedaily.com/releases/2026/05/260515002155.htm
Colon Cancer Breakthrough Keeps Patients Cancer-Free for Nearly 3 Years,A short burst of immunotherapy before surgery is delivering surprisingly powerful results for a specific type of colorectal cancer. Patients in a UK-led trial who received just nine weeks of pembrolizumab prior to surgery have remained cancer-free nearly three years later—an outcome that challenges the standard approach of surgery followed by months of chemotherapy.,Health,https://www.sciencedaily.com/releases/2026/05/260505234618.htm
Scientists Create Plastic That Destroys Viruses on Contact,"A new virus-fighting plastic film could transform everyday surfaces into invisible defenders against disease. Instead of relying on chemicals, this flexible material is covered in microscopic pillars that physically stretch viruses until they burst, rendering them harmless. In lab tests, it destroyed or disabled about 94% of virus particles within an hour, showing impressive effectiveness.",Health,https://www.sciencedaily.com/releases/2026/04/260422044622.htm
Teen Cannabis Use Linked to Slower Memory and Thinking Growth,"Teens who start using cannabis may experience slower growth in memory, attention, language, and processing speed. Their abilities often developed normally at first, then began leveling off while nonusers continued improving. THC appeared to be the most likely driver, especially for worsening memory.",Health,https://www.sciencedaily.com/releases/2026/08/260806050726.htm
Why Are Healthy Young Non-Smokers Developing Lung Cancer?,"An unexpected study found that young non-smokers with healthier diets had higher rates of lung cancer, raising questions about whether pesticide exposure from conventionally grown produce could play a role. Researchers stress that the findings are preliminary and require further studies before any conclusions can be drawn.",Health,https://www.sciencedaily.com/releases/2026/07/260712011758.htm
Why Cancer Spreads More in Middle Age Than in Old Age,"Melanoma may not become steadily more dangerous with age as scientists once assumed. In a surprising discovery, researchers found that cancer spread was lowest in young mice, surged in middle-aged mice, and then dropped again in very old mice. The key appears to be a special type of immune cell that helps keep cancer dormant and prevents it from spreading.",Health,https://www.sciencedaily.com/releases/2026/05/260530053422.htm
Scientists Say This Common Sweetener May Be Quietly Rewiring Your Metabolism,"Researchers say fructose is not just “empty calories” — it may actively push the body toward fat storage and metabolic disease. A new review found that fructose affects the body differently from glucose, disrupting normal energy regulation and promoting processes linked to obesity, insulin resistance, and cardiovascular problems.",Health,https://www.sciencedaily.com/releases/2026/05/260510234726.htm
Eating More Fruits and Vegetables Tied to Unexpected Lung Cancer Risk,"A surprising new study suggests that eating a very healthy diet—packed with fruits, vegetables, and whole grains—might be linked to a higher risk of lung cancer in younger non-smokers. Researchers found that patients under 50 diagnosed with lung cancer often had better-than-average diets, raising the possibility that pesticide exposure from conventionally grown produce could be a hidden culprit.",Health,https://www.sciencedaily.com/releases/2026/04/260417224454.htm
A 42-Year-Old Childhood Obesity Theory May Be Wrong,"New research challenges the decades-old idea that children experience an “adiposity rebound” when their BMI begins rising around age 6. Although BMI returns to earlier levels, a more reliable measure showed that body fat does not rebound at all. The increase appears to come from growing muscle and lean tissue as children prepare for later growth. Researchers say this normal process has been mistakenly treated as an obesity warning sign for 42 years.",Health,https://www.sciencedaily.com/releases/2026/07/260729051534.htm
A Hidden Immune Backup System Could Supercharge mRNA Cancer Vaccines,"Researchers found that mRNA cancer vaccines can recruit an unexpected immune cell to launch powerful tumor-fighting responses, overturning a long-held assumption about how the vaccines work. The discovery could lead to more effective cancer vaccines and help scientists tailor treatments for better patient outcomes.",Health,https://www.sciencedaily.com/releases/2026/07/260708022212.htm
Osteopenia Is Silently Weakening Bones in Millions of People,"Osteopenia is a common but often overlooked condition that causes bones to become less dense and more fragile. Because it develops silently, many people only discover they have it after a fracture or bone scan. Aging, menopause, poor diet, and inactivity can all contribute to bone loss. Fortunately, exercise, adequate calcium and vitamin D, and other healthy habits can slow or even partially reverse the decline.",Health,https://www.sciencedaily.com/releases/2026/06/260624025511.htm
Popular Weight Loss Drugs Like Wegovy May Also Target Arthritis Inflammation,"Researchers have discovered that the GLP-1 hormone targeted by drugs like Wegovy is present in very low amounts inside the joints of arthritis patients. That finding suggests high-dose GLP-1 medications could potentially reach the joints and influence inflammation directly, not just help through weight loss. Scientists say this could open the door to a completely new approach to arthritis treatment.",Health,https://www.sciencedaily.com/releases/2026/05/260521072408.htm
Scientists Discover a Mysterious Silicone Pollutant That May Be Everywhere,"Researchers have uncovered unexpectedly high levels of silicone-based pollutants called methylsiloxanes floating through the atmosphere across cities, rural regions, and even forests. Much of the pollution appears to come from vehicle emissions, likely linked to engine oil additives that survive combustion and escape into the air. Scientists say humans may inhale more of these compounds daily than other notorious pollutants like PFAS or microplastics.",Health,https://www.sciencedaily.com/releases/2026/05/260512202353.htm
Black Licorice Compound Shows Promise Against Inflammatory Bowel Disease,"Researchers have developed a stem cell-based model of the human intestine that may transform how new IBD treatments are discovered. After testing thousands of compounds, they identified glycyrrhizin — a natural substance found in black licorice — as a promising anti-inflammatory candidate. In both lab-grown tissue and mice, the compound reduced intestinal damage and cell death linked to IBD.",Health,https://www.sciencedaily.com/releases/2026/05/260508003127.htm
Scientists Found the “holy Grail” Gene That Could One Day Help Humans Regrow Limbs,"Scientists studying axolotls, zebrafish, and mice have uncovered a shared set of genes that may one day help humans regrow lost limbs. By identifying powerful “SP genes” involved in regeneration, researchers discovered that disabling these genes stopped proper bone regrowth in salamanders and mice. They then used a gene therapy inspired by zebrafish biology to partially restore regeneration in mice, marking a major step toward future treatments that could replace damaged limbs with living tissue instead of prosthetics.",Health,https://www.sciencedaily.com/releases/2026/05/260508003121.htm
Scientists Reverse Diabetes in Mice With Lab-Grown Insulin Cells,Scientists in Sweden have taken a major step toward a potential cure for type 1 diabetes by developing a more reliable way to create insulin-producing cells from human stem cells. These lab-grown cells not only respond strongly to glucose but were also able to restore blood sugar control when transplanted into diabetic mice.,Health,https://www.sciencedaily.com/releases/2026/05/260505234620.htm
MIT Study Finds Children More Vulnerable to Cancer-Causing Chemical in Water,"A troubling new study from MIT reveals that a common environmental contaminant, NDMA—found in polluted water, certain medications, and even processed foods—may pose a far greater cancer risk to children than adults. In experiments with mice, young animals exposed to the chemical developed significantly more DNA damage and cancer, despite experiencing the same initial exposure as adults. The key difference lies in how rapidly children’s cells divide, which turns early DNA damage into dangerous mutations much more easily.",Health,https://www.sciencedaily.com/releases/2026/04/260428045546.htm
Scientists Discover Bacteria Can “explode” to Spread Antibiotic Resistance,"Scientists have uncovered a surprising twist in how bacteria share genes—including those that spread antibiotic resistance. Tiny virus-like particles called gene transfer agents (GTAs), once ancient viral invaders, have been repurposed by bacteria into delivery systems that shuttle DNA between neighboring cells. The study reveals a key control hub of three genes, dubbed LypABC, that triggers bacterial cells to burst open and release these DNA-packed couriers.",Health,https://www.sciencedaily.com/releases/2026/04/260416071953.htm
A “death” Protein May Be the Key to Slowing Aging at Its Source,"Scientists have discovered that a protein linked to cell death is secretly driving the aging of blood stem cells in a completely different way. Instead of killing the cells, it damages their mitochondria, sapping their energy and weakening the immune system over time. When this protein was turned off, stem cells remained stronger and more balanced, even under stress. The findings point to a new strategy for slowing aging at its source.",Health,https://www.sciencedaily.com/releases/2026/04/260416071951.htm
Scientists Remove “zombie” Cells and Reverse Liver Damage in Mice,"A rogue set of “zombie” immune cells may be driving aging and fatty liver disease by flooding tissues with inflammation. Researchers found these cells accumulate with age and high cholesterol—and can make up most of the liver’s immune cells in older mice. When scientists removed them, liver damage was dramatically reversed, even without diet changes.",Health,https://www.sciencedaily.com/releases/2026/04/260416071947.htm
Scientists May Have Found a Shortcut to Calorie Restriction’s Anti-Aging Benefits,"Moderate calorie restriction lowered an immune protein called C3 that appears to help drive chronic inflammation as the body ages. Blocking the same protein reduced age related inflammation in mice, raising the possibility that future treatments could mimic some benefits of calorie restriction without severe dieting.",Health,https://www.sciencedaily.com/releases/2026/08/260826055508.htm
One Common Fat May Fuel Type 2 Diabetes While Another Helps Fight It,"Not all fats affect your body the same way. Researchers found that palmitic acid, a saturated fat common in many foods, may contribute to insulin resistance and type 2 diabetes by triggering inflammation, toxic fat buildup, and cellular stress. In contrast, oleic acid—the heart-healthy fat abundant in olive oil—appears to help protect insulin function and may even counter some of the harmful effects of palmitic acid.",Health,https://www.sciencedaily.com/releases/2026/06/260621060318.htm
Scientists Discover Hidden Weakness Shared by Hundreds of Cancer Mutations,"Scientists have unveiled a powerful new tool called PerturbFate that could change how researchers tackle diseases driven by huge numbers of genetic mutations, including cancer and Alzheimer’s. Instead of trying to target every faulty gene individually, the system tracks how different mutations reshape cells over time and identifies the hidden “control hubs” where those pathways converge.",Health,https://www.sciencedaily.com/releases/2026/05/260520093726.htm
Alzheimer’s Drugs May Not Work and Could Raise Brain Risks,"Drugs designed to clear amyloid beta from the brain—once seen as a promising path to slowing Alzheimer’s—may not actually help patients in any meaningful way, according to a major review of over 20,000 participants. Even more concerning, they may increase the risk of brain swelling and bleeding, sometimes without obvious symptoms.",Health,https://www.sciencedaily.com/releases/2026/05/260502233915.htm
Artificial Neurons Successfully Communicate With Living Brain Cells,"Engineers at Northwestern University have taken a striking leap toward merging machines with the human brain by printing artificial neurons that can actually communicate with real ones. These flexible, low-cost devices generate lifelike electrical signals capable of activating living brain cells, a breakthrough demonstrated in mouse brain tissue.",Health,https://www.sciencedaily.com/releases/2026/04/260417225020.htm
AI Identifies Early Risk Patterns for Skin Cancer,"A massive Swedish study shows that AI can spot people at higher risk of melanoma using routine health data. Advanced models significantly outperformed basic methods, identifying high-risk groups with striking accuracy. Some individuals flagged by the system had up to a 33% chance of developing melanoma within five years. This approach could pave the way for smarter, more targeted screening.",Health,https://www.sciencedaily.com/releases/2026/04/260415043612.htm
Major Genetic Breakthrough Reveals Hidden Causes of Severe Morning Sickness in Pregnancy,"A massive genetic study has identified nine new genes linked to hyperemesis gravidarum, the most severe form of pregnancy sickness, bringing the total number of known risk genes to ten. The discoveries provide fresh insight into why some women experience debilitating nausea and vomiting during pregnancy while others do not. Several of the newly identified genes are involved in appetite, nausea, metabolism, and brain function, opening the door to more targeted treatments.",Health,https://www.sciencedaily.com/releases/2026/07/260715083554.htm
Scientists Say They’ve Reversed Brain Aging With a Simple Nasal Spray,"Researchers at Texas A&amp;M have developed a nasal spray that appears to reverse brain aging by calming inflammation and restoring the brain’s energy systems. After just two doses, memory and cognitive function improved for months, raising hopes for future treatments targeting dementia and brain fog.",Health,https://www.sciencedaily.com/releases/2026/05/260526022018.htm
Scientists Discover Why Bread Can Cause Weight Gain Without Extra Calories,"Bread and other carbohydrate staples may be doing more than just filling plates—they could be quietly reshaping metabolism. In a surprising twist, researchers found that mice strongly preferred carbs like bread, rice, and wheat, abandoning their regular diet entirely. Even without eating more calories, they gained weight and body fat, not because they overate, but because their bodies burned less energy.",Health,https://www.sciencedaily.com/releases/2026/04/260414075637.htm
Men and Women With Obesity Face Very Different Hidden Health Risks,"New research reveals that obesity affects men and women in surprisingly different ways. Men are more likely to develop harmful abdominal fat and signs of liver stress, while women show higher inflammation and cholesterol levels. These differences could help explain why health risks vary between sexes. Scientists say this could lead to more tailored treatments for obesity.",Health,https://www.sciencedaily.com/releases/2026/04/260413043129.htm
Popular Sweeteners May Leave Effects That Last for Generations,"Two widely used zero-calorie sweeteners, sucralose and stevia, may have effects that linger far longer than the sweet taste itself. In mice, researchers found that both sweeteners altered the gut microbiome, reduced beneficial compounds produced by gut bacteria, and changed the activity of genes involved in metabolism and inflammation. Some of those changes were also detected in later generations that had never consumed the sweeteners themselves.",Health,https://www.sciencedaily.com/releases/2026/08/260830000019.htm
Scientists Discover Why Ozempic May Not Work for Some People,"Scientists have identified genetic variants that may make some people less responsive to GLP-1 drugs used to treat Type 2 diabetes. Roughly 10% of the population carries these variants, which appear to cause a mysterious form of &quot;GLP-1 resistance.&quot; In several clinical trials, carriers were significantly less likely to reach healthy blood sugar targets while taking GLP-1 medications.",Health,https://www.sciencedaily.com/releases/2026/06/260605023417.htm
Scientists Discover Gut Bacteria That May Help Protect Against Autism and ADHD,"A major study suggests that some of the groundwork for brain development may be shaped before birth through a surprising partnership between a baby’s genes and gut microbes. Researchers found that epigenetic changes present at birth can influence how the gut microbiome develops during the first year of life, and certain combinations were linked to early signs of autism and ADHD by age three.",Health,https://www.sciencedaily.com/releases/2026/06/260602021645.htm
"AI Scans 400,000 Reddit Posts and Finds Hidden Ozempic Side Effects","By analyzing over 400,000 Reddit posts, researchers discovered that users of popular GLP-1 weight-loss drugs frequently discussed unexpected symptoms like menstrual irregularities, chills, and hot flashes. The findings suggest AI could turn social media into a powerful early-warning system for spotting side effects that clinical trials may miss.",Health,https://www.sciencedaily.com/releases/2026/05/260523103914.htm
The People You Live With Could Be Changing Your Gut Bacteria,"Spending time with close companions might do more than strengthen bonds—it could also reshape your gut bacteria. In a study of island birds, those with stronger social ties shared more gut microbes, especially types that require direct contact to spread. This suggests that social interaction itself—not just shared space—drives microbial exchange. The same process may be happening in human households through everyday closeness.",Health,https://www.sciencedaily.com/releases/2026/04/260413043131.htm
How Aggressive Breast Cancer Turns Off the Immune System,"Researchers are launching a new project to crack the mystery of aggressive breast cancer, where predicting disease progression remains a major hurdle. By studying how tumors interact with and suppress the immune system, scientists aim to identify new biomarkers that reveal how the cancer evolves. Using real patient samples, the team hopes to turn earlier discoveries into practical clinical tools. The goal: more precise, personalized treatments that can outsmart even the most dangerous tumors.",Health,https://www.sciencedaily.com/releases/2026/04/260411022031.htm
Why Ozempic Doesn’t Work for Everyone: Scientists Just Found a Hidden Reason,"A new study reveals that popular diabetes and weight-loss drugs like Ozempic and Wegovy may not work as effectively for about 10% of people due to specific genetic variants. These individuals appear to have a puzzling condition called “GLP-1 resistance,” where their bodies produce higher levels of the hormone targeted by these drugs—but don’t respond to it properly.",Health,https://www.sciencedaily.com/releases/2026/04/260411022029.htm
Hidden Weak Spots in HIV and Ebola Revealed With Breakthrough Nanodisc Technology,"A new nanodisc-based platform lets scientists study viral proteins in a form that closely mimics real viruses, revealing how antibodies truly recognize them. This approach uncovered hidden interactions in viruses like HIV and Ebola that traditional methods missed. By recreating the virus’s membrane environment, researchers can better understand how immune defenses work. The technique could speed up the development of more effective vaccines.",Health,https://www.sciencedaily.com/releases/2026/04/260411022027.htm
Early Weight Gain Is Linked to Lifelong Health Consequences,"Putting on weight earlier in life may be more dangerous than previously thought. Researchers found that early adulthood obesity significantly raises the risk of premature death, especially from major diseases like heart disease and diabetes. The longer the body carries excess weight, the greater the damage appears to be. Interestingly, cancer risk in women didn’t follow this pattern, suggesting other biological factors are at play.",Health,https://www.sciencedaily.com/releases/2026/04/260411022023.htm
A Single Sauna Session Sends Immune Cells Surging,"A single 30-minute sauna session may briefly put the immune system on higher alert. Finnish researchers found that sauna heat, paired with a short cold shower, increased every type of white blood cell circulating in the bloodstream, including key infection fighters such as neutrophils and lymphocytes.",Health,https://www.sciencedaily.com/releases/2026/07/260727012141.htm
Why the Human Body Has So Many Design Flaws,"Many of the body&apos;s biggest flaws are the result of evolution building on old designs instead of starting over. Our spine, eyes, teeth, pelvis, and even certain nerves all reveal compromises that worked well enough for survival but still leave us prone to pain, injury, and disease. Structures like the appendix and ear muscles also remain because they were never harmful enough for evolution to eliminate. Together, these features tell the story of a body shaped by history rather than perfection.",Health,https://www.sciencedaily.com/releases/2026/07/260709160641.htm
Scientists Discover Skincare Compound That Kills Drug-Resistant Bacteria,"A popular Korean skincare ingredient may be far more powerful than anyone realized. Scientists have discovered that madecassic acid—derived from the herb Centella asiatica—can stop antibiotic-resistant bacteria in their tracks, including dangerous strains of E. coli. By targeting a bacterial protein that humans don’t have, the compound disrupts the microbes’ ability to survive, making it a promising new type of antibiotic.",Health,https://www.sciencedaily.com/releases/2026/04/260420014738.htm
Dragonflies Can See a Color Humans Can’t and It Could Change Medicine,"Dragonflies may see the world in a way that pushes beyond human limits—and surprisingly, they do it using the same molecular trick we evolved ourselves. Scientists discovered that these insects can detect extremely deep red light, even edging into near-infrared, thanks to a specialized visual protein strikingly similar to the one in human eyes. This ability likely helps them spot mates mid-flight by picking up subtle differences in reflected light.",Health,https://www.sciencedaily.com/releases/2026/04/260409101059.htm
Scientists Finally Uncover Why Promising Cancer Drugs Keep Failing,"Cancer drugs known as BET inhibitors once looked like a breakthrough, but in real patients they’ve often fallen short. New research reveals a key reason why: two closely related proteins, BRD2 and BRD4, don’t actually do the same job. Instead, BRD2 acts like a “stage manager,” preparing genes for activation, while BRD4 triggers the final step that turns them on. By blocking both at once, current drugs may be disrupting the process in unpredictable ways.",Health,https://www.sciencedaily.com/releases/2026/04/260409101055.htm
Tiny Robots Powered by Light Can Hunt Down and Collect Bacteria,"Researchers have built microscopic, light-driven robots that can rapidly navigate through liquid, collect bacteria, and deposit them in chosen locations. These tiny “cleaners” could open new possibilities for manipulating cells and microbes with remarkable precision.",Health,https://www.sciencedaily.com/releases/2026/08/260816044850.htm
Millions May Be Getting the Wrong Cholesterol Test,"A new study suggests that apoB, a blood test that measures harmful cholesterol particles, is better than standard LDL cholesterol testing for deciding who needs more intensive treatment. Researchers found it could prevent more heart attacks and strokes while remaining cost-effective for the U.S. healthcare system.",Health,https://www.sciencedaily.com/releases/2026/06/260626125714.htm
Common IBS Medications Linked to Higher Risk of Death in Major Study,"A massive, nearly 20-year study tracking over 650,000 Americans with irritable bowel syndrome is raising new questions about the long-term safety of common treatments. Researchers found that some widely used medications—including antidepressants and certain antidiarrheal drugs—were linked to a small but noticeable increase in the risk of death over time.",Health,https://www.sciencedaily.com/releases/2026/04/260415043617.htm
"Fish Oil May Be Hurting Your Brain, New Study Finds","Fish oil has long been praised as brain-boosting, but new research suggests the story may be more complicated. Scientists found that in people with repeated mild head injuries, a key omega-3 fatty acid in fish oil—EPA—may actually interfere with the brain’s ability to repair itself. Instead of helping recovery, it appears to weaken blood vessel stability, disrupt healing signals, and even contribute to harmful protein buildup linked to cognitive decline.",Health,https://www.sciencedaily.com/releases/2026/04/260426012303.htm
Scientists Map the Brain’s Hidden Wiring Using RNA Barcodes in Major Breakthrough,"Researchers have developed a cutting-edge technique that uses RNA “barcodes” to map how neurons connect, capturing thousands of links with single-synapse precision. The method transforms brain mapping into a sequencing task, making it faster and more scalable than traditional approaches. In mice, it revealed surprising new connections between brain cells that were previously unknown. This could open the door to earlier detection and targeted treatment of neurological diseases.",Health,https://www.sciencedaily.com/releases/2026/04/260407193848.htm
Scientists Discover Reversible Male Birth Control That Stops Sperm Production,"Scientists at Cornell University may be closing in on the long-sought “holy grail” of male contraception: a safe, reversible, nonhormonal method that completely halts sperm production. In a breakthrough mouse study, researchers used a compound called JQ1 to temporarily shut down meiosis—the critical process that produces sperm—without causing lasting harm. After treatment stopped, sperm production bounced back, fertility returned, and the animals produced healthy offspring.",Health,https://www.sciencedaily.com/releases/2026/04/260407193844.htm
A Simple Blood Test Could Detect Multiple Cancers and Reveal Where They Started,"UCLA researchers have created a blood test that can scan DNA signals for multiple cancers, liver diseases, and signs of organ damage—and even indicate where trouble may be developing. Early results suggest the inexpensive approach could bring medicine closer to a single blood test capable of catching a wide range of diseases before they become harder to treat.",Health,https://www.sciencedaily.com/releases/2026/08/260810015725.htm
Yale Scientists Found a Hidden Network Inside the Eye,"Researchers have discovered that the retina uses an unexpected communication network that lets separate visual pathways cooperate instead of working alone. A newly identified &quot;commander&quot; cell appears to coordinate this system, helping the eye detect faint details that might otherwise be missed.",Health,https://www.sciencedaily.com/releases/2026/07/260713000804.htm
One Injection Reversed Osteoarthritis in Weeks,"A Colorado research team has created experimental osteoarthritis treatments that appear to regenerate damaged joints rather than just relieve pain. In animal studies, a single injection restored arthritic joints to a healthy state within weeks, while a second therapy repaired cartilage and bone defects by harnessing the body’s own healing cells.",Health,https://www.sciencedaily.com/releases/2026/06/260619101356.htm
The Deadly Tapeworm Spreading Across America Has Reached the Pacific Northwest,"A potentially dangerous tapeworm linked to severe, cancer-like disease has now been found in the Pacific Northwest, marking its first detection in wild animals along the U.S. West Coast. Researchers discovered the parasite, Echinococcus multilocularis, in 37% of coyotes tested around Puget Sound—a surprisingly high rate for a region where it had never been reported until recently.",Health,https://www.sciencedaily.com/releases/2026/06/260611024610.htm
Scientists Discover Hidden Brain Switch That Tells You to Stop Eating,"Your brain’s “stop eating” signal may come from an unexpected source. Researchers found that astrocytes—once thought to just support neurons—actually play a key role in controlling appetite. After a meal, glucose triggers tanycytes, which send signals to astrocytes that then activate fullness neurons. This newly discovered pathway could lead to innovative treatments for obesity and eating disorders.",Health,https://www.sciencedaily.com/releases/2026/04/260406192811.htm
A Major Alzheimer’s Risk Gene May Shrink Brain Cells Years Before Symptoms,"Researchers have uncovered a possible reason why the Alzheimer’s risk gene APOE4 can disrupt the brain long before memory problems begin. In mice, APOE4 increased a protein called Nell2, shrinking neurons and making memory circuits unusually active. That early hyperactivity predicted worse memory later in life. Reducing Nell2 in adult mice reversed the abnormal changes, raising hopes for a new way to intervene before Alzheimer’s progresses.",Health,https://www.sciencedaily.com/releases/2026/08/260821012234.htm
Drinking to Cope With Stress May Permanently Rewire Your Brain,"Using alcohol to cope with stress when young may permanently alter the brain, making it harder to adapt to challenges and increasing the risk of returning to drinking later in life. Researchers also found signs of brain damage associated with early dementia, suggesting the effects can linger long after alcohol use has stopped.",Health,https://www.sciencedaily.com/releases/2026/06/260626030437.htm
"A Study of 8,300 Older Adults Revealed a Surprising Salt Habit","A large study of older adults in Brazil found that adding extra salt at the table is still a common habit, especially among men. While too much salt is linked to serious health problems and faster cognitive decline, researchers discovered that women’s salt-shaking habits were tied more closely to lifestyle and diet.",Health,https://www.sciencedaily.com/releases/2026/06/260604044304.htm
This Strange “pearling” Motion Inside Cells Could Change How We Understand Disease,"Mitochondria don’t just generate energy—they also carefully organize their own DNA in a surprisingly elegant way. Scientists have discovered that a long-overlooked phenomenon called “mitochondrial pearling,” where mitochondria briefly form bead-like shapes, helps evenly space clusters of mitochondrial DNA.",Health,https://www.sciencedaily.com/releases/2026/04/260413043133.htm
Binge Drinking Just Once a Month May Triple Your Risk of Liver Scarring,"Many people think that occasional binge drinking is harmless if they otherwise drink in moderation, but new research suggests that assumption may be dangerously wrong. A large U.S. study found that people with metabolic dysfunction–associated steatotic liver disease (MASLD), a condition affecting about one in three adults, face a much higher risk of serious liver scarring if they engage in heavy drinking even just once a month.",Health,https://www.sciencedaily.com/releases/2026/04/260404082652.htm
Scientists Discover Why Damaged Nerves Struggle to Heal,Scientists have identified a protein that acts like a brake on the nervous system’s ability to repair damaged connections. Blocking AHR helped injured nerve fibers regrow and improved movement and sensation in mice with nerve or spinal cord injuries. The discovery could eventually point toward new treatments designed to shift neurons from simply surviving an injury to actively rebuilding themselves.,Health,https://www.sciencedaily.com/releases/2026/08/260828005427.htm
Johns Hopkins Scientists Develop Nose Spray DNA Vaccine for Tuberculosis,"A new intranasal DNA vaccine may give the immune system an extra weapon against tuberculosis by targeting bacteria that can hide from antibiotics. In animal studies, it helped clear infections faster, reduced lung inflammation, and prevented relapse after treatment. The vaccine also enhanced the performance of drugs used against drug-resistant TB.",Health,https://www.sciencedaily.com/releases/2026/06/260619101400.htm
Pesticide Exposure Linked to 150% Higher Cancer Risk in Major Study,"A major new study finds that living in pesticide-heavy environments could raise cancer risk by up to 150%, even when the chemicals are considered “safe” on their own. The research suggests these mixtures may silently damage cells years before cancer appears.",Health,https://www.sciencedaily.com/releases/2026/04/260426012314.htm
Scientists Discover Natural Hormone That Reverses Obesity,"A hormone called FGF21 can reverse obesity in mice by activating a newly identified brain circuit tied to metabolism. Surprisingly, it works in the hindbrain—the same region targeted by GLP-1 drugs like Ozempic and Wegovy—but through a completely different mechanism. Instead of suppressing appetite, FGF21 ramps up the body’s energy burning. This insight could pave the way for more targeted weight-loss and liver disease treatments.",Health,https://www.sciencedaily.com/releases/2026/04/260416071954.htm
Your Brain Could Help Solve Autism and Most People Don’t Know It,"A new survey reveals a striking disconnect in how Americans think about autism research. While nearly everyone agrees that studying the autistic brain is essential, most people are unaware that brain donation after death is a key part of making that research possible. Unlike organ donation, brain donation is a separate process, and widespread confusion remains about how it works, when it must occur, and who can participate.",Health,https://www.sciencedaily.com/releases/2026/04/260408095346.htm
Your Vitamin D Levels in Midlife Could Shape Your Brain Decades Later,"Vitamin D levels in midlife may play a bigger role in long-term brain health than previously thought. In a study following nearly 800 people over 16 years, those with higher vitamin D levels in their 30s and 40s had lower levels of tau protein later on, a key marker linked to dementia.",Health,https://www.sciencedaily.com/releases/2026/04/260407073850.htm
Scientists Create “smart” DNA Drug That Targets Cancer Cells With Extreme Precision,"Scientists have created a programmable drug system that can zero in on cancer cells with unprecedented accuracy. Built from synthetic DNA, it only activates when it detects a precise combination of tumor markers, preventing damage to healthy tissue. The system can also deliver multiple drugs at once, potentially overcoming resistance. This marks a step toward medicines that behave more like smart, responsive machines inside the body.",Health,https://www.sciencedaily.com/releases/2026/04/260402042744.htm
The Common Mistake That Could Make Aging Joints Hurt More,"Aging gradually wears down the cartilage and fluid that protect our joints, but avoiding movement may actually make matters worse. Exercise helps nourish cartilage, strengthens the muscles that protect joints, and can reduce osteoarthritis pain. Low-impact activities such as swimming, cycling, tai chi, yoga, and walking on varied terrain may also improve balance and mobility. Even a few minutes of the right kind of movement can make a difference.",Health,https://www.sciencedaily.com/releases/2026/08/260814235852.htm
Common Antidepressant May Ease Long COVID’s Crushing Fatigue,"A low-cost antidepressant may offer new hope for people struggling with long COVID fatigue. In a randomized clinical trial involving 399 adults, fluvoxamine significantly reduced fatigue and improved quality of life compared with a placebo, making it one of the first medications to show meaningful benefits for this disabling condition.",Health,https://www.sciencedaily.com/releases/2026/07/260718010158.htm
The Secret to Healthy Aging May Be Hidden in Your Blood,"Some people live past 100 with remarkable health, and researchers may have uncovered one reason why. A new study found that centenarians have a unique chemical &quot;fingerprint&quot; in their blood that sets them apart from normal aging, including unusual patterns of bile acids and steroids linked to longer survival.",Health,https://www.sciencedaily.com/releases/2026/06/260625060212.htm
Major Review Finds Vaping Likely Causes Lung and Oral Cancer,"Researchers have concluded that nicotine vapes are likely to cause lung and oral cancers, based on evidence ranging from human biomarkers to animal and laboratory studies. The findings challenge the idea that vaping is a harmless alternative to smoking and suggest health risks may be emerging much sooner than many expected.",Health,https://www.sciencedaily.com/releases/2026/06/260619020520.htm
This Common Sleep Habit Could Double Your Risk of Heart Attack,"A chaotic sleep schedule in your 40s might be quietly setting the stage for heart trouble later. Researchers tracking thousands of people for over a decade found that those with highly inconsistent bedtimes—especially when they slept less than eight hours—faced about double the risk of serious cardiovascular events like heart attacks or strokes. Interestingly, it wasn’t when people woke up that mattered most, but how erratic their bedtime was.",Health,https://www.sciencedaily.com/releases/2026/05/260504154026.htm
Breakthrough Could Protect the Vision Cells That Let You See Faces and Colors,"Scientists have taken a major step toward protecting the very cells that make sharp, colorful vision possible. By testing more than 2,700 compounds in thousands of lab-grown human retinal models, researchers uncovered several molecules that can shield cone photoreceptors—the cells responsible for reading, recognizing faces, and seeing color—from degeneration. They also identified a key protective mechanism involving casein kinase 1, offering a promising new target for treatment.",Health,https://www.sciencedaily.com/releases/2026/04/260402000225.htm
Scientists Discover “molecular Shredder” That Helps Deadly Parasite Evade the Immune System,"A deadly parasite responsible for sleeping sickness has been found using a surprisingly precise trick to stay hidden in the human bloodstream. Scientists discovered a protein called ESB2 that acts like a “molecular shredder,” cutting up specific genetic instructions as they are produced. This allows the parasite to flood its surface with protective proteins while suppressing other signals that might give it away.",Health,https://www.sciencedaily.com/releases/2026/04/260402000221.htm
Scientists Discover Hidden “winds” Inside Cells That Could Explain Cancer Spread,"Cells aren’t as passive as scientists once thought—they actively create internal currents to move proteins quickly and efficiently. These “cellular winds” push materials to the front of the cell, enabling faster movement and repair. Discovered by chance and confirmed with advanced imaging, this system challenges decades of textbook biology. It may also reveal why some cancer cells spread so rapidly.",Health,https://www.sciencedaily.com/releases/2026/03/260331001102.htm
This New Test Could Transform UTI Treatment With Same-Day Results,"A breakthrough urine test could dramatically speed up how doctors treat urinary tract infections, identifying the right antibiotic in under six hours instead of waiting days. By testing directly from urine—skipping the usual lab culturing step—the method quickly shows which drugs stop bacterial growth and which don’t. In trials involving hundreds of patient samples, the test proved highly accurate, matching standard methods in over 96% of cases.",Health,https://www.sciencedaily.com/releases/2026/03/260331001054.htm
"The Secret Behind Smoother, Better-Tasting Protein Shakes",A new whey protein manufacturing technique could make protein shakes taste better and feel smoother in the mouth. Researchers traced unwanted bitterness to concentrated minerals and found a way to remove them without sacrificing the improved texture.,Health,https://www.sciencedaily.com/releases/2026/06/260614011855.htm
Just a Few Minutes of Effort Could Lower Your Risk of 8 Major Diseases,"Just a few minutes of getting out of breath each day could dramatically cut your risk of major diseases—including heart disease, dementia, and diabetes. A large study of nearly 100,000 people found that it’s not just how much you move, but how intensely you move that matters. Short bursts of vigorous activity—like rushing for a bus or climbing stairs quickly—were linked to striking reductions in disease risk, especially for inflammatory conditions and brain health.",Health,https://www.sciencedaily.com/releases/2026/03/260330001126.htm
This Overlooked Hormone Could Be Why Your Blood Pressure Won’t Drop,"A large U.S. study reveals that more than a quarter of people with hard-to-treat high blood pressure may have an overlooked hormone problem. Elevated cortisol—often linked to stress—was found in 27% of these patients, far higher than expected. This hidden condition could explain why standard medications fail. The discovery could lead to new testing and treatments that finally help bring blood pressure under control.",Health,https://www.sciencedaily.com/releases/2026/03/260330001131.htm
Powerful Cholesterol Drug Cuts Heart Attack Risk by 31%,"A powerful cholesterol-lowering drug may be changing the rules of heart disease prevention. Researchers found that evolocumab, typically used for people who already have cardiovascular disease, can significantly cut the risk of first-time heart attacks and strokes in high-risk patients with diabetes—even before any artery-clogging plaque is detected.",Health,https://www.sciencedaily.com/releases/2026/03/260330001129.htm
Scientists Discover Why Flu and COVID Hit Older Adults So Hard,"A new study reveals that aging lungs may play a major role in why flu and COVID can become so dangerous for older adults. Researchers found that certain lung cells can trigger an exaggerated immune response, creating clusters of inflammatory cells that end up damaging lung tissue instead of protecting it. In experiments, activating this aging-related signal in young mice caused their lungs to behave like older ones, leading to severe illness.",Health,https://www.sciencedaily.com/releases/2026/04/260403002027.htm
Scientists Say BMI Gets It Wrong for Over One Third of Adults,"A new study suggests that one of the most widely used health metrics, BMI, may be getting it wrong for a large portion of the population. By comparing BMI classifications with precise body fat measurements using advanced DXA scans, researchers found that more than one-third of adults were placed in incorrect weight categories. Many people labeled as overweight or obese did not actually have the corresponding body fat levels, while others were missed entirely.",Health,https://www.sciencedaily.com/releases/2026/04/260402000229.htm
New Cholesterol Guidelines Could Change When You Get Tested,"A major new U.S. cholesterol guideline is shifting the focus toward earlier, more personalized prevention of heart disease. It urges people to start screening sooner—sometimes even in childhood—and highlights the importance of tracking not just LDL (“bad”) cholesterol but also genetic risk factors like lipoprotein(a). A new, more advanced risk calculator now uses broader health data to better predict heart attack and stroke risk over decades.",Health,https://www.sciencedaily.com/releases/2026/03/260328043554.htm
Graphene Kills Harmful Bacteria “superbugs” but Spares Human Cells,"Scientists have uncovered how graphene oxide pulls off a remarkable trick: it hunts down and destroys harmful bacteria while leaving human cells completely unharmed. By targeting a molecule found only in bacterial membranes, this ultra-thin carbon-based material acts with laser-like precision—offering a powerful new alternative to traditional antibiotics. Even more exciting, it works against drug-resistant “superbugs,” promotes faster wound healing, and keeps its antibacterial strength even after repeated washing.",Health,https://www.sciencedaily.com/releases/2026/04/260424233210.htm
Kratom Cases Are Exploding Across the U.S. and Doctors Are Alarmed,"A dramatic surge in kratom-related poison center calls is raising alarm among health experts, as new data shows cases have jumped more than 1,200% over the past decade. Alongside the spike, hospitalizations and deaths linked to the widely available drug have also climbed sharply, driven in part by stronger, unregulated products now sold across the U.S. While kratom has traditional uses for pain relief and mood support, modern formulations can carry serious risks, especially when mixed with other substances.",Health,https://www.sciencedaily.com/releases/2026/03/260330233401.htm
Scientists Say This Simple Habit May Help You Lose More Weight,"A new study suggests that simplifying your diet by eating the same meals and keeping your calorie intake consistent could help you lose more weight. Researchers found that people who followed predictable eating routines during a 12-week program lost more weight than those who constantly changed what they ate. By reducing daily food decisions, routines may make it easier to stick with healthy habits in a world full of tempting options.",Health,https://www.sciencedaily.com/releases/2026/03/260330233357.htm
Scientists Say the Evidence Is Clear: E-Cigarettes Beat Patches and Gum in Helping Smokers Quit,"Nicotine e-cigarettes may be one of the most effective tools yet for quitting smoking, according to a sweeping review of global research. By analyzing findings from 14 major reviews spanning nearly a decade, researchers found consistent, high-quality evidence showing that nicotine vapes outperform traditional methods like patches, gum, and even behavioral support. While some lower-quality studies produced mixed results, the strongest data clearly favored nicotine e-cigarettes.",Health,https://www.sciencedaily.com/releases/2026/03/260328043552.htm
This New Carbon Material Could Make Carbon Capture Far More Affordable,"Scientists have created a new kind of carbon material that could make carbon capture much cheaper and more efficient. By carefully controlling how nitrogen atoms are arranged, they found certain structures capture CO2 better and release it using far less heat. One version works at temperatures below 60 °C, meaning it could run on waste heat instead of costly energy. The discovery offers a powerful new blueprint for next-generation climate technology.",Health,https://www.sciencedaily.com/releases/2026/03/260328043549.htm
Common Blood Pressure Drug Could Make Cancer Therapy Far More Powerful,"Researchers found that the common blood pressure drug telmisartan can significantly improve the performance of the cancer drug olaparib, potentially expanding its benefits beyond patients with BRCA-related tumors. The combination is already being tested in human clinical trials after showing strong immune-boosting and anticancer effects in preclinical studies.",Health,https://www.sciencedaily.com/releases/2026/07/260709160648.htm
New Weight Loss Pill Beats Oral Ozempic in Major Trial,"A new once-daily weight-loss pill called orforglipron delivered better weight loss and blood sugar improvements for people with type 2 diabetes than the leading oral semaglutide in a major clinical trial. The tablet could offer a more convenient alternative to injectable drugs like Ozempic and Wegovy because it doesn&apos;t require refrigeration or special timing with meals. It&apos;s also cheaper to manufacture, which could expand access globally.",Health,https://www.sciencedaily.com/releases/2026/07/260707054111.htm
They Knew the Pill Was Fake but Their Memory Still Improved,"Healthy older adults experienced measurable improvements in memory, physical performance, and stress after taking placebo pills for just three weeks. The most surprising finding was that the placebo often worked even when participants knew the pills were completely inactive.",Health,https://www.sciencedaily.com/releases/2026/06/260625060159.htm
Stroke Triggers a Hidden Brain Change That Looks Like Rejuvenation,"After a stroke, the brain may do something surprisingly hopeful—it can “refresh” parts of itself. Researchers analyzing brain scans from over 500 stroke survivors found that while the damaged side of the brain appears to age faster, the opposite, unaffected side can actually look younger. This unexpected shift seems to reflect the brain’s effort to rewire itself, strengthening healthy regions to compensate for lost function.",Health,https://www.sciencedaily.com/releases/2026/03/260328043556.htm
Scientists Discover Why Your Appetite Suddenly Disappears When You’re Sick,"Scientists have uncovered how your body actually tells your brain to stop eating when you’re sick. In a new study, researchers found that specialized cells in the gut detect parasites and send signals that ultimately trigger the brain to suppress appetite. This process builds over time, explaining why you may feel fine at first but then suddenly lose interest in food as an infection takes hold.",Health,https://www.sciencedaily.com/releases/2026/03/260328024519.htm
Scientists Discover a Hidden System That Turns Brown Fat Into a Calorie Burner,"Scientists have identified a key biological system that helps brown fat burn energy by building the networks it needs to function. A protein called SLIT3 splits into two parts, with each piece guiding the growth of blood vessels and nerves inside brown fat. These structures allow the tissue to pull in nutrients and rapidly convert them into heat instead of storing them as fat.",Health,https://www.sciencedaily.com/releases/2026/03/260328024515.htm
One of the World’s Most Popular Weedkillers May Be Fueling Deadly Superbugs,"Researchers found that highly drug-resistant bacteria from hospitals are also resistant to glyphosate, a commonly used weedkiller. The discovery suggests that agricultural herbicides may be helping antibiotic-resistant microbes survive and spread far beyond healthcare settings.",Health,https://www.sciencedaily.com/releases/2026/06/260620100434.htm
Cancer’s Favorite Escape Trick May Actually Make It Easier to Kill,"Scientists have uncovered a surprising new way the immune system fights cancer, overturning a core belief that has guided immunology for decades. The research found that when cancer cells shut down a key immune-recognition molecule called MHC I—a common trick used to hide from “killer” T cells—they can actually become more vulnerable to attack by a different group of immune cells known as CD4+ “helper” T cells.",Health,https://www.sciencedaily.com/releases/2026/06/260603023911.htm
"Vivid Dreams May Be the Secret to Deeper, More Restful Sleep","Vivid dreams might be doing more than just entertaining your mind at night. Researchers found that immersive dreaming can actually make sleep feel deeper and more refreshing, even when brain activity is high. Surprisingly, people reported their deepest sleep after intense dream experiences, not just during quiet, inactive periods. This suggests dreams may play a key role in helping us feel truly rested.",Health,https://www.sciencedaily.com/releases/2026/03/260326011458.htm
Deepfake X-Rays Are So Real Even Doctors Can’t Tell the Difference,"Deepfake X-rays created by AI are now convincing enough to fool both doctors and AI models. In tests, radiologists had limited success identifying fake images, especially when they didn’t know they were being shown. This opens the door to risks like fraudulent medical claims and tampered diagnoses. Experts say stronger safeguards and detection tools are critical as the technology advances.",Health,https://www.sciencedaily.com/releases/2026/03/260326011452.htm
"Cold Weather Linked to 40,000 Extra Heart Deaths Each Year in the U.S.","When temperatures plunge, the risk to your heart rises dramatically. A large U.S. study shows cold weather is linked to far more cardiovascular deaths than heat, accounting for tens of thousands of extra deaths each year. Scientists found the safest temperature sits around 74°F, with danger increasing as conditions get colder—or hotter. As more people live with chronic illnesses, the threat from extreme cold may only intensify.",Health,https://www.sciencedaily.com/releases/2026/03/260325005910.htm
Scientists Just Discovered Bees and Hummingbirds Are Drinking Alcohol,"Flower nectar often contains small amounts of alcohol, meaning pollinators like hummingbirds are drinking it all day long. Despite consuming human-equivalent amounts, they show no signs of intoxication—suggesting a surprising evolutionary tolerance.",Health,https://www.sciencedaily.com/releases/2026/03/260325005908.htm
Mediterranean Diet May Activate Tiny Proteins That Protect the Heart and Brain,"The Mediterranean diet may influence aging through tiny proteins produced inside the cell’s mitochondria. Older adults who followed the diet most closely had higher levels of humanin and SHMOOSE, which have been linked to heart and brain protection. Olive oil, fish, legumes, and fewer refined carbohydrates appeared especially important. The findings could eventually help scientists develop more personalized nutrition plans for healthy aging.",Health,https://www.sciencedaily.com/releases/2026/07/260716023605.htm
A Hidden Weakness in Deadly Cancers Could Lead to Powerful New Treatments,"A UCLA study has identified a hidden Achilles&apos; heel in aggressive small cell cancers that have resisted new treatments for decades. Scientists found that tumors lacking the RB gene become critically dependent on the protein E2F3 for survival. Blocking E2F3 shut down tumor growth in laboratory models, and existing FDA-approved drugs may be able to exploit this vulnerability. The discovery could pave the way for faster development of more effective therapies.",Health,https://www.sciencedaily.com/releases/2026/06/260626030430.htm
Study Finds Dangerous Lead Levels in Children’s Clothing,"Fast fashion might come with a hidden danger: lead. Researchers testing children’s shirts from multiple retailers found every sample exceeded U.S. safety limits, raising concerns about toxic exposure—especially since young kids often chew on clothing. Brightly colored fabrics like red and yellow showed particularly high levels, likely due to chemicals used to fix dyes. Simulations suggest that even brief mouthing could expose children to unsafe amounts of lead, a substance known to harm brain development and behavior.",Health,https://www.sciencedaily.com/releases/2026/04/260402042737.htm
Why Your Brain May Be Sabotaging Your Balance as You Age,"Balance problems in aging and Parkinson’s may come from the body working too hard, not too little. Scientists found that the brain and muscles become overactive during even minor disturbances, yet this actually weakens balance recovery. At the same time, muscles can stiffen against each other, making movement less stable. This unexpected pattern could help predict who is more likely to fall.",Health,https://www.sciencedaily.com/releases/2026/03/260324230102.htm
Fathers Face Rising Depression Risk a Year After Baby Arrives,"New fathers appear to have fewer mental health diagnoses during pregnancy and the early months after birth. But that early stability does not last. About a year later, depression and stress-related disorders increase significantly, surprising researchers. The findings suggest that the emotional toll of fatherhood builds over time rather than hitting immediately.",Health,https://www.sciencedaily.com/releases/2026/03/260324230057.htm
A Drug Already in Trials May Finally Stop Hepatitis E,"Scientists have identified a potential new weapon against hepatitis E, a virus with no approved treatment and tens of thousands of deaths each year. The drug bemnifosbuvir, currently in trials for hepatitis C, was found to block the virus from replicating by disrupting its genetic machinery. Tests in cells and animals showed strong effectiveness without harming healthy tissue. If ongoing trials succeed, the drug could soon be repurposed for hepatitis E.",Health,https://www.sciencedaily.com/releases/2026/04/260405003949.htm
DNA Robots Could Deliver Drugs and Hunt Viruses Inside Your Body,"DNA robots are emerging as tiny programmable machines that could one day deliver drugs, hunt viruses, and build molecular-scale devices. By borrowing ideas from traditional robotics and combining them with DNA folding techniques, scientists are creating structures that can move and act with precision. These robots can be guided using chemical reactions or external signals like light and magnetic fields.",Health,https://www.sciencedaily.com/releases/2026/03/260331001104.htm
"AI-Designed “intrabodies” Could Unlock New Treatments for Alzheimer’s, Parkinson’s and MND","Researchers have developed a new way to turn ordinary antibodies into tiny disease-fighting molecules that can work inside human cells, potentially opening new paths for treating Alzheimer’s, Parkinson’s, Huntington’s disease, and motor neurone disease.",Health,https://www.sciencedaily.com/releases/2026/08/260819041242.htm
"Wine, Beer, or Spirits? Massive Study Finds a Surprising Health Divide","A study tracking more than 340,000 adults for over a decade found that heavy drinking increased the risk of death regardless of beverage type. At lower levels, however, the picture became more surprising: beer, cider, and spirits were linked to higher mortality, while wine was associated with lower risk. Moderate wine drinkers had a 21% lower risk of cardiovascular death compared with people who rarely or never drank.",Health,https://www.sciencedaily.com/releases/2026/08/260808235008.htm
AI Can Tell If Your Brain Is Aging Faster Than You Are,"A person’s sleeping brain may reveal warning signs of dementia long before memory problems begin. Researchers used machine learning to analyze EEG recordings from about 7,000 adults and found that an older-than-expected “brain age” was tied to a sharply higher dementia risk. Every additional 10 years of brain aging raised that risk by nearly 40%.",Health,https://www.sciencedaily.com/releases/2026/07/260729051540.htm
Scientists Just Debunked a Dangerous Baby Rattlesnake Myth,"A new study debunks the long-standing claim that baby rattlesnakes are more dangerous than adults. Researchers found that young rattlesnakes can control their venom just like adults, while adult snakes usually inject much more venom and cause more serious bites. The team also uncovered how the myth spread through decades of inaccurate news reports and misleading quotes from trusted sources.",Health,https://www.sciencedaily.com/releases/2026/07/260707054123.htm
Scientists Discover the One Nutrient Beneficial Parasites Can't Live Without,"A new study found that dietary fiber can determine whether beneficial intestinal worms help reduce inflammation or become essentially inactive. With plenty of fiber, the worms remained healthy and supported an anti-inflammatory response, while a low-fiber diet pushed them into a hibernation-like state that eliminated those benefits. Researchers also found that fiber-rich diets promoted healthier gut bacteria, whereas Western-style diets reduced microbial diversity and encouraged less desirable microbes.",Health,https://www.sciencedaily.com/releases/2026/07/260707054114.htm
This Popular Fermented Food May Help Flush Microplastics from the Body,"Scientists in South Korea have discovered that a probiotic bacterium found in kimchi may help the body flush out tiny plastic particles before they can build up in organs. In lab tests, the kimchi-derived microbe clung tightly to nanoplastics even under conditions designed to mimic the human intestine, where other bacteria quickly lost their grip.",Health,https://www.sciencedaily.com/releases/2026/05/260517211451.htm
Scientists Find a Way to Stop Dangerous Belly Fat as We Age,"Aging doesn’t just add fat—it redistributes it in risky ways, pushing more into the abdomen where it can harm health. Scientists found that testosterone plays a key role in this shift. In older women recovering from hip fractures, a testosterone gel combined with exercise helped prevent the usual rise in dangerous visceral fat. The result could point to a powerful new strategy for improving recovery and long-term health.",Health,https://www.sciencedaily.com/releases/2026/05/260506225235.htm
Why Drinking More Water Didn’t Prevent Kidney Stones,"Kidney stones are notoriously painful—and frustratingly common, with many people facing repeat episodes. A massive new study tested whether a high-tech hydration program—complete with smart water bottles, reminders, coaching, and even financial incentives—could help people drink enough water to stop stones from coming back.",Health,https://www.sciencedaily.com/releases/2026/04/260429102034.htm
Your DNA Has a Secret “second Code” That Decides Which Genes Get Silenced,"Not all parts of our genetic code are equal, even when they appear to say the same thing. Scientists have discovered that cells can detect less efficient genetic instructions and selectively silence them. A protein called DHX29 plays a key role in this process by identifying and suppressing weaker messages. This finding reveals a hidden layer of control in how genes are used.",Health,https://www.sciencedaily.com/releases/2026/04/260408225946.htm
Eating More Meat May Lower Alzheimer’s Risk for Some People,"A surprising new study suggests that genetics may change how diet affects brain health—especially when it comes to Alzheimer’s risk. Researchers found that older adults carrying high-risk APOE gene variants didn’t show the expected cognitive decline if they ate relatively high amounts of meat. In fact, those with these genes who consumed the most meat had slower cognitive decline and lower dementia risk, challenging conventional dietary advice.",Health,https://www.sciencedaily.com/releases/2026/04/260401071931.htm
Hidden Antibiotics in River Fish Spark New Food Safety Fears,"Antibiotics are accumulating in a major Brazilian river, especially during the dry season when pollution becomes more concentrated. Scientists even detected a banned drug inside fish sold for food, raising concerns about human exposure. A common aquatic plant showed promise in removing these chemicals from water—but it also altered how fish absorb them, creating unexpected risks.",Health,https://www.sciencedaily.com/releases/2026/03/260321012638.htm
"3,500-Year-Old Skeletons Challenge What Scientists Thought They Knew About Syphilis","Ancient remains from Vietnam suggest diseases like yaws may have been passed from mother to child thousands of years ago, a form of transmission often assumed to indicate syphilis. The discovery could overturn how scientists interpret ancient infections and complicate the long-running mystery of syphilis’s origins.",Health,https://www.sciencedaily.com/releases/2026/08/260811011143.htm
Scientists May Have Found What Really Triggers Alzheimer’s Disease,"Scientists may have uncovered a hidden trigger behind Alzheimer’s disease. Instead of plaques being the root cause, amyloid beta appears to interfere with tau, a protein that helps keep neurons functioning properly. This disruption could set off the damage that eventually leads to the disease’s most recognizable brain changes.",Health,https://www.sciencedaily.com/releases/2026/06/260617032209.htm
The Forgotten Organ That Could Predict How Long You Live,"A long-overlooked organ may hold surprising clues to healthy aging and cancer survival. Researchers at Mass General Brigham used AI to analyze CT scans from tens of thousands of adults and found that people with healthier thymuses—a small immune-system organ once thought to become largely irrelevant after childhood—lived longer and had substantially lower risks of heart disease, cancer, and death.",Health,https://www.sciencedaily.com/releases/2026/06/260601025352.htm
Weight Loss Drug Ozempic Linked to Lower Depression and Anxiety Risk,"GLP-1 drugs like semaglutide—best known for treating diabetes and driving weight loss under the brand names Ozempic and Wegovy—may also deliver a surprising mental health boost. In a massive study tracking nearly 100,000 people over more than a decade, researchers found that these medications were linked to significantly fewer psychiatric hospital visits and sick days.",Health,https://www.sciencedaily.com/releases/2026/05/260502233924.htm
A Gene Mutation May Trap the Brain in the Wrong Reality in Schizophrenia Patients,"A newly identified gene mutation may help explain why schizophrenia patients struggle to update their understanding of reality. The mutation disrupts a brain circuit involved in flexible decision-making, causing mice to stick with outdated choices even when conditions change. Researchers pinpointed the issue to a key thalamus–prefrontal cortex pathway. By reactivating this circuit, they were able to restore normal behavior—raising hope for future therapies.",Health,https://www.sciencedaily.com/releases/2026/04/260402042740.htm
Most Mass Spectrometers Handle a Few Molecules. This New Prototype Handles Billions,"A new prototype could supercharge mass spectrometry by analyzing thousands of molecules at once instead of one by one. The breakthrough boosts sensitivity enough to reveal rare, hidden molecules—potentially transforming fields like drug discovery and single-cell biology.",Health,https://www.sciencedaily.com/releases/2026/03/260325005916.htm
"Weight Loss Drug Ozempic Cuts Depression, Anxiety, and Addiction Risk","GLP-1 medications like semaglutide (Ozempic) may offer unexpected mental health benefits alongside weight loss. A large study found major drops in depression, anxiety, and psychiatric-related hospital visits among users. Even substance use disorders were significantly lower during treatment. Researchers suspect both lifestyle improvements and direct brain effects could be at play.",Health,https://www.sciencedaily.com/releases/2026/03/260322020250.htm
A Hidden Gene Finally Explains This Rare Neurological Disorder,"Scientists have uncovered a surprising new genetic cause of a rare movement disorder after analyzing nearly 3,000 patients with conditions affecting coordination and muscle control. The team identified mutations in a gene called CD99L2, previously linked only to the immune system, and showed that it plays an essential role in keeping nerve-cell communication running smoothly.",Health,https://www.sciencedaily.com/releases/2026/06/260612032046.htm
Popular Anti-Aging Drug Combo Caused Severe Brain Damage in Mice,"A drug combo widely explored for anti-aging may actually damage the brain, according to new mouse research showing severe loss of myelin and changes linked to “chemo brain.” Surprisingly, the damaged cells resembled those seen in multiple sclerosis, giving scientists a new lead in understanding—and potentially repairing—the disease.",Health,https://www.sciencedaily.com/releases/2026/05/260526022024.htm
Scientists Discover Why Cancer Drugs Don’t Work for Everyone,"Scientists have uncovered a hidden reason why cancer treatments don’t work equally well for everyone. Certain drugs can become trapped inside lysosomes within tumor cells, forming slow-release reservoirs that create uneven drug distribution. This means some cancer cells are heavily exposed while others are barely affected. Understanding this process could help doctors better tailor treatments and improve outcomes.",Health,https://www.sciencedaily.com/releases/2026/03/260326075550.htm
Scientists Turn Probiotic Bacteria Into Tumor-Hunting Cancer Killers,"Scientists have engineered probiotic bacteria to act as tumor-seeking drug factories. In mice, these bacteria infiltrated tumors and produced a cancer-fighting drug right where it was needed. This targeted approach could make treatments more effective and reduce side effects. More research is needed before it can be tested in people.",Health,https://www.sciencedaily.com/releases/2026/03/260321004445.htm
These “forever Chemicals” Could Be Weakening Kids’ Bones for Life,"“Forever chemicals” may be affecting kids in ways that last a lifetime. A new study links early PFAS exposure to lower bone density during the teen years, especially in girls. Researchers also found that when exposure happens may play a key role. Reducing exposure during childhood could help protect long-term bone health.",Health,https://www.sciencedaily.com/releases/2026/03/260321004440.htm
Ultra-Processed Foods Linked to 67% Higher Risk of Heart Attack and Stroke,"Eating large amounts of ultra-processed foods like chips, frozen meals, sugary drinks, and packaged snacks may significantly raise the risk of serious heart problems. In a major U.S. study, people consuming around nine servings per day had a 67% higher risk of heart attacks, strokes, or death from heart disease compared to those eating about one serving. The risk didn’t just jump at high levels either. Each additional daily serving increased the likelihood of these events by more than 5%, even after accounting for calories, overall diet quality, and common health conditions.",Health,https://www.sciencedaily.com/releases/2026/03/260319074604.htm
Belly Fat Linked to Heart Failure Risk Even in People With Normal Weight,"Carrying extra fat around the waist may be more dangerous than the number on the scale suggests. Researchers found that belly fat was more strongly linked to heart failure risk than BMI, even in people with normal weight. Inflammation seems to play a key role, helping explain why this type of fat is especially harmful. Measuring waist size could offer a simple way to detect hidden risk earlier.",Health,https://www.sciencedaily.com/releases/2026/03/260319074558.htm
This Common Vaccine Cuts Heart Risk Nearly in Half in New Study,"A shingles vaccine might double as a powerful heart protector. In people already at high risk, it cut major cardiac events by 46% and deaths by an impressive 66% within a year. Scientists think preventing shingles may also stop clot-related complications that can lead to heart attacks and strokes. The effect is so strong, it rivals the benefits of quitting smoking.",Health,https://www.sciencedaily.com/releases/2026/03/260319044659.htm
What Scientists Found Inside Coral Reefs Could Change the Future of Medicine,"Beneath the beauty of coral reefs lies a hidden universe of microbes unlike anything scientists expected. Each coral species supports its own specialized microbial partners, many of which have never been studied before. These microbes produce a stunning variety of chemical compounds with potential uses in medicine and biotech. The discovery highlights just how much is at stake as coral reefs face growing threats.",Health,https://www.sciencedaily.com/releases/2026/05/260506225229.htm
The Best Strength Training Plan Might Be Simpler Than You Think,"New strength training guidelines emphasize that doing any resistance training is what truly matters. Based on decades of research, experts say even simple routines can increase muscle, strength, and physical function. The key is not perfection but consistency. In fact, the best workout plan is the one you can maintain long term.",Health,https://www.sciencedaily.com/releases/2026/03/260319074552.htm
"Huge Study Finds No Evidence Cannabis Helps Anxiety, Depression, or PTSD","The largest review of medicinal cannabis to date found it doesn’t effectively treat anxiety, depression, or PTSD—despite millions using it for those reasons. Researchers warn it could even make mental health worse, raising risks like psychosis and addiction while delaying proven treatments. Some limited benefits were seen for conditions like insomnia and autism, but the evidence is weak. The findings are fueling calls for stricter oversight as cannabis use continues to rise.",Health,https://www.sciencedaily.com/releases/2026/03/260319044656.htm
Scientists Link Childhood Stress to Lifelong Digestive Issues,"Early life stress may set the stage for long-term digestive problems by disrupting the gut-brain connection. Studies in both mice and thousands of children found links to symptoms like pain, constipation, and IBS. Scientists discovered that different biological pathways control different gut issues, hinting at more personalized treatments in the future. The research also highlights how a child’s early environment can have lasting physical effects—not just emotional ones.",Health,https://www.sciencedaily.com/releases/2026/03/260317064444.htm
ADHD Brains Show Sleep-Like Activity Even While Awake,"Researchers have identified a surprising brain pattern that may help explain why people with ADHD often struggle to stay focused. Even while awake, their brains can slip into brief episodes of “sleep-like” activity during demanding tasks. These moments are linked to more mistakes, slower reaction times, and lapses in attention.",Health,https://www.sciencedaily.com/releases/2026/03/260317015928.htm
Scientists Discover Vitamin B2 May Help Cancer Cells Survive,"Scientists have uncovered a surprising dark side to vitamin B2: it may help cancer cells stay alive. The vitamin supports a cellular shield that protects tumors from ferroptosis, a form of programmed cell death linked to cancer suppression. In lab tests, researchers used a vitamin B2-like compound called roseoflavin to break down that protection and trigger cancer cell death.",Health,https://www.sciencedaily.com/releases/2026/05/260515002158.htm
Scientists Discover Gene That Helps the Brain Repair Itself,A surprising discovery from high-altitude animals like yaks and Tibetan antelopes could reshape how we treat nerve damage in humans. Scientists found that a genetic mutation helping these animals survive low-oxygen environments also protects and repairs the myelin sheath—the vital coating around nerve fibers that’s damaged in diseases like multiple sclerosis (MS) and cerebral paralysis.,Health,https://www.sciencedaily.com/releases/2026/04/260415043630.htm
A Daily Fiber Supplement Reduced Knee Arthritis Pain and Improved Strength,A prebiotic fiber supplement reduced knee osteoarthritis pain while also improving grip strength and pain sensitivity in a six-week trial. The results hint at a fascinating gut-muscle-pain connection and suggest that a simple daily supplement may be easier to maintain than digital physiotherapy.,Health,https://www.sciencedaily.com/releases/2026/07/260724061448.htm
What You Do in Midlife Could Reveal How Long You’ll Live,"By closely monitoring fish throughout their lives, researchers found that simple behaviors in midlife—like movement and sleep—can predict lifespan. Fish that stayed active and slept mostly at night tended to live longer, while those slowing down earlier lived shorter lives. Surprisingly, aging didn’t unfold smoothly but in sudden jumps between stages. The work suggests that tracking daily habits in humans could reveal early clues about how we age.",Health,https://www.sciencedaily.com/releases/2026/03/260325005914.htm
What Happens After Ozempic Shocked Researchers,"Stopping popular weight-loss injections like Ozempic or Mounjaro might not trigger the dramatic rebound many fear. A large real-world study of nearly 8,000 patients found that most people who discontinue these drugs manage to keep the weight off—or even continue losing—by restarting treatment, switching medications, or adopting lifestyle changes. While earlier clinical trials suggested rapid weight regain, this new evidence paints a more hopeful picture.",Health,https://www.sciencedaily.com/releases/2026/03/260319044648.htm
Scientists Tested Vitamin D for COVID and Found an Unexpected Long COVID Clue,"A major clinical trial has delivered an unexpected twist in the search for ways to fight COVID-19 and its lingering effects. Researchers at Mass General Brigham found that taking high doses of vitamin D3 did not make COVID-19 infections less severe or reduce hospital visits. However, the study uncovered a subtle but intriguing signal suggesting that people who consistently took vitamin D supplements might be slightly less likely to develop long COVID symptoms weeks after infection.",Health,https://www.sciencedaily.com/releases/2026/03/260315001845.htm
Fathers’ Tobacco Use Linked to Metabolic Changes in Their Children,"A new study in mice suggests that a father’s nicotine exposure could influence the metabolic health of his children. Researchers found that when male mice consumed nicotine, their offspring showed changes in how their bodies handled sugar, including differences in insulin and glucose levels and altered liver function. These shifts may be linked to a higher risk of diabetes and related metabolic diseases.",Health,https://www.sciencedaily.com/releases/2026/03/260315001844.htm
A Lab Mistake at Cambridge Reveals a Powerful New Way to Modify Drug Molecules,"Cambridge scientists have discovered a light-powered chemical reaction that lets researchers modify complex drug molecules at the final stages of development. Unlike traditional methods that rely on toxic chemicals and harsh conditions, the new approach uses an LED lamp to create essential carbon–carbon bonds under mild conditions. This could make drug discovery faster and more environmentally friendly. The breakthrough was uncovered unexpectedly during a failed laboratory experiment.",Health,https://www.sciencedaily.com/releases/2026/03/260313062539.htm
This Simple 3-Amino Acid Trick Boosts mRNA Therapy 20-Fold,"A trio of common amino acids may hold the key to unlocking far more powerful gene therapies. Researchers found that adding them to lipid nanoparticles can boost mRNA delivery up to 20-fold and push CRISPR editing efficiency close to 90%. The trick isn’t changing the drug—but helping cells take it in more easily. In early tests, the approach dramatically improved survival and treatment outcomes, pointing to a simple but game-changing upgrade for future medicine.",Health,https://www.sciencedaily.com/releases/2026/04/260420014742.htm
This Viagra Ingredient Just Did Something Remarkable for a Deadly Childhood Disease,"A surprising breakthrough suggests that a drug best known as Viagra could help treat a devastating childhood disease. Researchers found that sildenafil significantly improved symptoms in patients with Leigh syndrome—a rare and often fatal disorder that affects the brain and muscles. In a small study, patients showed stronger muscles, fewer seizures, and better recovery from dangerous metabolic crises, with some experiencing dramatic improvements in mobility and daily life.",Health,https://www.sciencedaily.com/releases/2026/03/260331001107.htm
DNA Origami Vaccines Could Be the Next Leap Beyond mRNA,"mRNA vaccines saved millions of lives during COVID-19 but have limitations like waning immunity and complex production. Scientists are now testing a new platform called DoriVac, which uses folded DNA nanostructures to better control how the immune system responds. In early studies, it produced strong antibody and T cell responses in both mice and human models. Researchers say it could lead to more stable, easier-to-manufacture vaccines for diseases like COVID-19, HIV, and Ebola.",Health,https://www.sciencedaily.com/releases/2026/03/260317015933.htm
Severe COVID or Flu May Raise Lung Cancer Risk Years Later,"A severe case of COVID-19 or influenza could increase the risk of lung cancer later on, according to new research. Scientists discovered that serious viral infections can alter immune cells in the lungs, leaving behind chronic inflammation that may help tumors develop months or years later. The increased risk was seen mainly after severe infections that required hospitalization. Vaccination, however, appears to prevent the dangerous lung changes.",Health,https://www.sciencedaily.com/releases/2026/03/260313055130.htm
This Gut Microbe May Help Keep You Strong as You Age,"Scientists have linked a specific gut bacterium, Roseburia inulinivorans, to stronger muscles in both humans and mice. Older adults who carried it had 29% greater handgrip strength, while treated mice gained about 30% more grip strength and developed larger, more fast-twitch muscle fibers. The bacterium was also less common in older people. Researchers say it could eventually become a probiotic candidate for helping combat age-related muscle loss.",Health,https://www.sciencedaily.com/releases/2026/08/260820202904.htm
Wegovy Linked to Rare “eye Stroke” That Can Cause Sudden Blindness,"A new analysis is raising concerns about Wegovy, the blockbuster weight-loss drug, after researchers found it may carry the highest risk of a rare “eye stroke” that can cause sudden vision loss. The study, based on millions of FDA side-effect reports, found the risk signal was nearly five times stronger for Wegovy than for Ozempic, despite both containing semaglutide.",Health,https://www.sciencedaily.com/releases/2026/05/260522023134.htm
Depression May Start With an Energy Problem in Brain Cells,Researchers have discovered a surprising change in how cells produce energy in people with depression. Brain and blood cells in young adults with major depressive disorder produced more energy molecules at rest but had trouble increasing energy production when needed. Scientists believe this imbalance may contribute to symptoms such as fatigue and low motivation. The finding could help pave the way for earlier diagnosis and more personalized treatments.,Health,https://www.sciencedaily.com/releases/2026/03/260312020107.htm
Cannabis Study Finds THC Can Create False Memories,"THC doesn’t just blur memories—it can create new ones that never happened. In a controlled experiment, cannabis users were much more likely to recall words that were never shown and struggled with tasks like remembering to do something later. Researchers found that THC disrupted many different memory systems at once. Surprisingly, moderate doses caused memory problems similar to higher doses.",Health,https://www.sciencedaily.com/releases/2026/03/260311004711.htm
Scientists Say a Daily Multivitamin May Help Slow Aging,"A daily multivitamin may help slow biological aging, according to researchers studying older adults in a large clinical trial. After two years, participants taking multivitamins showed slower aging in several DNA-based “epigenetic clocks,” with the effect equal to about four months less biological aging. People who started out biologically older than their actual age appeared to benefit the most. The findings hint that a simple supplement could play a role in healthier aging.",Health,https://www.sciencedaily.com/releases/2026/05/260512202345.htm
A Surprising Blood Protein Pattern May Reveal Alzheimer’s,"A new study suggests Alzheimer’s disease may be detectable through subtle shape changes in proteins found in the blood. Researchers discovered that structural differences in three blood proteins closely track the progression of the disease. By analyzing these changes in more than 500 people, the team was able to distinguish healthy individuals from those with mild cognitive impairment or Alzheimer’s with impressive accuracy. The approach could help move diagnosis and treatment to earlier stages.",Health,https://www.sciencedaily.com/releases/2026/03/260312020104.htm
Cannabis Use Linked to 37% Higher Stroke Risk in Massive Study,"A massive analysis involving more than 100 million people has found strong links between recreational drug use and stroke, including among younger adults. Cocaine was associated with nearly double the risk of stroke, amphetamines with more than double the risk, and cannabis with a 37% increase.",Health,https://www.sciencedaily.com/releases/2026/08/260822015215.htm
Tubulin Prevents Toxic Brain Protein Clumps Linked to Alzheimer’s and Parkinson’s,"Scientists at Baylor College of Medicine may have uncovered a promising new way to combat Alzheimer’s and Parkinson’s disease. Instead of trying to stop Tau and alpha-synuclein proteins from gathering into tiny droplets inside brain cells, the researchers found that tubulin—the protein that builds the cell’s internal transport network—can redirect these proteins away from forming toxic clumps and toward healthy, productive work.",Health,https://www.sciencedaily.com/releases/2026/06/260620100432.htm
New Drug Protects Liver After Intestinal Surgery and Boosts Nutrient Absorption,"A risky but often lifesaving surgery that removes damaged parts of the small intestine can leave patients facing a new threat: serious liver damage with no available treatment. Now, scientists have developed a promising compound that works directly in the gut to shield the liver and improve how the body absorbs nutrients. In mouse studies, the drug boosted weight gain, reduced harmful liver scarring, and avoided side effects by staying confined to the intestines.",Health,https://www.sciencedaily.com/releases/2026/03/260318033134.htm
Hidden Metabolism Found Operating Inside the Cell Nucleus,"Researchers have found hundreds of metabolic enzymes attached to human DNA inside the cell nucleus. Different tissues and cancers show unique patterns of these enzymes, forming a “nuclear metabolic fingerprint.” Some of the enzymes gather around damaged DNA to assist with repair. The discovery reveals an unexpected link between metabolism and gene regulation that could influence how cancers grow and respond to treatment.",Health,https://www.sciencedaily.com/releases/2026/03/260309183010.htm
Brain Scans Reveal How Ketamine Quickly Lifts Severe Depression,A new brain-imaging study has revealed how ketamine produces its fast antidepressant effects in people with treatment-resistant depression. Researchers tracked changes in a critical brain receptor that helps neurons communicate and found that ketamine reshapes its activity in specific brain regions tied to mood and reward. These shifts strongly matched improvements in patients’ symptoms. The findings could help scientists develop better ways to predict who will benefit from ketamine therapy.,Health,https://www.sciencedaily.com/releases/2026/03/260307213234.htm
A New “magic Mushroom” Drug Could Treat Depression Without Psychedelic Hallucinations,Scientists are exploring a new way to harness the medical promise of psychedelic compounds without the mind-bending side effects. Researchers created modified versions of psilocin — the active form of psilocybin from “magic mushrooms” — that still target key serotonin pathways linked to depression and other brain disorders but appear to cause far fewer psychedelic-like effects.,Health,https://www.sciencedaily.com/releases/2026/03/260307213232.htm
"Parents’ Stress May Be Quietly Driving Childhood Obesity, Yale Study Finds","A Yale study found that lowering parent stress can help protect young children from obesity. When parents practiced mindfulness and stress-management skills, their kids showed healthier eating patterns and avoided the weight gain seen in families that only focused on diet and exercise.",Health,https://www.sciencedaily.com/releases/2026/03/260307213228.htm
Yale Study Finds Nearly Half of Older Adults Improved With Age,"A long-term Yale study is challenging one of the biggest myths about aging. Nearly half of adults over 65 improved physically, mentally, or both over time, despite the common belief that aging means constant decline. Researchers found that people with more positive attitudes about getting older were significantly more likely to show these gains.",Health,https://www.sciencedaily.com/releases/2026/06/260620100428.htm
Scientists Turn Brain Cells Into Alzheimer’s Plaque Cleaners,"Scientists have developed a promising new approach to treating Alzheimer’s disease by turning ordinary brain cells into powerful plaque-clearing machines. Instead of requiring frequent antibody infusions like current therapies, the experimental treatment uses genetically engineered astrocytes — abundant support cells in the brain — that are equipped with a CAR “homing device” similar to those used in cancer immunotherapy.",Health,https://www.sciencedaily.com/releases/2026/03/260311004720.htm
Scientists Discover Hidden Brain Cells That May Stop Alzheimer’s Tau Buildup,"Scientists have uncovered a surprising new role for little-known brain cells called tanycytes that may influence the development of Alzheimer’s disease. These specialized cells appear to help remove toxic tau protein from the brain by transporting it from the cerebrospinal fluid into the bloodstream. When tanycytes become damaged or dysfunctional, tau can accumulate in the brain, a hallmark of Alzheimer’s.",Health,https://www.sciencedaily.com/releases/2026/03/260307155945.htm
"Cannabis Compounds CBD and CBG May Help Reverse Fatty Liver Disease, Study Finds","CBD and CBG, two non-intoxicating cannabis compounds, may help combat fatty liver disease by boosting liver energy reserves and restoring cellular cleanup systems. In the study, both compounds improved blood sugar control and reduced harmful lipids linked to fatty liver disease. Researchers say the findings point to a promising new plant-based approach to treating metabolic liver disorders.",Health,https://www.sciencedaily.com/releases/2026/03/260306145616.htm
Scientists Detect a Surprising Shift in Human Blood as Atmospheric CO2 Rises,"Rising carbon dioxide in the atmosphere may be leaving a measurable imprint inside the human body. Researchers analyzing more than two decades of U.S. health data found that blood bicarbonate levels have climbed about 7% since 1999, while calcium and phosphorus have declined—changes that closely track increasing atmospheric CO2.",Health,https://www.sciencedaily.com/releases/2026/08/260814235845.htm
New Microwave Frying Method Could Make French Fries Much Healthier,"A new cooking method could make French fries crispier in less time while significantly limiting how much oil they absorb. Researchers propose combining microwave heating, which keeps oil out, with conventional frying, which provides the crunch consumers expect.",Health,https://www.sciencedaily.com/releases/2026/07/260729044048.htm
Popular GLP-1 Weight-Loss Drugs Linked to Lower Risks of Addiction and Overdose,"A massive study of more than 600,000 U.S. veterans suggests that popular GLP-1 drugs such as semaglutide may do far more than help with diabetes and weight loss—they could also fight addiction itself. Researchers found that people taking these medications were less likely to develop substance use disorders involving alcohol, nicotine, cannabis, cocaine, opioids, and other drugs, while those already struggling with addiction experienced fewer overdoses, hospitalizations, emergency visits, and drug-related deaths.",Health,https://www.sciencedaily.com/releases/2026/06/260603023919.htm
New Microwave Frying Technique Could Make French Fries Much Healthier,"Scientists have discovered a way to make French fries less greasy without ruining their taste. By combining regular frying with microwave heating, they reduce the amount of oil absorbed during cooking. The key lies in pressure inside the food—microwaves help push oil out instead of letting it seep in. The result: faster cooking, lower fat, and fries that can still stay crispy.",Health,https://www.sciencedaily.com/releases/2026/04/260402042803.htm
Scientists Discover a Brain Signal That May Trigger Autism’s Domino Effect,"Researchers have uncovered a surprising molecular chain reaction in the brain that may play a role in some forms of autism. The study suggests that nitric oxide, a tiny signaling molecule normally involved in fine-tuning communication between brain cells, can sometimes trigger a cascade of changes inside neurons. When nitric oxide activity rises, it can alter a protective protein called TSC2, weakening an important cellular brake and allowing the mTOR pathway, which controls growth and protein production, to become overactive.",Health,https://www.sciencedaily.com/releases/2026/03/260307155943.htm
Boosting a Key Brain Protein Could Help Treat Rett Syndrome,"Researchers have discovered a new way to increase a key brain protein damaged in Rett syndrome, a rare genetic disorder that affects thousands of children worldwide. Early studies in mice and patient-derived cells show the approach can restore normal brain cell function, raising hopes for future therapies.",Health,https://www.sciencedaily.com/releases/2026/03/260306145621.htm
Scientists Discover the Brain Protein That Drives Cocaine Relapse,"Cocaine addiction isn’t simply a failure of willpower — it’s the result of lasting biological changes in the brain. Researchers at Michigan State University discovered that repeated cocaine use rewires communication between the brain’s reward system and the hippocampus, the region responsible for memory. A protein called DeltaFosB builds up with continued drug use and acts like a genetic switch, altering how neurons function and strengthening the brain’s drive to seek cocaine.",Health,https://www.sciencedaily.com/releases/2026/03/260305223211.htm
AI Blood Test Finds Silent Liver Disease Years Before Symptoms,"Researchers created an AI-driven liquid biopsy that scans patterns in fragments of DNA circulating in the blood. The system detected early liver fibrosis and cirrhosis—conditions that often go unnoticed until serious damage occurs. By analyzing genome-wide DNA fragmentation patterns rather than specific mutations, the approach captures hidden signals about a person’s overall health. Early detection could help doctors treat liver disease sooner and potentially prevent cancer.",Health,https://www.sciencedaily.com/releases/2026/03/260305223204.htm
New Drug Cuts Seizures by Up to 91% in Children With Rare Epilepsy,"A new experimental drug is showing remarkable promise for children with Dravet syndrome, a severe genetic form of epilepsy. In clinical trials, the treatment zorevunersen cut seizures by as much as 91% while also improving quality of life for many patients. The therapy works by boosting the function of a key gene involved in nerve cell signaling. Encouraging results have led researchers to launch a larger Phase 3 trial.",Health,https://www.sciencedaily.com/releases/2026/03/260304184215.htm
MIT Scientists Develop Injectable “mini Livers” That Work Inside the Body,"MIT engineers have developed injectable “mini livers” designed to help support people whose failing livers can no longer perform essential jobs. Instead of replacing the damaged organ, the approach injects liver cells together with tiny hydrogel spheres and supportive cells, creating a pocket of functioning tissue that can connect to the bloodstream.",Health,https://www.sciencedaily.com/releases/2026/09/260903064249.htm
Colorectal Cancer Warning Signs Younger Adults Should Never Ignore,"Colorectal cancer is now the leading cause of cancer death among people under 50, and cases in younger adults continue to rise. Warning signs can include persistent bowel changes, recurring rectal bleeding, dark or narrow stools, unexplained weight loss, and fatigue. These symptoms often have harmless causes, but they should not be dismissed, especially when they are new or ongoing. Early detection can greatly improve treatment outcomes.",Health,https://www.sciencedaily.com/releases/2026/07/260721000839.htm
Ozempic-Like Weight Loss Drugs May Help the Heart Recover After a Heart Attack,"Popular weight-loss drugs such as Ozempic, Wegovy, and Mounjaro may do more than help people shed pounds. New research suggests these GLP-1 medications could also help protect the heart after a heart attack by restoring blood flow in tiny blood vessels that often remain blocked even after doctors reopen a major artery.",Health,https://www.sciencedaily.com/releases/2026/03/260304184223.htm
Laser Printed Hydrogel Implant Could Transform Bone Repair,"When a bone break is too severe to heal on its own, surgeons often rely on grafts or rigid metal implants — but both come with serious drawbacks. Now, researchers at ETH Zurich have created a jelly-like hydrogel that mimics the body’s natural healing process, offering a potentially game-changing alternative. Made of 97% water, this soft material can be laser-printed into intricate bone-like structures at record-breaking speeds, down to details thinner than a human hair.",Health,https://www.sciencedaily.com/releases/2026/03/260303050626.htm
Scientists Find the Genetic Switch That Makes Pancreatic Cancer Resist Chemotherapy,"Scientists have identified a crucial molecular switch that decides whether pancreatic cancer cells resist chemotherapy or respond to it. The key player, a gene called GATA6, keeps tumours in a more structured and treatable form—but it gets shut down by an overactive KRAS-driven pathway. When researchers blocked that pathway, GATA6 levels rebounded and cancer cells became more sensitive to chemo. The discovery could help turn some of the toughest pancreatic tumours into ones doctors can better control.",Health,https://www.sciencedaily.com/releases/2026/03/260303050624.htm
The Biggest Collagen Study Yet Reveals What Actually Works,"A major review of nearly 8,000 participants found that collagen supplements can improve skin health and ease osteoarthritis symptoms, especially when taken consistently over longer periods. Researchers also found modest benefits for muscle and tendon health. But the results challenge claims that collagen enhances sports performance, as it showed little effect on recovery or post-workout soreness.",Health,https://www.sciencedaily.com/releases/2026/06/260604044302.htm
Scientists Say We’ve Been Treating Alzheimer’s All Wrong,"Alzheimer’s isn’t just one problem—it’s a tangled mix of biology, aging, and overall health. That’s why drugs targeting a single factor have fallen short, even as new treatments show modest benefits. Scientists are now pushing toward multi-pronged strategies, from gene editing to brain-cell rejuvenation and gut health interventions. The goal: stop treating Alzheimer’s as one disease and start tackling it as a complex system.",Health,https://www.sciencedaily.com/releases/2026/04/260409101111.htm
A Simple Hand Photo May Be the Key to Detecting a Serious Disease,"Researchers at Kobe University have developed an AI system that can detect acromegaly, a rare hormone disorder, by analyzing photos of the back of the hand and a clenched fist. The disease often develops slowly and can take years to diagnose, even though untreated cases may shorten life expectancy.",Health,https://www.sciencedaily.com/releases/2026/03/260303201807.htm
Teens Sleep Longer and Perform Better When School Starts Later,"Teenagers naturally fall asleep later, which makes early school start times a recipe for chronic sleep deprivation. Researchers studying a Swiss high school that introduced flexible start times found that students overwhelmingly chose to begin later—and ended up sleeping about 45 minutes longer each school night. The extra rest led to fewer sleep problems, better well-being, and improved academic performance.",Health,https://www.sciencedaily.com/releases/2026/03/260311004725.htm
Scientists Discover the Protein That Malaria Parasites Can’t Live Without,"Scientists have uncovered a crucial weakness in the malaria parasite that could open the door to new treatments. Researchers identified a protein called Aurora-related kinase 1 (ARK1) that acts like a traffic controller during the parasite’s unusual cell division process, ensuring its genetic material is properly separated as it multiplies. When scientists switched off ARK1 in laboratory experiments, the parasite could no longer replicate correctly and failed to complete its life cycle in both humans and mosquitoes—effectively halting its ability to spread.",Health,https://www.sciencedaily.com/releases/2026/03/260304184221.htm
Scientists Discover the Genetic Switch That Keeps Your Organs Healthy,"Scientists have uncovered a powerful genetic switch that helps some of the body’s most important immune cells grow up properly and keep our organs healthy. The switch, called MafB, guides immature precursor cells as they develop into macrophages, the body’s clean-up and repair crew that removes pathogens, clears debris, recycles iron, and supports tissue function. When MafB is missing, these cells remain stuck in an underdeveloped state and cannot fully carry out their protective roles.",Health,https://www.sciencedaily.com/releases/2026/03/260301190359.htm
How the Body Really Ages: 7 Million Cells Mapped Across 21 Organs,"Scientists have built a massive cellular atlas showing how aging reshapes the body across 21 organs. Studying nearly 7 million cells, they found that aging starts earlier than expected and unfolds in a coordinated way throughout the body. About a quarter of cell types change in number over time, and many of these shifts differ between males and females. The research also highlights shared genetic “hotspots” that could become targets for anti-aging therapies.",Health,https://www.sciencedaily.com/releases/2026/02/260228082717.htm
PFAS Found in Most Americans Linked to Rapid Biological Aging,"“Forever chemicals” known as PFAS have quietly infiltrated everything from nonstick pans to food packaging—and now new research suggests some of them may be speeding up the aging process itself. In a nationally representative U.S. study, two lesser-known PFAS compounds, PFNA and PFOSA, were found in 95% of participants and strongly linked to faster biological aging in men aged 50 to 64.",Health,https://www.sciencedaily.com/releases/2026/02/260226042449.htm
World's Largest Opioid Review Finds They Often Don't Work,"The largest review ever conducted on opioids for acute pain found that these widely prescribed drugs often deliver only small, short-lived benefits. For many common conditions, including some surgeries and kidney stone pain, opioids performed no better than a placebo. Researchers also found higher rates of side effects and warned that dependence can begin after only a short period of use.",Health,https://www.sciencedaily.com/releases/2026/06/260608040023.htm
This Missing Vitamin Could Stop Cancer Cells in Their Tracks,"Cancer cells are known for their “glutamine addiction,” but many can escape this weakness by switching to alternative fuels. Researchers found that vitamin B7 acts like a metabolic “license,” enabling this escape route through a key enzyme. Without biotin, cancer cells lose that flexibility and stop growing. Mutations in a cancer-linked gene can make this vulnerability even stronger, offering a promising new target for therapy.",Health,https://www.sciencedaily.com/releases/2026/04/260420014744.htm
Scientists Found a Surprising Way to Make Exercise Work Better,"Exercise normally boosts the body’s ability to use oxygen, a key marker of health and longevity — but high blood sugar can block that benefit. Researchers found that a ketogenic diet helped mice normalize blood sugar and dramatically improved how their muscles responded to exercise. Their muscles became better at using oxygen and built more endurance fibers. The results suggest diet and exercise may work together in surprising ways to improve metabolic health.",Health,https://www.sciencedaily.com/releases/2026/03/260308201620.htm
Millions Take Aspirin to Prevent Colon Cancer. A Major Review Says Don’t Count on It,"Daily aspirin does not reliably prevent bowel cancer in people at average risk, according to a major new review. Any potential protective effect may take more than a decade to appear — if it appears at all — and the evidence for that benefit is weak. In contrast, the risk of serious bleeding begins right away, even with low-dose aspirin. Experts warn that prevention decisions should be individualized, not automatic.",Health,https://www.sciencedaily.com/releases/2026/03/260303145733.htm
Scientists Discover a Bacterial Kill Switch and It Could Change the Fight Against Superbugs,"Drug-resistant bacteria are becoming harder to treat, pushing scientists to look for new antibiotic targets. Researchers have now discovered that several unrelated viruses disable a key bacterial protein called MurJ, which is essential for building the bacterial cell wall. High-resolution imaging shows these viral proteins lock MurJ into a single position, stopping cell wall construction and leading to bacterial death.",Health,https://www.sciencedaily.com/releases/2026/02/260228082723.htm
Iron Outperforms Rare Metals in Stunning Chemistry Advance,"Researchers at Nagoya University have created a more efficient iron-based photocatalyst that could reduce the need for rare and expensive metals in advanced chemistry. Unlike earlier designs, the new catalyst uses far fewer costly chiral ligands while still precisely controlling the three dimensional structure of molecules.",Health,https://www.sciencedaily.com/releases/2026/02/260227061821.htm
American Heart Association Warns 60% of US Women Will Have Cardiovascular Disease by 2050,"Heart disease is on track to tighten its grip on American women. New projections from the American Heart Association warn that over the next 25 years, cardiovascular disease will rise sharply, driven largely by a surge in high blood pressure, diabetes, and obesity. By 2050, nearly 60% of women in the U.S. could have high blood pressure, and close to one in three women ages 22 to 44 may already be living with some form of heart disease.",Health,https://www.sciencedaily.com/releases/2026/02/260227061818.htm
Hidden Architecture Inside Cellular Droplets Opens New Targets for Cancer and ALS,"Biomolecular condensates were long believed to be simple liquid blobs inside cells. Researchers have now uncovered that some are actually supported by fine protein filaments forming an internal scaffold. When this structure is disrupted, cells fail to grow and divide properly. The discovery suggests scientists may one day design drugs that target condensate architecture to fight cancer and neurodegenerative disease.",Health,https://www.sciencedaily.com/releases/2026/02/260226042447.htm
Two New Compounds Could Reveal Hidden Drivers of Alzheimer’s Disease,"Vanderbilt researchers created the first selective compound designed to inhibit TAOK-1, a poorly understood protein connected to Alzheimer’s disease. They also discovered a second compound that activates the entire TAOK protein family, offering scientists an unexpected new research tool. Together, the compounds could reveal hidden disease mechanisms and point toward new treatment strategies.",Health,https://www.sciencedaily.com/releases/2026/08/260802223437.htm
Childhood Junk Food May Rewire the Brain for Life,"Eating too much junk food early in life may rewire the brain in ways that last into adulthood, even after switching to a healthier diet. Scientists found that high-fat, high-sugar diets changed feeding behavior and disrupted appetite-control regions in the brain. Excitingly, certain gut-friendly bacteria and prebiotic fibers appeared to help undo some of the damage.",Health,https://www.sciencedaily.com/releases/2026/05/260520093807.htm
Breakthrough Water Filter Removes 98% of Toxic PFAS Forever Chemicals,"Scientists have developed a clever new way to trap “forever chemicals” in water using nano-sized cages that lock onto PFAS molecules. Unlike current methods, this approach can capture short-chain PFAS—the hardest type to remove. Tests show it can eliminate up to 98% of these pollutants and still work after multiple uses. The discovery could lead to more effective water filtration systems worldwide.",Health,https://www.sciencedaily.com/releases/2026/04/260408225951.htm
Most Americans Don’t Know This Food Raises Colon Cancer Risk,"Nearly half of Americans don’t know that processed meat increases colorectal cancer risk, according to a new poll. But once they learn the connection, most support warning labels—suggesting people want clearer information. Experts warn that awareness is lagging even among healthcare providers. The good news: diets rich in plant foods and fiber, along with healthy habits, can dramatically lower risk.",Health,https://www.sciencedaily.com/releases/2026/03/260324024259.htm
Scientists Engineer Bacteria to Eat Cancer Tumors from the Inside out,"Researchers are engineering bacteria to invade tumors and consume them from the inside. Because tumor cores lack oxygen, they’re the perfect breeding ground for these microbes. The team added a genetic tweak that helps the bacteria survive longer near oxygen-exposed edges — but only once enough of them are present to trigger the change. It’s a carefully programmed biological attack that could one day offer a new way to destroy cancer.",Health,https://www.sciencedaily.com/releases/2026/02/260224023101.htm
Scientists Just Watched Alzheimer’s Damage Happen in Real Time,"Scientists at Oregon State University have captured something researchers have long struggled to see: the real-time chemical interactions that help drive Alzheimer’s disease. By watching how metal ions—especially copper—trigger harmful protein clumping in the brain, the team uncovered a clearer picture of how the disease develops at a molecular level.",Health,https://www.sciencedaily.com/releases/2026/04/260406192922.htm
"Microplastics Found in 90% of Prostate Cancer Tumors, Study Reveals","Researchers have detected microplastics in nearly all prostate cancer tumors examined in a new study. Tumor tissue contained about 2.5 times more plastic than nearby healthy prostate tissue. Scientists say this is the first Western study to directly measure plastic particles in prostate tumors. More research is needed, but the findings suggest microplastic exposure could play a role in cancer development.",Health,https://www.sciencedaily.com/releases/2026/02/260225001250.htm
Alzheimer’s May Begin With a Silent Drop in Brain Blood Flow,"Subtle changes in brain blood flow and oxygen use are closely linked to hallmark signs of Alzheimer’s, including amyloid plaques and memory-related brain shrinkage. Simple, noninvasive scans may one day help spot risk earlier—by looking at the brain’s vascular health, not just its plaques.",Health,https://www.sciencedaily.com/releases/2026/02/260224023159.htm
New Brain Stimulation Approach Could Treat Depression in Just 5 Days,"A weeklong, high-intensity version of TMS may work nearly as well as the standard six-week treatment for depression. In a UCLA study, patients who received five sessions a day for five days experienced meaningful symptom relief comparable to those on the traditional schedule. Some who didn’t improve immediately showed strong gains weeks later. The findings hint at a faster, more accessible path to recovery.",Health,https://www.sciencedaily.com/releases/2026/02/260224023103.htm
Massive US Study Finds Higher Cancer Death Rates Near Nuclear Power Plants,"A sweeping nationwide study has found that U.S. counties located closer to operating nuclear power plants have higher cancer death rates than those farther away. Researchers analyzed data from every nuclear facility and all U.S. counties between 2000 and 2018, adjusting for income, education, smoking, obesity, environmental conditions, and access to health care. Even after accounting for those factors, cancer mortality was higher in communities nearer to nuclear plants, particularly among older adults.",Health,https://www.sciencedaily.com/releases/2026/02/260224015537.htm
Scientists Discover the Brain’s Hidden “stop Scratching” Switch,"Scientists have uncovered a hidden “stop-scratching” signal in the nervous system that tells your brain when enough scratching is enough. The discovery centers on a molecule called TRPV4, which acts like part of an internal braking system for itch relief. In experiments involving chronic itch similar to eczema, mice missing this signal scratched less often—but when they did scratch, they couldn’t stop.",Health,https://www.sciencedaily.com/releases/2026/05/260509210654.htm
Scientists Finally Reveal Why Mint Feels Cold,"Scientists have revealed how the body’s microscopic cold sensor, TRPM8, detects both chilly temperatures and the cooling effect of menthol. The discovery finally shows how the sensation of “cool” works at the molecular level—and could inspire new treatments for pain and eye disorders.",Health,https://www.sciencedaily.com/releases/2026/03/260306224220.htm
New Cancer Strategy Could Stop Tumors Before Resistance Takes Hold,"Researchers are applying evolutionary theory to cancer by changing treatments before tumors have time to develop resistance. Mathematical models suggest that rapid, carefully timed switches between multiple therapies could improve cure rates.",Health,https://www.sciencedaily.com/releases/2026/07/260716023607.htm
Massive Study Links Teen Marijuana Use to Double the Risk of Serious Mental Illness,"Teens who use cannabis may face a substantially greater risk of developing serious mental health conditions, including psychotic and bipolar disorders, according to a study of more than 463,000 adolescents. Researchers found cannabis use often preceded these diagnoses by nearly two years, strengthening concerns about its long-term effects on developing brains.",Health,https://www.sciencedaily.com/releases/2026/06/260622091515.htm
Scientists Supercharge Immune Cells to Destroy Cancer More Effectively,"Researchers have found a way to make cancer-killing immune cells more powerful and precise. By adding specific signaling components, they boosted the cells’ readiness to attack tumors. Surprisingly, briefly suppressing the cells with a drug before use made them even more effective later. The approach could help create safer, stronger next-gen cancer treatments.",Health,https://www.sciencedaily.com/releases/2026/04/260416072001.htm
Scientists Found Mystery Bacteria Inside One of the Ocean’s Most Elusive Whales,"Scientists studying decades of pygmy sperm whale strandings have uncovered three previously unknown types of Helicobacter bacteria hiding in the animals’ stomachs. All four infected whales showed serious digestive damage, including inflammation, ulcers, scarring, and parasite infestations, although the bacteria were not confirmed as the cause of death.",Health,https://www.sciencedaily.com/releases/2026/07/260721000847.htm
Second Pregnancy Changes the Brain in Surprising New Ways,"Researchers found that every pregnancy rewires the brain in its own way, with a second pregnancy bringing a different pattern of changes than the first. The discoveries could lead to better ways to recognize and treat maternal mental health challenges, including peripartum depression.",Health,https://www.sciencedaily.com/releases/2026/07/260711010125.htm
Scientists Say House Cats Could Help Unlock New Cancer Treatments for Humans,"Scientists have cracked open the “black box” of feline cancer in a landmark study that genetically analyzed nearly 500 cat tumors from around the world. The research uncovered striking similarities between cancers in cats, dogs, and humans — including shared cancer-driving genes tied to aggressive breast cancers.",Health,https://www.sciencedaily.com/releases/2026/05/260523103943.htm
Scientists Use Light to Create Tiny Molecules That Could Transform Medicine,"Researchers have developed a light-driven method for creating tiny, high-energy “housane” molecules that are valuable for drug development and materials science. These compact ring-shaped structures are difficult to produce because of the intense internal strain they contain. By using photocatalysis and carefully tuning the starting molecules, the team managed to guide the reaction into a clean and efficient pathway.",Health,https://www.sciencedaily.com/releases/2026/05/260519224332.htm
Hidden Virus in Your Gut May Be Linked to Colon Cancer,A newly discovered virus hiding inside a common gut bacterium could help explain one of medicine’s long-standing mysteries: why a microbe found in both healthy people and cancer patients is linked to colorectal cancer. The research suggests that the interaction between bacteria and the viruses they carry may be key to understanding disease risk. It may even lead to future screening tests that detect cancer risk earlier.,Health,https://www.sciencedaily.com/releases/2026/04/260422044630.htm
Scientists Say This Type of Olive Oil Could Boost Brain Power,Extra virgin olive oil might help protect your brain by working through your gut. A two-year study found that people who consumed it had better cognitive performance and more diverse gut bacteria than those using refined olive oil. Researchers even identified specific microbes linked to these benefits. The findings suggest that choosing high-quality olive oil could be a simple way to support brain health as you age.,Health,https://www.sciencedaily.com/releases/2026/04/260417224527.htm
The Surprising Cancer Link Between Cats and Humans,"Scientists have mapped the genetics of cancer in cats for the first time at scale, uncovering major overlaps with human cancers. Key mutations—like those linked to breast cancer—appear in both species, and some human cancer drugs may also work in cats. Because pets share our environments, these similarities could reveal shared causes of cancer. The research could lead to new treatments that benefit both animals and humans.",Health,https://www.sciencedaily.com/releases/2026/03/260318033143.htm
"Scientists Create Universal Nasal Spray Vaccine That Protects Against COVID, Flu, and Pneumonia","Scientists at Stanford Medicine have unveiled a bold new kind of “universal” vaccine that could one day protect against everything from COVID-19 and the flu to bacterial pneumonia and even common allergens. Instead of targeting a specific virus or bacterium, the nasal spray vaccine supercharges the lungs’ own immune defenses, keeping them on high alert for months. In mice, it slashed viral levels, prevented severe illness, and even blocked allergic reactions.",Health,https://www.sciencedaily.com/releases/2026/02/260222092258.htm
Simple Blood Test Can Forecast Alzheimer’s Years Before Memory Loss,"Scientists have created a blood test that can estimate when Alzheimer’s symptoms are likely to begin. By measuring a protein called p-tau217, the model predicts symptom onset within roughly three to four years. The protein mirrors the silent buildup of amyloid and tau in the brain long before memory loss appears. This advance could speed up preventive drug trials and eventually guide personalized care.",Health,https://www.sciencedaily.com/releases/2026/02/260222085203.htm
Scientists Discover Why High Altitude Protects Against Diabetes,"Living at high altitude appears to protect against diabetes, and scientists have finally discovered the reason. When oxygen levels drop, red blood cells switch into a new metabolic mode and absorb large amounts of glucose from the blood. This helps the body cope with thin air while also reducing blood sugar levels. A drug that recreates this effect reversed diabetes in mice, hinting at a powerful new treatment strategy.",Health,https://www.sciencedaily.com/releases/2026/02/260221060952.htm
Scientists Finally Explain Why Chronic Constipation Treatments Often Fail,"A newly discovered bacterial duo may be the hidden cause of chronic constipation. The two microbes break down the colon’s protective mucus layer, leaving stool dry and hard — a problem traditional laxatives don’t fix. Parkinson’s patients, who often struggle with constipation years before tremors appear, have higher levels of these bacteria. Blocking the bacteria’s mucus-destroying enzyme prevented constipation in mice, hinting at a new treatment strategy.",Health,https://www.sciencedaily.com/releases/2026/02/260219040745.htm
New MRI Breakthrough Reveals the Brain and Eye Like Never Before,"Scientists have redesigned a key piece of MRI hardware using metamaterials, allowing existing scanners to produce clearer images of difficult-to-see parts of the body in less time. The breakthrough could improve diagnoses, make scans more comfortable, and open the door to new medical imaging and treatment applications.",Health,https://www.sciencedaily.com/releases/2026/06/260626125712.htm
This 800-Year-Old Chinese Exercise Helps Lower Blood Pressure Naturally,"An ancient Chinese exercise routine may be just as powerful as a daily brisk walk for lowering blood pressure — without equipment, gyms, or intense workouts. In a major clinical trial, adults with stage 1 hypertension who practiced baduanjin, a gentle mind-body exercise combining slow movements, breathing, and meditation, saw meaningful drops in blood pressure within three months that lasted for an entire year.",Health,https://www.sciencedaily.com/releases/2026/05/260510234724.htm
Babies Exposed to Far More “forever Chemicals” Before Birth Than Scientists Knew,"Babies born in the early 2000s were exposed in the womb to far more “forever chemicals” than researchers once realized, according to a new study. By using advanced chemical screening on umbilical cord blood, scientists detected 42 different PFAS compounds, including many that standard tests do not routinely check for. These long lasting chemicals are found in common products like nonstick cookware, food packaging, and stain resistant fabrics, and they can build up in the body over time.",Health,https://www.sciencedaily.com/releases/2026/02/260222085209.htm
Ultramarathons May Damage Red Blood Cells and Accelerate Aging,"Running extreme distances may strain more than just muscles and joints. New research suggests ultramarathons can alter red blood cells in ways that make them less flexible and more prone to breakdown, potentially interfering with how they deliver oxygen throughout the body. Scientists found signs of both mechanical stress from intense blood flow and molecular damage linked to inflammation and oxidative stress.",Health,https://www.sciencedaily.com/releases/2026/02/260221060946.htm
Scientists Reveal How Exercise Protects the Brain from Alzheimer’s,"Exercise may sharpen the mind by repairing the brain’s protective shield. Researchers found that physical activity prompts the liver to release an enzyme that removes a harmful protein causing the blood-brain barrier to become leaky with age. In older mice, dialing down this protein reduced inflammation and improved memory. The discovery points to a surprising body-to-brain pathway that could inspire new Alzheimer’s therapies.",Health,https://www.sciencedaily.com/releases/2026/02/260219040752.htm
FDA-Approved Drug May Finally Help Immunotherapy Defeat Rare Liver Cancer,"Researchers found that a rare liver cancer evades immunotherapy by luring immune T cells away from the tumor and trapping them in nearby fibrous tissue. An FDA-approved drug called AMD3100 freed those T cells to attack the cancer, significantly improving the effectiveness of immunotherapy in tumor samples.",Health,https://www.sciencedaily.com/releases/2026/06/260623014014.htm
This Simple Strength Test Could Predict How Long You Live,"Staying strong may be one of the biggest secrets to living longer — especially for older women. A major study of more than 5,000 women found that simple signs of muscle strength, like a firm hand grip or the ability to quickly stand up from a chair, were strongly linked to lower risk of death over the next eight years.",Health,https://www.sciencedaily.com/releases/2026/05/260510234722.htm
95% of People Carry This Virus and Scientists May Have Just Found How to Stop It,"Scientists have taken a major step toward stopping Epstein-Barr virus (EBV), an extremely common infection linked to cancer and chronic disease. By using mice engineered with human antibody genes, researchers created powerful human-like antibodies that block the virus from attaching to and entering immune cells. One of these antibodies completely prevented infection in lab models with human immune systems, marking a breakthrough after years of difficulty tackling EBV’s ability to invade nearly all B cells.",Health,https://www.sciencedaily.com/releases/2026/04/260414075650.htm
Scientists Discover Spice Synergy That Boosts Anti-Inflammation 100x,"Chronic inflammation often works quietly in the background but can fuel serious diseases like diabetes, heart disease, and cancer. New research reveals that everyday plant compounds—like menthol from mint, cineole from eucalyptus, and capsaicin from chili peppers—can team up inside immune cells to dramatically boost their anti-inflammatory power. While individual compounds showed modest effects, certain combinations amplified results hundreds of times over by activating different cellular pathways at once.",Health,https://www.sciencedaily.com/releases/2026/04/260408225950.htm
Hidden Ingredient in Ozempic and Wegovy Tablets Raises New Gut Health Questions,"Scientists are taking a closer look at the pill forms of Wegovy and Ozempic. In an animal study, the ingredient SNAC, which helps semaglutide survive the stomach and enter the bloodstream, was associated with changes in gut bacteria, inflammation markers, and a brain linked protein. The research does not show harm in people, but it raises new questions about the long term effects of daily exposure.",Health,https://www.sciencedaily.com/releases/2026/02/260228093435.htm
Massive Review Suggests Exercise May Do Little for Osteoarthritis Pain,"A sweeping new analysis of the evidence suggests that exercise therapy — long promoted as a first-line treatment for osteoarthritis — may offer only small and short-lived relief, and in some cases might be no better than doing nothing at all. After reviewing dozens of clinical trials involving more than 13,000 participants, researchers found that benefits for knee osteoarthritis pain were minimal and tended to shrink in larger or longer-term studies.",Health,https://www.sciencedaily.com/releases/2026/02/260225081208.htm
Generative AI Analyzes Medical Data Faster Than Human Research Teams,"Researchers tested whether generative AI could handle complex medical datasets as well as human experts. In some cases, the AI matched or outperformed teams that had spent months building prediction models. By generating usable analytical code from precise prompts, the systems dramatically reduced the time needed to process health data. The findings hint at a future where AI helps scientists move faster from data to discovery.",Health,https://www.sciencedaily.com/releases/2026/02/260221060942.htm
New Oxygen Gel Could Prevent Amputation in Diabetic Wound Patients,"Chronic wounds often spiral out of control because oxygen can’t reach the deepest layers of injured tissue. A new gel developed at UC Riverside delivers a continuous flow of oxygen right where it’s needed most, using a tiny battery-powered system. In high-risk mice, wounds healed in weeks instead of worsening. The innovation could dramatically reduce amputations—and may even open doors for lab-grown organs.",Health,https://www.sciencedaily.com/releases/2026/02/260221000255.htm
Air Pollution Linked to Higher Alzheimer’s Risk in 28 Million Older Americans,"Breathing polluted air may do more than harm your lungs — it could also increase your risk of Alzheimer’s disease. In a sweeping study of nearly 28 million older Americans, researchers found that long term exposure to fine particle air pollution was linked to a higher likelihood of developing Alzheimer’s. The connection appeared to stem largely from pollution’s direct effects on the brain, rather than through related health conditions like hypertension or depression.",Health,https://www.sciencedaily.com/releases/2026/02/260220010836.htm
"The Nearsightedness Explosion May Be Fueled by Dim Indoor Light, Not Just Screens","Myopia is skyrocketing around the world, often blamed on endless screen time — but new research suggests the real culprit may be something more subtle. Scientists at SUNY College of Optometry propose that it’s not just devices, but the combination of prolonged close-up focus and dim indoor lighting that may quietly strain the eyes. When we concentrate on nearby objects in low light, our pupils constrict in a way that may reduce how much light reaches the retina, potentially triggering changes that lead to nearsightedness.",Health,https://www.sciencedaily.com/releases/2026/02/260218031556.htm
"Frozen for 5,000 Years, This Ice Cave Bacterium Resists Modern Antibiotics","Deep inside a Romanian ice cave, locked away in a 5,000-year-old layer of ice, scientists have uncovered a bacterium with a startling secret: it’s resistant to many modern antibiotics. Despite predating the antibiotic era, this cold-loving microbe carries more than 100 resistance-related genes and can survive drugs used today to treat serious infections like tuberculosis and UTIs.",Health,https://www.sciencedaily.com/releases/2026/02/260218031502.htm
Your DNA Is Constantly Moving—and It May Explain Cancer,"Scientists have uncovered a surprising secret about our DNA: it’s not a static blueprint, but a constantly shifting, folding structure that helps control how genes turn on and off. Researchers at the Salk Institute found that different parts of the genome loop and unloop at different speeds, with more active regions constantly reshaping themselves to support gene activity.",Health,https://www.sciencedaily.com/releases/2026/03/260330001147.htm
Sugary Drinks Linked to Rising Anxiety in Teens,"Sugary drinks may be linked to more than just physical health problems in teens. A new review of multiple studies found a consistent association between high consumption of beverages like soda, energy drinks, sweetened juices, and flavored milks and increased anxiety symptoms in adolescents.",Health,https://www.sciencedaily.com/releases/2026/02/260218044624.htm
Intermittent Fasting Fails to Beat Standard Dieting for Weight Loss,"Intermittent fasting has become one of the most talked-about weight loss trends in recent years, promising dramatic results with simple changes to when you eat. But a major Cochrane review suggests the reality may be far less exciting. After analyzing 22 clinical trials involving nearly 2,000 adults, researchers found that intermittent fasting did not produce significantly more weight loss than standard diet advice or even no structured plan at all.",Health,https://www.sciencedaily.com/releases/2026/02/260218044620.htm
A Vitamin A Discovery Is Changing What Scientists Know About Vision,"A surprising discovery is reshaping scientists&apos; understanding of how humans develop sharp central vision before birth. Instead of blue cone cells migrating away from the retina&apos;s center, the study found they transform into red and green cones under the influence of vitamin A-related signals and thyroid hormones. The findings could improve lab-grown retinal tissue and lay the groundwork for future cell therapies to restore vision lost to age-related eye diseases.",Health,https://www.sciencedaily.com/releases/2026/07/260708022214.htm
The Human Exposome Could Change Everything We Know About Disease,"Scientists are launching an ambitious global effort to map the “human exposome” — the lifelong mix of environmental and chemical exposures that drive most diseases. Backed by new partnerships with governments, UNESCO, and international science advisory bodies, the initiative is rapidly expanding across continents. Powered by AI and advanced data tools, the movement seeks to shift medicine beyond genetics and toward the real-world factors shaping human health.",Health,https://www.sciencedaily.com/releases/2026/02/260213223904.htm
The Secret Reason Some Cancer Treatments Stop Working,"Scientists have uncovered a hidden immune system &quot;brake&quot; that may help cancers avoid being destroyed. The molecule, called SLAMF6, weakens the body&apos;s cancer-fighting T cells and can leave them exhausted over time. Researchers developed antibodies that block this brake, allowing immune cells to stay stronger and attack tumors more effectively in mice.",Health,https://www.sciencedaily.com/releases/2026/06/260608040021.htm
Scientists Found a Hidden Alzheimer’s Trigger and Shut It Down,A newly identified enzyme called IDOL could become a major new target in the fight against Alzheimer’s disease. Researchers found that removing it from neurons sharply reduced amyloid plaques and improved key brain processes linked to resilience and communication between cells. The discovery may lead to future treatments that go beyond slowing Alzheimer’s — potentially helping protect the brain from further decline.,Health,https://www.sciencedaily.com/releases/2026/05/260519224334.htm
The Real Reason Exercise Makes You Stronger Isn’t What You Think,"Exercise may be training your brain just as much as your body. Researchers discovered that certain brain cells stay highly active even after a workout ends, and those lingering signals appear to help the body build endurance over time. In experiments with mice, blocking these brain cells prevented improvements in stamina, even when the animals still exercised normally.",Health,https://www.sciencedaily.com/releases/2026/05/260515233346.htm
Men Are Losing a Key Chromosome With Age and It May Be Deadly,"Aging men often lose the Y chromosome in a growing number of their cells—and it may be far more dangerous than once believed. This loss has been linked to heart disease, cancer, Alzheimer’s, and shorter lifespans. Researchers suspect Y-less cells may grow faster and disrupt normal body functions. What seemed like a minor genetic quirk could actually be a major driver of age-related disease.",Health,https://www.sciencedaily.com/releases/2026/03/260319044711.htm
Monty Python Got It Wrong About Medieval Disease,"In medieval Denmark, people could pay for more prestigious graves closer to the church — a sign of wealth and status. But when researchers examined hundreds of skeletons, they discovered something unexpected: even people with stigmatized diseases like leprosy were buried in these high-status spots. Instead of excluding the sick, many communities appear to have treated them much like everyone else.",Health,https://www.sciencedaily.com/releases/2026/03/260313002645.htm
Insomnia and Sleep Apnea Together Dramatically Raise Heart Disease Risk,"Struggling to fall asleep and stopping breathing at night may be a far riskier combo than previously thought. In a study of nearly a million veterans, researchers found that having both insomnia and sleep apnea dramatically raises the risk of hypertension and heart disease. The two conditions don’t just coexist—they interact in ways that intensify strain on the heart. Addressing sleep problems early could help prevent cardiovascular disease before it starts.",Health,https://www.sciencedaily.com/releases/2026/02/260228093440.htm
This New Blood Test Could Detect Cancer Before It Shows Up on Scans,"A new light-based sensor can spot incredibly tiny amounts of cancer biomarkers in blood, raising the possibility of earlier and simpler cancer detection. The technology merges DNA nanotechnology, CRISPR, and quantum dots to generate a clear signal from just a few molecules. In lung cancer tests, it worked even in real patient serum samples. Researchers hope it could eventually power portable blood tests for cancer and other diseases.",Health,https://www.sciencedaily.com/releases/2026/02/260216044002.htm
Stop Eating 3 Hours Before Bed to Improve Heart Health,"A simple shift in your evening routine may give your heart a measurable boost. In a new study, adults who stopped eating and dimmed the lights three hours before bed and extended their overnight fast by about two hours saw improvements in blood pressure, heart rate, and blood-sugar control — without cutting calories.",Health,https://www.sciencedaily.com/releases/2026/02/260215084958.htm
AI Uncovers the Hidden Genetic Control Centers Driving Alzheimer’s,"Scientists have created the most detailed maps yet of how genes control one another inside the brains of people with Alzheimer’s disease. Using a powerful new AI-based system called SIGNET, the team uncovered cause-and-effect relationships between genes across six major brain cell types, revealing which genes are truly driving harmful changes. The most dramatic disruptions were found in excitatory neurons, where thousands of genetic interactions appear to be extensively rewired as the disease progresses.",Health,https://www.sciencedaily.com/releases/2026/02/260215084954.htm
Scientists Make Microplastics Glow to See What They Do Inside Your Body,"Microplastics and nanoplastics are now found everywhere on Earth, from ocean depths to agricultural soils and even inside the human body. Yet scientists still struggle to understand what these particles actually do once they enter living organisms. A new study proposes an innovative fluorescence-based strategy that could allow researchers to track microplastics in real time as they move, transform, and degrade inside biological systems.",Health,https://www.sciencedaily.com/releases/2026/02/260212234156.htm
The Exact Speed That Makes an AI Prosthetic Arm Feel Like Your Own,"A robotic arm that moves too quickly can feel creepy. One that moves too slowly feels awkward and unhelpful. In a VR study, researchers found that AI-powered prosthetic arms were best accepted when they moved at a natural, human-like speed—about one second per reach. That sweet spot boosted feelings of control, comfort, and even trust in the robot.",Health,https://www.sciencedaily.com/releases/2026/02/260212234152.htm
The Hidden Skeleton “gatekeeper” Inside Brain Cells Could Help Fight Alzheimer's,"Researchers have discovered that a microscopic skeleton inside neurons does much more than hold cells together. It acts as a gatekeeper that controls what brain cells absorb and when they absorb it. When this protective structure weakens, neurons rapidly take in harmful proteins associated with Alzheimer&apos;s disease, suggesting that stabilizing it could become a promising new strategy for preventing brain cell damage.",Health,https://www.sciencedaily.com/releases/2026/07/260714225542.htm
Scientists Discover Hidden “master Switch” Driving Skin Cancer Growth and Immune Escape,"A key protein, HOXD13, helps melanoma tumors grow and evade the immune system by boosting blood supply and blocking cancer-fighting T cells. Disabling it shrinks tumors and reopens the door for the immune system—offering a new path for treatment.",Health,https://www.sciencedaily.com/releases/2026/04/260420014746.htm
Doing This Throughout Life May Cut Alzheimer’s Risk by 38%,"A lifetime of mental stimulation—like reading, writing, and learning new skills—may help protect the brain as we age. People with the highest levels of cognitive enrichment had a much lower risk of Alzheimer’s and experienced symptoms years later than those with the lowest levels.",Health,https://www.sciencedaily.com/releases/2026/04/260414075648.htm
Scientists Finally Crack Mystery of Rare COVID Vaccine Blood Clots,Researchers have uncovered why a rare blood clotting disorder can occur after certain COVID-19 vaccines or adenovirus infections. The immune system can mistakenly target a normal blood protein (PF4) after confusing it with a viral protein. This triggers clotting in extremely rare cases. The breakthrough means vaccines can now be redesigned to avoid this reaction while staying effective.,Health,https://www.sciencedaily.com/releases/2026/04/260409101106.htm
This Virus Therapy Supercharges the Immune System Against Brain Cancer,"Scientists have found a way to make one of the most aggressive brain tumors vulnerable to the immune system. A single injection of a modified virus can invade glioblastoma, kill cancer cells, and summon immune fighters deep into the tumor. These immune cells persist and attack, which was linked to longer survival in patients.",Health,https://www.sciencedaily.com/releases/2026/03/260319044708.htm
Beyond Amyloid Plaques: AI Reveals Hidden Chemical Changes Across the Alzheimer’s Brain,"Scientists at Rice University have produced the first full, dye-free molecular atlas of an Alzheimer’s brain. By combining laser-based imaging with machine learning, they uncovered chemical changes that spread unevenly across the brain and extend beyond amyloid plaques. Key memory regions showed major shifts in cholesterol and energy-related molecules. The findings hint that Alzheimer’s is a whole-brain metabolic disruption—not just a protein problem.",Health,https://www.sciencedaily.com/releases/2026/02/260228093505.htm
Pecans Found to Improve Cholesterol and Boost Heart Health,"A sweeping new scientific review suggests that pecans — America’s native nut — may pack more heart power than many people realize. After analyzing over 20 years of research, scientists found consistent evidence that eating pecans can improve key markers of cardiovascular health, including total cholesterol and “bad” LDL cholesterol, while also supporting antioxidant defenses.",Health,https://www.sciencedaily.com/releases/2026/02/260221000317.htm
Scientists Find Cancer-Linked Chemicals in Popular Hair Extensions,"A sweeping new study has uncovered a troubling mix of hazardous chemicals in popular hair extensions, including products made from human hair. Researchers detected dozens of substances linked to cancer, hormone disruption, reproductive harm, and immune system effects in nearly every sample tested. Some products contained flame retardants, organotins, and chemicals associated with increased breast cancer risk, and several exceeded European safety thresholds.",Health,https://www.sciencedaily.com/releases/2026/02/260219232620.htm
"Nearly 200,000 People Reveal the Real Key to Heart Health","A decades-long study of nearly 200,000 adults challenges the low-carb versus low-fat debate. Both eating patterns were tied to lower heart disease risk when they emphasized whole grains, plant-based foods, and healthy fats. Versions filled with refined carbs and animal fats increased risk instead. Quality, not just quantity, appears to make the difference.",Health,https://www.sciencedaily.com/releases/2026/02/260216084521.htm
This Reengineered HPV Vaccine Trains T Cells to Hunt Down Cancer,"Northwestern researchers have shown that when it comes to cancer vaccines, arrangement can be just as important as ingredients. By repositioning a small fragment of an HPV protein on a DNA-based nanovaccine, the team dramatically strengthened the immune system’s attack on HPV-driven tumors. One specific design slowed tumor growth, extended survival in animal models, and unleashed far more cancer-killing T cells than other versions made with the exact same components.",Health,https://www.sciencedaily.com/releases/2026/02/260216044006.htm
Lab Grown Human Spinal Cord Heals After Injury in Major Breakthrough,"Researchers have built a realistic human mini spinal cord in the lab and used it to simulate traumatic injury. The model reproduced key damage seen in real spinal cord injuries, including inflammation and scar formation. After treatment with fast moving “dancing molecules,” nerve fibers began growing again and scar tissue shrank. The results suggest the therapy could eventually help repair spinal cord damage.",Health,https://www.sciencedaily.com/releases/2026/02/260216044003.htm
Large Study Finds No Link Between mRNA COVID Vaccine in Pregnancy and Autism,"Researchers tracked more than 400 toddlers to see whether mRNA COVID-19 vaccination during or just before pregnancy was linked to autism or developmental delays. After detailed assessments of speech, motor skills, behavior, and social development, they found no meaningful differences between vaccinated and unvaccinated groups. Experts say the results provide strong reassurance about vaccine safety in pregnancy.",Health,https://www.sciencedaily.com/releases/2026/02/260215085001.htm
A Common Vitamin Could Help Fight One of the Deadliest Brain Cancers,"A clinical trial is exploring whether high doses of vitamin B3 could give patients with glioblastoma a better chance against the aggressive brain cancer. Scientists found that niacin may help revive immune cells that tumors shut down, allowing them to attack cancer more effectively. Early results have been promising, with patients showing significantly better progression-free survival than expected.",Health,https://www.sciencedaily.com/releases/2026/06/260622014313.htm
This “master Gene” May Be Driving Pancreatic Cancer’s Spread,"A gene called KLF5 may be a key force behind the spread of pancreatic cancer—but not in the way scientists expected. Rather than mutating DNA, it rewires how genes are turned on and off, helping tumors grow and invade new areas. Researchers found it plays a major role in metastatic cells and even controls other genes linked to cancer progression. The discovery opens the door to new treatments that target cancer’s epigenetic “control system.”",Health,https://www.sciencedaily.com/releases/2026/04/260406192919.htm
How Often Do People Really Fart? Scientists Built Smart Underwear to Find out,"Researchers have created “Smart Underwear,” a wearable device that measures flatulence by detecting hydrogen produced by gut microbes. Early tests suggest people may pass gas about 32 times a day—much higher than previous estimates. The device gives scientists a new way to track gut microbial activity in everyday life. It will power a new nationwide study called the Human Flatus Atlas to map normal patterns of gas production.",Health,https://www.sciencedaily.com/releases/2026/03/260314030516.htm
Hidden Deep-Sea Proteins Could Supercharge Disease Tests,"Hidden in volcanic lakes and deep-sea vents, scientists have discovered tough new DNA-binding proteins built to survive extreme conditions. After scanning huge genetic databases, researchers found molecules that remain stable under heat, salt, and harsh chemistry. One of these proteins significantly improved rapid LAMP diagnostic tests, making them faster and more sensitive. The discovery could help create better tools for detecting infectious diseases.",Health,https://www.sciencedaily.com/releases/2026/03/260314030502.htm
Exercise May Be One of the Most Powerful Treatments for Depression and Anxiety,"A sweeping review of global research suggests that exercise—especially aerobic activities like running, swimming, and dancing—can be one of the most powerful ways to ease depression and anxiety. Across tens of thousands of people aged 10 to 90, exercise consistently reduced symptoms, often matching or even outperforming medication and talk therapy.",Health,https://www.sciencedaily.com/releases/2026/02/260213020412.htm
Giving People Cash Didn’t Cause More Injuries or Deaths,"As cash transfer programs expand across the United States, critics often warn that giving people money could spark reckless behavior, leading to injuries or even deaths. But a sweeping 11-year analysis of Alaska’s long-running Permanent Fund Dividend program tells a different story. Researchers examined statewide hospital records and death data and found no increase in traumatic injuries or unnatural deaths after annual payments were distributed.",Health,https://www.sciencedaily.com/releases/2026/02/260212023028.htm
Why Losing the Wrong Fat Can Trigger Diabetes,"Scientists discovered that damaged fat cells can become inflamed, lose their ability to store lipids, and eventually vanish, disrupting the body’s metabolism. The findings show that diabetes can result not only from excess fat, but also from losing the healthy fat tissue the body needs.",Health,https://www.sciencedaily.com/releases/2026/07/260726015259.htm
"Heavy Marijuana Smoking May Increase Cancer Risk, Researchers Warn","Heavy marijuana smoking may raise the risk of lung cancer and several head and neck cancers, according to growing research, but many important questions remain unanswered. Scientists are still trying to determine how much marijuana use is enough to significantly increase cancer risk. Edibles have not been linked to lung cancer so far, while the long-term effects of vaping marijuana and secondhand marijuana smoke are still being investigated.",Health,https://www.sciencedaily.com/releases/2026/07/260708022217.htm
"This Daily Habit Could Lower Dementia Risk by 35%, Scientists Say","A huge long-term study found that drinking two to three cups of coffee a day was linked to a much lower risk of dementia, especially before age 75. Researchers say caffeine may help keep brain cells active while reducing inflammation and harmful plaque buildup associated with Alzheimer’s disease. But more coffee wasn’t better — the protective effect appeared to level off after moderate intake.",Health,https://www.sciencedaily.com/releases/2026/05/260512202350.htm
Scientists Discover Hidden Gut Trigger Behind ALS and Dementia,"A new study reveals that gut bacteria may play a key role in triggering ALS and frontotemporal dementia. Harmful sugars produced by these microbes can spark immune responses that damage the brain. This breakthrough explains why some genetically at-risk people develop the diseases while others don’t. Even more promising, reducing these sugars improved brain health in experiments, hinting at new treatment possibilities.",Health,https://www.sciencedaily.com/releases/2026/04/260408225944.htm
"Your Daily Coffee May Be Protecting Your Brain, 43-Year Study Finds",Your morning coffee or tea could be quietly supporting your brain health. A long-term study found that moderate consumption of caffeinated coffee or tea was linked to an 18% lower risk of dementia and better cognitive performance over time. The benefits appeared strongest at 2–3 cups of coffee or 1–2 cups of tea daily—and even held true for people genetically predisposed to dementia.,Health,https://www.sciencedaily.com/releases/2026/03/260318033138.htm
"The More You Fear Aging, the Faster Your Body May Age","Worrying about getting older—especially fearing future health problems—may actually speed up aging at the cellular level, according to new research from NYU. In a study of more than 700 women, those who felt more anxious about aging showed signs of faster biological aging in their blood, measured using cutting-edge “epigenetic clocks.” Fears about declining health had the strongest link, while concerns about beauty or fertility didn’t appear to have the same biological impact.",Health,https://www.sciencedaily.com/releases/2026/02/260225081205.htm
Popular Acid Reflux Medication Linked to Anemia and Bone Loss,"Popular acid reflux drugs such as Prilosec, Nexium, and Protonix may carry hidden risks when taken long term. A new study found that extended use disrupted iron and calcium levels in rats, changes associated with anemia and osteoporosis risk. Researchers also observed shifts in mineral balance across multiple organs. Experts say the medications are effective, but prolonged use without medical guidance could have unintended consequences.",Health,https://www.sciencedaily.com/releases/2026/02/260225081159.htm
Scientists Discover a Hidden Gut Bacterium Linked to Good Health,"A global study has uncovered a mysterious group of gut bacteria that shows up again and again in healthy people. Known as CAG-170, these microbes were found at lower levels in people with a range of chronic diseases. Genetic clues suggest they help digest food and support the broader gut ecosystem. Researchers say the discovery could reshape how we measure and maintain gut health.",Health,https://www.sciencedaily.com/releases/2026/02/260211204210.htm
Scientists Find Nerves Actively Fuel Pancreatic Cancer,"Scientists have uncovered a hidden partnership between pancreatic cancer and the nervous system. Support cells in the pancreas lure nerve fibers, which then release signals that accelerate early cancer growth. This creates a self-sustaining loop that helps tumors take hold. Blocking the nerve activity significantly reduced tumor growth in experiments, suggesting a new treatment strategy.",Health,https://www.sciencedaily.com/releases/2026/02/260211204208.htm
Changing When You Eat Dramatically Reduced Crohn’s Disease Symptoms,"A new clinical trial suggests that changing when you eat could make a meaningful difference for people living with Crohn’s disease. Researchers found that time-restricted feeding, a form of intermittent fasting that limits meals to an 8-hour daily window, reduced disease activity by 40% and cut abdominal discomfort in half over 12 weeks. Participants also lost weight and showed healthier inflammation and immune markers, even though they did not reduce calories or change what they ate.",Health,https://www.sciencedaily.com/releases/2026/02/260211204204.htm
Just 5 Weeks of Brain Training May Protect Against Dementia for 20 Years,"A simple brain-training program that sharpens how quickly older adults process visual information may have a surprisingly powerful long-term payoff. In a major 20-year study of adults 65 and older, those who completed five to six weeks of adaptive “speed of processing” training — along with a few booster sessions — were significantly less likely to develop dementia, including Alzheimer’s disease, even two decades later. Participants who received the boosted speed training had a 25% lower dementia risk compared to those who received no training, making it the only intervention in the trial to show such a lasting protective effect.",Health,https://www.sciencedaily.com/releases/2026/02/260211073023.htm
Intermittent Fasting Helped People Keep Weight Off for a Year,"A 12-week intermittent fasting program produced weight-loss benefits that were still visible a year later. Participants who ate within an eight-hour window maintained more weight loss than those who followed their usual longer eating schedule. Both early and late eating windows worked, while early fasting appeared especially helpful for preserving fat loss.",Health,https://www.sciencedaily.com/releases/2026/07/260718010154.htm
Scientists Discover a Hidden Brain Rhythm That Could Improve Parkinson’s Treatment,"Scientists have pinpointed a brain network—and its distinctive electrical rhythm—that appears to drive the benefits of deep brain stimulation for Parkinson’s disease. The discovery could lead to more precise, personalized stimulation settings and better results for patients.",Health,https://www.sciencedaily.com/releases/2026/08/260811011148.htm
Breakthrough CRISPR System Could Reverse Antibiotic Resistance Crisis,"Antibiotic resistance is racing toward a global crisis, with “superbugs” projected to cause over 10 million deaths annually by 2050. Now, scientists at UC San Diego have unveiled a powerful new CRISPR-based tool that doesn’t just fight resistant bacteria—it can actively strip away their drug resistance. Inspired by gene drives used in insects, the technology spreads a genetic “fix” through bacterial populations, even inside stubborn biofilms that shield microbes from antibiotics.",Health,https://www.sciencedaily.com/releases/2026/02/260217005717.htm
AI Reads Brain MRIs in Seconds and Flags Emergencies,"Researchers at the University of Michigan have created an AI system that can interpret brain MRI scans in just seconds, accurately identifying a wide range of neurological conditions and determining which cases need urgent care. Trained on hundreds of thousands of real-world scans along with patient histories, the model achieved accuracy as high as 97.5% and outperformed other advanced AI tools.",Health,https://www.sciencedaily.com/releases/2026/02/260210005419.htm
A Secret Cell Alliance May Explain Why Ovarian Cancer Is So Deadly,"Scientists have discovered why ovarian cancer spreads so rapidly through the abdomen. Cancer cells enlist normally protective abdominal cells, forming mixed groups that work together to invade new tissue. These helper cells lead the way, allowing cancer to spread faster and resist chemotherapy. The findings uncover a critical weakness that future treatments may target.",Health,https://www.sciencedaily.com/releases/2026/02/260209064254.htm
Scientists Restore Memory by Blocking a Single Alzheimer’s Protein,"Researchers have identified a new potential weapon against Alzheimer’s: blocking a protein called PTP1B. In mice, this approach boosted memory and helped brain immune cells clear harmful plaque buildup. Since PTP1B is also linked to diabetes and obesity—both risk factors for Alzheimer’s—it could offer a broader treatment strategy.",Health,https://www.sciencedaily.com/releases/2026/04/260429102037.htm
Doctors Implant Dopamine-Producing Stem Cells in Parkinson’s Patients,"A groundbreaking clinical trial is testing whether specially engineered stem cells can help the brain restore its own dopamine production in people with Parkinson’s disease. Because the condition is driven by the gradual loss of dopamine-producing cells—leading to tremors, stiffness, and slowed movement—researchers are implanting lab-grown cells directly into the brain’s movement center to replace what’s been lost.",Health,https://www.sciencedaily.com/releases/2026/02/260219040820.htm
Massive Study Finds Most Statin Side Effects Aren’t Caused by the Drugs,"A massive review of 23 randomized trials found that statins do not cause the vast majority of side effects listed on their labels. Memory problems, depression, sleep issues, weight gain, and many other symptoms appeared just as often in people taking a placebo. Only a few side effects showed any link to statins — and even those were rare.",Health,https://www.sciencedaily.com/releases/2026/02/260212025550.htm
When Immune Cells Stop Fighting Cancer and Start Helping It,"Scientists have uncovered a surprising way tumors turn the immune system to their advantage. Researchers at the University of Geneva found that neutrophils—normally frontline defenders against infection—can be reprogrammed inside tumors to fuel cancer growth instead. Once exposed to the tumor environment, these immune cells begin producing a molecule called CCL3 that actively promotes tumor progression.",Health,https://www.sciencedaily.com/releases/2026/02/260210040604.htm
Ultra-Processed Foods Linked to 47% Higher Risk of Heart Attack and Stroke,"Ultra-processed foods are everywhere in the American diet, and researchers are finding alarming consequences. Using national health data, scientists found that adults with the highest intake of these foods had a 47% higher risk of heart attack or stroke. The results held even after accounting for age, smoking, and income. Experts say reducing ultra-processed foods could become as important to public health as cutting back on tobacco once was.",Health,https://www.sciencedaily.com/releases/2026/02/260210040602.htm
Scientists Find a Clue to Human Brain Evolution in Finger Length,"Human evolution has long been tied to growing brain size, and new research suggests prenatal hormones may have played a surprising role. By studying the relative lengths of index and ring fingers — a clue to oestrogen and testosterone exposure in the womb — researchers found that higher prenatal estrogen was linked to larger head size in newborn boys.",Health,https://www.sciencedaily.com/releases/2026/02/260210040559.htm
Scientists Find a Missing Link Between Epstein-Barr Virus and Multiple Sclerosis,"New research suggests that Epstein-Barr virus may actively provoke the immune system in people with multiple sclerosis. Scientists found large buildups of virus-targeting immune cells in the nervous systems of MS patients, far more than in their blood. One viral gene was active only in people with MS, hinting at a direct role in the disease. The findings could help guide new approaches to treatment.",Health,https://www.sciencedaily.com/releases/2026/02/260206232245.htm
Doctors Test Brain Cell Implants to Restore Movement in Parkinson’s,"Scientists at Keck Medicine of USC are testing an experimental stem cell therapy that aims to restore the brain’s ability to produce dopamine, the chemical whose loss drives Parkinson’s disease. The early-stage clinical trial involves implanting lab-grown dopamine-producing cells directly into a key movement-control region of the brain, with the hope of slowing disease progression and improving motor function.",Health,https://www.sciencedaily.com/releases/2026/02/260206012203.htm
Scientists Boosted One Protein and Aging Mice Became Stronger and Healthier,"Scientists have identified a protein that appears to put the brakes on the chronic inflammation linked to aging. Older mice with boosted levels of the protein were stronger, more energetic, and had healthier bones than untreated mice. Researchers say the findings could eventually lead to therapies that help people stay healthier and more independent later in life.",Health,https://www.sciencedaily.com/releases/2026/05/260518041436.htm
Most U.S. States Are Warming but Not in the Way You Think,"Warming across the U.S. is far more uneven than it looks at first glance. While only about half of states show rising average temperatures, most are heating up in specific ways—like hotter highs or warmer lows. These hidden shifts vary by region, with the West seeing more extreme heat and the North losing cold extremes. The findings suggest climate change is playing out differently depending on where you live.",Health,https://www.sciencedaily.com/releases/2026/04/260403224502.htm
"This Popular Supplement May Increase Risk of Birth Defects, Study Finds","A new study reveals that high doses of antioxidants—often seen as harmless or beneficial—may actually impact future generations. Male mice given common supplements like NAC produced offspring with subtle but significant facial and skull changes. Researchers believe this is tied to altered sperm DNA, even though the fathers showed no outward health issues.",Health,https://www.sciencedaily.com/releases/2026/03/260326075552.htm
Scientists Discover Hormone That May Stop Chronic Back Pain at Its Source,"A new study suggests a widely used bone hormone could help relieve chronic back pain in an unexpected way. Instead of just strengthening bone, it appears to stop pain-sensing nerves from growing into damaged spinal areas. In animal models, this led to stronger spinal tissue and reduced pain sensitivity. The findings hint at a future treatment that tackles back pain at its biological roots.",Health,https://www.sciencedaily.com/releases/2026/03/260323005542.htm
New Pill Cuts “bad” Cholesterol by 60% in Major Trial,"A new pill, enlicitide, reduced LDL (“bad”) cholesterol by about 60% in a large clinical trial, matching the power of injectable therapies. Because it’s taken orally, it could overcome one of the biggest barriers keeping patients from using current treatments. Researchers say many people still don’t reach safe cholesterol levels—even on statins—highlighting the need for better options.",Health,https://www.sciencedaily.com/releases/2026/03/260321012659.htm
Scientists Discover the Switch That Revives Exhausted Cancer-Fighting T Cells,"Scientists have uncovered new genetic rules that determine whether the immune system’s “killer” T cells remain powerful long-term defenders or become worn out and ineffective. By building a detailed genetic atlas of CD8 T cell states, researchers identified key molecular switches that push these cells toward either resilience or exhaustion. Remarkably, disabling just two previously unknown genes restored the tumor-killing power of exhausted T cells while preserving their ability to provide lasting immune protection.",Health,https://www.sciencedaily.com/releases/2026/03/260304184235.htm
Common Pneumonia Bacterium May Fuel Alzheimer’s Disease,"A common bacterium best known for causing pneumonia and sinus infections may also play a surprising role in Alzheimer’s disease. Researchers found that Chlamydia pneumoniae can invade the retina and brain, where it sparks inflammation, nerve cell death, and the buildup of amyloid-beta—the hallmark protein linked to Alzheimer’s. Higher levels of the bacterium were found in people with Alzheimer’s, especially those carrying the high-risk APOE4 gene, and were tied to more severe cognitive decline.",Health,https://www.sciencedaily.com/releases/2026/02/260221000321.htm
Everyone Thought Autism Mostly Affected Boys. This Study Says Otherwise,"Autism has long been thought of as a condition that mostly affects boys, but a massive study from Sweden suggests that idea may be misleading. Tracking nearly 3 million people over decades, researchers found that while boys are diagnosed more often in childhood, girls steadily catch up during their teenage years. By early adulthood, autism diagnoses among males and females are nearly equal.",Health,https://www.sciencedaily.com/releases/2026/02/260210082921.htm
This Popular Diet Was Linked to a Much Lower Stroke Risk,"A long-term study found that women who closely followed a Mediterranean diet had a much lower risk of stroke. The strongest benefits were seen in women who ate more plant-based foods, fish, and olive oil while cutting back on red meat and saturated fats. Their risk dropped across all major stroke types, including bleeding strokes, which are less commonly studied. The findings suggest diet may be a powerful but overlooked factor in stroke prevention.",Health,https://www.sciencedaily.com/releases/2026/02/260209064310.htm
Scientists May Have Found the Brain Network Behind Parkinson’s,"A new international study points to a specific brain network as the core driver of Parkinson’s disease. Scientists found that this network becomes overly connected, disrupting not just movement but also thinking and other bodily functions. When researchers targeted it with non-invasive brain stimulation, patients showed much stronger symptom improvement than with conventional stimulation. The discovery could reshape how Parkinson’s is diagnosed and treated.",Health,https://www.sciencedaily.com/releases/2026/02/260208203013.htm
New Drug Resets the Body Clock and Cuts Jet Lag Recovery Nearly in Half,"Scientists have identified a promising new compound, Mic-628, that can reliably shift the body’s internal clock forward—something that’s notoriously hard to do. By targeting a key clock-control protein, Mic-628 jump-starts the gene that sets daily rhythms, synchronizing both the brain’s master clock and clocks throughout the body. In mice experiencing simulated jet lag, a single dose cut recovery time nearly in half.",Health,https://www.sciencedaily.com/releases/2026/02/260208011026.htm
Scientists Found a Sugar That Could Defeat Deadly Superbugs,"Scientists in Australia have uncovered a clever new way to fight some of the most dangerous drug-resistant bacteria by targeting a sugar that exists only on bacterial cells. By designing antibodies that recognize this unique sugar, researchers were able to guide the immune system to attack and eliminate deadly infections that normally shrug off antibiotics.",Health,https://www.sciencedaily.com/releases/2026/02/260206020850.htm
UCLA Scientists Develop Mineral Sunscreen Without the Chalky White Cast,Scientists have redesigned zinc oxide particles to create a mineral sunscreen that protects against ultraviolet radiation without leaving such a noticeable white cast. The SPF 30 formula could make sunscreen easier and more appealing to use across a wider range of skin tones.,Health,https://www.sciencedaily.com/releases/2026/07/260718010200.htm
Scientists Discover Hidden Liver Switch That Cuts Harmful Cholesterol,"Scientists at UT Southwestern have uncovered a surprising new “master switch” that helps control how much cholesterol the liver sends into the bloodstream. The newly identified protein, HELZ2, works by shutting down the genetic instructions needed to produce apoB — a key building block of the cholesterol-carrying particles linked to clogged arteries and heart disease.",Health,https://www.sciencedaily.com/releases/2026/05/260523103947.htm
What Teens Eat Could Be Affecting Their Mental Health More Than We Thought,"What teens eat might matter more for their mental health than previously thought. A sweeping review of nearly 20 studies found that healthier diets are often linked to fewer depressive symptoms, while poor eating habits may go hand in hand with greater psychological distress. Interestingly, focusing on whole dietary patterns—not just individual nutrients—showed more consistent benefits, suggesting that overall eating habits could play a meaningful role during this critical stage of brain development.",Health,https://www.sciencedaily.com/releases/2026/03/260328043602.htm
“Celtic Curse” Hotspots Found in Scotland and Ireland With 1 in 54 at Risk,"Researchers have mapped the genetic risk of hemochromatosis across the UK and Ireland for the first time, uncovering striking hotspots in north-west Ireland and the Outer Hebrides. In some regions, around one in 60 people carry the high-risk gene variant linked to iron overload. The condition can take decades to surface but may lead to liver cancer and arthritis if untreated.",Health,https://www.sciencedaily.com/releases/2026/02/260221000332.htm
Air Ambulance Teams Are Changing Who Survives Critical Injuries,"Advanced care provided by air ambulance teams was linked to higher survival rates in major trauma patients. Researchers found that more people survived than predicted by standard models, including many with severe injuries and low chances of survival. Younger patients and those more responsive at first assessment benefited most. Outcomes for traumatic cardiac arrest also improved steadily over the study period.",Health,https://www.sciencedaily.com/releases/2026/02/260205025026.htm
A Century of Hair Shows How Lead Exposure Collapsed,"For decades, Americans were surrounded by lead from car exhaust, factories, paint, and even drinking water, often without realizing the damage it caused. By analyzing hair samples preserved across generations, scientists uncovered a striking record of how exposure soared before environmental rules and then collapsed after leaded gasoline and other sources were phased out.",Health,https://www.sciencedaily.com/releases/2026/02/260207092902.htm
A Hidden Brain Effect of Prenatal Alcohol Exposure,"New research using rhesus monkeys suggests that the brain’s relationship with alcohol may begin forming long before a person ever takes a drink. Scientists found that exposure to alcohol before birth reshaped the brain’s dopamine system, a key player in motivation and reward, and those changes were linked to faster drinking later in adulthood.",Health,https://www.sciencedaily.com/releases/2026/02/260206020852.htm
Scientists Just Mapped the Mutations That Power Cancer Growth,"Researchers have created the first complete map showing how hundreds of mutations in a key cancer gene affect tumor growth. By testing every possible mutation in a critical hotspot, they found that some changes barely boost cancer signals, while others supercharge them. When matched against real patient data, the map accurately predicted cancer behavior across tissues.",Health,https://www.sciencedaily.com/releases/2026/02/260204121540.htm
Sound Machines Might Be Making Your Sleep Worse,"Sound machines may not be the sleep saviors many believe. Researchers found that pink noise significantly reduced REM sleep, while simple earplugs did a better job protecting deep, restorative sleep from traffic noise. When pink noise was combined with outside noise, sleep quality dropped even further. The results suggest that popular “sleep sounds” could be doing more harm than good—particularly for kids.",Health,https://www.sciencedaily.com/releases/2026/02/260203030529.htm
A Hidden Cellular Process May Drive Aging and Disease,"As we age, our cells don’t just wear down—they reorganize. Researchers found that cells actively remodel a key structure called the endoplasmic reticulum, reducing protein-producing regions while preserving fat-related ones. This process, driven by ER-phagy, is tied to lifespan and healthy aging. Because these changes happen early, they could help trigger later disease—or offer a chance to stop it.",Health,https://www.sciencedaily.com/releases/2026/02/260203030526.htm
New Nasal Vaccine Shows Strong Protection Against H5N1 Bird Flu,"As bird flu continues to circulate in animals and spill over into humans, researchers are racing to stop it before it adapts to spread widely between people. A new nasal spray vaccine showed strong protection against H5N1 in animal tests, outperforming traditional flu shots. Because it targets the nose and lungs, it may prevent infection at the earliest stage.",Health,https://www.sciencedaily.com/releases/2026/02/260204114343.htm
Old Muscle Stem Cells Can Act Young Again but There’s a Catch,"Scientists at UCLA discovered a surprising reason aging muscles heal more slowly. In older muscle stem cells, a protein called NDRG1 builds up and acts like a brake, slowing the cells’ ability to jump into repair mode after injury. But there’s a twist: that same protein helps the cells survive the stresses of aging, allowing them to stick around longer.",Health,https://www.sciencedaily.com/releases/2026/06/260622014315.htm
Scientists Were Wrong About Lifespan. Your Genes Matter Way More Than We Thought,"For years, scientists believed our lifespan was mostly shaped by environment and chance, with genetics playing only a minor role. But a new study from the Weizmann Institute flips that idea on its head, revealing that genes may actually account for about half of the differences in how long people live. By analyzing massive twin datasets—including twins raised apart—and using innovative simulations to filter out deaths from accidents and other external causes, researchers uncovered a hidden genetic influence that had been masked for decades.",Health,https://www.sciencedaily.com/releases/2026/04/260411022047.htm
Scientists Find Immune Cell Linked to Long COVID Fatigue and Symptoms,"Long COVID remains a frustrating medical mystery, affecting up to 1 in 10 people long after the initial infection fades. Now, scientists have uncovered a crucial clue hidden deep within the immune system. By analyzing individual immune cells, they identified a distinct molecular state in key white blood cells—especially common in patients who initially had mild or moderate COVID.",Health,https://www.sciencedaily.com/releases/2026/03/260325005922.htm
New Blood Test Could Catch Pancreatic Cancer Before It’s Too Late,"A new blood test could change the outlook for one of the deadliest cancers—pancreatic cancer—by catching it much earlier than ever before. Researchers identified two previously unknown proteins in the blood that, when combined with existing markers, dramatically improved detection accuracy. The four-marker test was able to spot pancreatic cancer in over 90% of cases and performed especially well even in early stages, when treatment has the best chance of success.",Health,https://www.sciencedaily.com/releases/2026/03/260323005540.htm
He Survived 48 Hours Without Lungs and Lived,"A critically ill 33-year-old man survived an almost unimaginable scenario—living for 48 hours without lungs—thanks to a groundbreaking surgical approach. After a severe flu-triggered infection destroyed his lungs and caused multiple organ failure, doctors removed both lungs entirely to stop the spread of infection. In their place, they used a specially engineered “artificial lung” system to oxygenate his blood and keep his body functioning while he stabilized.",Health,https://www.sciencedaily.com/releases/2026/03/260317064507.htm
"Eating Less Protein May Slow Liver Cancer Growth, Study Finds","A Rutgers-led study found that eating less protein may help slow liver cancer in people with impaired liver function. When damaged livers can’t properly clear toxic ammonia from protein metabolism, the excess ammonia can feed tumor growth. In mice, reducing dietary protein lowered ammonia levels, slowed tumor growth, and significantly improved survival.",Health,https://www.sciencedaily.com/releases/2026/03/260305223240.htm
Scientists Just Found the Brain’s Hidden Defense Against Alzheimer’s,A new study has uncovered why some brain cells are more resistant to Alzheimer’s damage than others. Researchers found a natural cleanup system that helps remove toxic tau protein before it can form harmful clumps. The study also shows that cellular stress can produce a dangerous tau fragment linked to Alzheimer’s. Strengthening the brain’s natural defenses could point the way to new treatments.,Health,https://www.sciencedaily.com/releases/2026/03/260303145730.htm
Scientists Reverse Muscle Aging in Mice and Discover a Surprising Catch,"A UCLA study in mice reveals that aging muscle stem cells accumulate a protein that slows repair but boosts survival. This protein, NDRG1, acts like a brake, preventing cells from activating quickly after injury. When researchers blocked it in older mice, muscle healing sped up dramatically — but stem cells became less resilient over time. The work suggests aging may reflect a survival trade-off rather than straightforward decline.",Health,https://www.sciencedaily.com/releases/2026/02/260222092306.htm
"Ancient DNA Solves 12,000-Year-Old Mystery of Rare Genetic Growth Disorder","An Ice Age double burial in Italy has yielded a stunning genetic revelation. DNA from a mother and daughter who lived over 12,000 years ago shows that the younger had a rare inherited growth disorder, confirmed through mutations in a key bone-growth gene. Her mother carried a milder version of the same mutation. The finding not only solves a long-standing mystery but also proves that rare genetic diseases stretch far back into prehistory.",Health,https://www.sciencedaily.com/releases/2026/02/260217005754.htm
A Silent Brain Disease Can Quadruple Dementia Risk,"Researchers studying nearly 2 million older adults found that cerebral amyloid angiopathy sharply raises the risk of developing dementia. Within five years, people with the condition were far more likely to be diagnosed than those without it. The increased risk was present even without a history of stroke. Experts say this makes early screening for memory and thinking changes especially important.",Health,https://www.sciencedaily.com/releases/2026/02/260201223732.htm
Alzheimer’s Scrambles Memories While the Brain Rests,"When the brain rests, it usually replays recent experiences to strengthen memory. Scientists found that in Alzheimer’s-like mice, this replay still occurs — but the signals are jumbled and poorly coordinated. As a result, memory-supporting brain cells lose their stability, and the animals struggle to remember where they’ve been.",Health,https://www.sciencedaily.com/releases/2026/02/260201062459.htm
A Simple Blood Test Could Spot Parkinson’s Years Before Symptoms,"Scientists in Sweden and Norway have uncovered a promising way to spot Parkinson’s disease years—possibly decades—before its most damaging symptoms appear. By detecting subtle biological signals in the blood tied to how cells handle stress and repair DNA, the team identified a brief early window when Parkinson’s quietly leaves a measurable fingerprint.",Health,https://www.sciencedaily.com/releases/2026/01/260129080424.htm
Nearly Half of Dementia Cases May Be Linked to Risks You Can Change,"A long-term brain study found that common risks such as smoking, high blood pressure, heart disease, and high blood lipids were strongly linked to damage associated with vascular dementia. The findings suggest that healthier lifestyle choices could help delay dementia by reducing several harmful brain changes at once.",Health,https://www.sciencedaily.com/releases/2026/08/260803080923.htm
Surprising Study Finds Beef Doesn’t Worsen Blood Sugar or Diabetes Risk,"A new clinical trial suggests that eating beef every day may not be as risky for people with prediabetes as many assume. Researchers found that adults who ate 6–7 ounces of beef daily for a month showed no worsening in blood sugar control, insulin function, inflammation, or other key markers linked to type 2 diabetes when compared to people eating poultry instead.",Health,https://www.sciencedaily.com/releases/2026/05/260521072416.htm
Millions Start Work Too Early. This Drug Helps Them Stay Awake,"Millions of people start work before sunrise—but their brains aren’t ready for it. A new clinical trial has found that the wake-promoting drug solriamfetol can significantly boost alertness in early-morning shift workers struggling with shift work disorder. Participants who took the drug were able to stay awake and function better throughout full shifts, with improvements in productivity, safety, and daily performance.",Health,https://www.sciencedaily.com/releases/2026/04/260401071936.htm
Scientists Create Cartilage Scaffold That Helps the Body Regrow Bone,"Researchers in Sweden have engineered a cell-free cartilage scaffold that can guide the body to rebuild damaged bone. By removing the cells but preserving the structure and natural growth signals, the material acts as a blueprint for the body’s own repair process. In animal studies, it helped regenerate bone without triggering strong immune reactions. The team now plans to scale up production and begin testing the approach in humans.",Health,https://www.sciencedaily.com/releases/2026/03/260305223231.htm
Late Bedtimes Are Linked to Higher Heart Disease Risk,"People who naturally stay up late may be putting their hearts under added strain as they age. A large study tracking more than 300,000 adults found that middle-aged and older night owls had poorer overall heart health and a higher risk of heart attack and stroke than those who were active earlier in the day, with the effect especially pronounced in women. Much of this elevated risk appeared to stem from lifestyle factors common among evening types, including smoking and inadequate sleep.",Health,https://www.sciencedaily.com/releases/2026/01/260130041101.htm
The Early Turning Point When Men’s Heart Risk Accelerates,"Men start developing heart disease earlier than women, with risks rising faster beginning around age 35, according to long-term research. The difference is driven mainly by coronary heart disease, not stroke or heart failure. Traditional risk factors explain only part of the gap. The findings suggest earlier screening could help catch problems before serious damage occurs.",Health,https://www.sciencedaily.com/releases/2026/01/260130041056.htm
The Hidden Reason Cancer Immunotherapy Often Fails,"Cancer immunotherapy has been a game-changer, but many tumors still find ways to slip past the immune system. New research reveals a hidden trick: cancer cells can package the immune-blocking protein PD-L1 into tiny particles that circulate through the body and weaken immunotherapy’s impact. Scientists in Japan discovered that a little-known protein, UBL3, controls this process—and surprisingly, common cholesterol-lowering drugs called statins can shut it down.",Health,https://www.sciencedaily.com/releases/2026/01/260128075323.htm
Why Long COVID Brain Fog Seems So Much Worse in the U.S.,"A massive international study of more than 3,100 long COVID patients uncovered a striking divide in how brain-related symptoms are reported around the world. In the U.S., the vast majority of non-hospitalized patients described brain fog, depression, and anxiety, while far fewer patients in countries like India and Nigeria reported the same issues. The difference doesn’t appear to be about the virus itself, but about culture, stigma, and access to mental health care.",Health,https://www.sciencedaily.com/releases/2026/01/260128075319.htm
Scientists May Have Found the Brain’s Switch for Chronic Pain,"Deep within the brain, scientists have uncovered a hidden “switch” that may decide whether pain fades away—or lingers for months or even years. Researchers found that a small, little-known region called the caudal granular insular cortex (CGIC) acts like a command center, telling the body to keep pain signals alive long after an injury has healed. In animal studies, shutting down this pathway not only prevented chronic pain from forming but could even erase it once it had taken hold.",Health,https://www.sciencedaily.com/releases/2026/04/260426012317.htm
New Iron Nanomaterial Wipes out Cancer Cells Without Harming Healthy Tissue,"Scientists at Oregon State University have engineered a powerful new nanomaterial that zeroes in on cancer cells and destroys them from the inside out. Designed to exploit cancer’s unique chemistry—its acidity and high hydrogen peroxide levels—the tiny iron-based structure sparks not one but two intense chemical reactions, flooding tumors with cell-damaging oxygen molecules. This dual attack overwhelms cancer cells with oxidative stress while sparing healthy tissue.",Health,https://www.sciencedaily.com/releases/2026/02/260228093456.htm
Scientists Discover How Life Experiences Rewrite the Immune System,"Why does the same virus barely faze one person while sending another to the hospital? New research shows the answer lies in a molecular record etched into our immune cells by both our genes and our life experiences. Scientists at the Salk Institute have created a detailed epigenetic map of human immune cells, revealing how inherited traits and past exposures—like infections, vaccines, or even environmental chemicals—shape immune responses in different ways.",Health,https://www.sciencedaily.com/releases/2026/02/260210040608.htm
The Fat You Can’t See Could Be Shrinking Your Brain,"Where your body stores fat may matter just as much as how much you carry—especially for your brain. Using advanced MRI scans and data from nearly 26,000 people, researchers identified two surprising fat patterns tied to faster brain aging, cognitive decline, and higher neurological disease risk. One involves unusually high fat buildup in the pancreas, even without much liver fat, while the other—often called “skinny fat”—affects people who don’t appear severely obese but carry excess fat relative to muscle.",Health,https://www.sciencedaily.com/releases/2026/01/260127112127.htm
New Review Finds Wild Blueberries Support Heart and Gut Health,"A sweeping scientific review highlights wild blueberries as a standout food for cardiometabolic health. The strongest evidence shows improvements in blood vessel function, with encouraging signs for blood pressure, cholesterol, blood sugar, gut health, and cognition. Researchers suggest these benefits may kick in within hours—or build over weeks—thanks to the berries’ unique mix of polyphenols and fiber.",Health,https://www.sciencedaily.com/releases/2026/01/260127112125.htm
A Common Parasite in the Brain Is Far More Active Than We Thought,"A common parasite long thought to lie dormant is actually much more active and complex. Researchers found that Toxoplasma gondii cysts contain multiple parasite subtypes, not just one sleeping form. Some are primed to reactivate and cause disease, which helps explain why infections are so hard to treat. The discovery could reshape efforts to develop drugs that finally eliminate the parasite for good.",Health,https://www.sciencedaily.com/releases/2026/01/260127112124.htm
Tiny Plastics in Drinking Water May Be Making Dangerous Bacteria Stronger,"Tiny plastic particles in drinking water may be doing more than contaminating the environment. New research suggests nanoplastics can actually help harmful bacteria survive by strengthening the slimy biofilms they form inside water systems. These tougher biofilms become more resistant to disinfectants, making them harder to remove and potentially increasing public health risks.",Health,https://www.sciencedaily.com/releases/2026/07/260714225532.htm
Why Middle Age Is Becoming a Breaking Point in the U.S.,"A new international study finds that middle-aged Americans are lonelier, more depressed, and experiencing worse memory and health than earlier generations. Researchers say growing financial strain, weaker social supports, and chronic stress may explain why the U.S. is falling behind other wealthy nations.",Health,https://www.sciencedaily.com/releases/2026/06/260613215430.htm
"Dementia Risk Linked to Nitrate in Drinking Water, Study Finds","A major long-term study of more than 54,000 adults found that where nitrate comes from may matter far more than how much you consume. People who got more nitrate from vegetables—roughly the amount in a cup of baby spinach a day—had a lower risk of developing dementia, while higher nitrate and nitrite intake from red meat, processed meat, and even drinking water was linked to a greater risk.",Health,https://www.sciencedaily.com/releases/2026/06/260606075852.htm
This Common Gout Drug May Slash Heart Attack and Stroke Risk,"A major new study reveals that treating gout may do far more than ease painful joint flare-ups—it could also protect the heart. Researchers found that patients who took common gout medications like allopurinol and successfully lowered their blood urate levels had a significantly reduced risk of heart attacks, strokes, and cardiovascular death over five years.",Health,https://www.sciencedaily.com/releases/2026/04/260414075646.htm
New Toothpaste Stops Gum Disease Without Killing Good Bacteria,"Scientists have developed a new way to fight gum disease without wiping out the mouth’s helpful bacteria—a major shift from traditional treatments. Instead of killing everything, this targeted approach blocks only the harmful microbes that drive periodontitis, allowing beneficial bacteria to thrive and restore balance naturally.",Health,https://www.sciencedaily.com/releases/2026/04/260413043141.htm
Scientists Find Gut Bacteria Inject Proteins That Control Your Immune System,"Gut bacteria aren’t just passive passengers—they can actively send proteins straight into our cells. Using microscopic injection systems, even harmless microbes can influence immune responses and metabolic pathways. Researchers found these interactions may play a role in inflammatory diseases like Crohn’s. It’s a major shift in how scientists understand the microbiome’s power over human health.",Health,https://www.sciencedaily.com/releases/2026/03/260326080752.htm
First Ever Atomic Movie Reveals Hidden Driver of Radiation Damage,"Researchers have visualized atoms in motion just before a radiation-driven decay process occurs, revealing a surprisingly dynamic scene. Instead of remaining fixed, the atoms roam and rearrange, directly influencing how and when the decay unfolds. This “atomic movie” shows that structure and motion play a central role in radiation damage mechanisms. The findings could improve our understanding of how harmful radiation affects biological matter.",Health,https://www.sciencedaily.com/releases/2026/03/260324024251.htm
This New Tooth Powder Whitens Teeth Without Damage,"Researchers have developed a teeth-whitening powder that works with the vibrations of an electric toothbrush to safely remove stains. Unlike traditional whiteners, it not only brightens teeth but also repairs enamel and supports healthy oral bacteria. Lab tests showed dramatic whitening effects, while animal studies revealed reduced harmful microbes and inflammation. This could pave the way for a new generation of at-home dental care.",Health,https://www.sciencedaily.com/releases/2026/03/260323005538.htm
This Simple Blood Protein Could Stop a Deadly Black Fungus,"Scientists have uncovered a surprising new hero in the fight against one of the world’s deadliest fungal infections: albumin, the most abundant protein in human blood. In a major international study, researchers found that people who develop mucormycosis — a fast-moving and often fatal “black fungus” infection — have strikingly low levels of albumin, and that this deficiency strongly predicts death.",Health,https://www.sciencedaily.com/releases/2026/03/260303050633.htm
Your Morning Coffee Could One Day Help Fight Cancer,"Scientists at Texas A&amp;M are turning an everyday pick-me-up into a high-tech medical switch. By combining caffeine with CRISPR gene editing, researchers have created a system that allows cells to be programmed in advance — and then activated simply by consuming a small dose of caffeine from coffee, chocolate, or soda. The approach, known as chemogenetics, lets scientists precisely turn gene-editing activity on and off inside targeted cells, including powerful immune T cells that can fight cancer.",Health,https://www.sciencedaily.com/releases/2026/02/260227071940.htm
People Who Switched to Cannabis Drinks Cut Their Alcohol Use Nearly in Half,"A new University at Buffalo study suggests cannabis-infused beverages could help some people cut back on alcohol. In a survey of cannabis users, those who drank cannabis beverages reported cutting their weekly alcohol intake roughly in half and binge drinking less often. Nearly two-thirds said they reduced or stopped drinking alcohol after starting cannabis drinks.",Health,https://www.sciencedaily.com/releases/2026/02/260217005806.htm
Menopause Linked to Grey Matter Loss in Key Brain Regions,"A major study suggests menopause is linked to changes in brain structure, mental health, and sleep. Brain scans revealed grey matter loss in areas tied to memory and emotional regulation, while many women reported increased anxiety, depression, and fatigue. Hormone therapy did not reverse these effects, though it may slow age-related declines in reaction speed. Researchers say menopause could represent an important turning point for brain health.",Health,https://www.sciencedaily.com/releases/2026/02/260207092904.htm
Why Heart Disease Risk in Type 2 Diabetes Looks Different for Men and Women,"Scientists are digging into why heart disease risk in type 2 diabetes differs between men and women—and sex hormones may be part of the story. In a large Johns Hopkins study, men with higher testosterone had lower heart disease risk, while rising estradiol levels were linked to higher risk. These hormone effects were not seen in women. The results point toward more personalized approaches to heart disease prevention in diabetes.",Health,https://www.sciencedaily.com/releases/2026/02/260203030537.htm
Middle Age Is Becoming a Breaking Point in the U.S.,"Middle age is becoming a tougher chapter for many Americans, especially those born in the 1960s and early 1970s. Compared with earlier generations, they report more loneliness and depression, along with weaker physical strength and declining memory. These troubling trends stand out internationally, as similar declines are largely absent in other wealthy nations, particularly in Nordic Europe, where midlife well-being has improved.",Health,https://www.sciencedaily.com/releases/2026/02/260201062457.htm
A Quiet Change in Everyday Foods Could Save Thousands of Lives,"Lowering salt in everyday foods could quietly save lives. Researchers found that modest sodium reductions in bread, packaged foods, and takeout meals could significantly reduce heart disease and stroke rates in France and the U.K. The key advantage is that people would not need to alter their eating habits at all. Small changes to the food supply could deliver large, long-term health benefits.",Health,https://www.sciencedaily.com/releases/2026/01/260131082433.htm
A Fish That Ages in Months Reveals How Kidneys Grow Old,"A fast-aging fish is giving scientists a rare, accelerated look at how kidneys grow old—and how a common drug may slow that process down. Researchers found that SGLT2 inhibitors, widely used to treat diabetes and heart disease, preserved kidney structure, blood vessels, and energy production as the fish aged, while also calming inflammation. The results help explain why these drugs protect kidneys and hearts so reliably in people, even beyond blood sugar control.",Health,https://www.sciencedaily.com/releases/2026/01/260129080428.htm
Helping With Grandkids May Slow Cognitive Decline,Helping care for grandchildren may offer an unexpected boost to brain health later in life. Researchers found that grandparents who provided childcare scored higher on memory and verbal skills than those who did not. The effect did not depend on how often they helped or the type of care they provided. Being involved as a caregiver itself appeared to matter most.,Health,https://www.sciencedaily.com/releases/2026/01/260128230518.htm
Long-Term Alcohol Use Linked to a Sharp Rise in Rectal Cancer,"Drinking heavily over many years is linked to a higher risk of colorectal cancer, especially rectal cancer, according to new research tracking U.S. adults for two decades. People who drank heavily throughout adulthood faced sharply higher risks than light drinkers. Former drinkers did not show increased cancer risk and had fewer precancerous tumors. The results suggest that quitting alcohol may help lower long-term cancer risk.",Health,https://www.sciencedaily.com/releases/2026/01/260128230514.htm
USC Scientists Discover a Hidden Alzheimer’s Trigger and a Possible Way to Shut It Down,"USC researchers have identified potential new drug compounds that may reduce the brain inflammation linked to Alzheimer’s disease, especially in people with the high-risk APOE4 gene. The compounds target cPLA2, an enzyme that seems to fuel harmful inflammation while also being important for normal brain activity.",Health,https://www.sciencedaily.com/releases/2026/05/260525000504.htm
Stanford Scientists Say Colorblindness May Hide a Deadly Bladder Cancer Warning,"Colorblindness may be doing more than making traffic lights confusing — it could also be hiding a life-threatening warning sign. Researchers analyzing millions of medical records found that people with bladder cancer who are also colorblind have a 52% higher mortality rate over 20 years compared to those with normal vision. The likely reason: many people with color vision deficiency struggle to see red, making it harder to notice blood in urine, the most common early sign of bladder cancer.",Health,https://www.sciencedaily.com/releases/2026/03/260309225222.htm
Just Two Days of Oatmeal Cut Bad Cholesterol by 10%,"Eating nothing but oatmeal for just two days might sound extreme, but it delivered a striking payoff in a new clinical trial. People with metabolic syndrome who followed a short, calorie-reduced oat-based plan saw their harmful LDL cholesterol drop by 10%, along with modest weight loss and lower blood pressure. Even more surprising, the cholesterol benefits were still visible six weeks later.",Health,https://www.sciencedaily.com/releases/2026/02/260225081217.htm
Study Finds Vegetarians Over 80 Less Likely to Reach 100,"Avoiding meat might slightly lower the odds of reaching 100 — but only for frail, underweight seniors. In very old age, staying strong and maintaining muscle matters more than long-term disease prevention. Older adults who included fish, eggs, or dairy were just as likely to become centenarians as meat eaters, suggesting that key nutrients may make the difference. The takeaway: nutrition needs change dramatically with age.",Health,https://www.sciencedaily.com/releases/2026/02/260225081214.htm
Mysterious RNA Led Scientists to a Hidden Layer of Cancer,"A mysterious RNA found in breast cancer led scientists to uncover an entire hidden class of cancer-specific RNAs across dozens of tumor types. These molecules form unique molecular signatures that identify cancer type and subtype with remarkable accuracy. Some even drive tumor growth and metastasis. Because many are released into the bloodstream, a simple blood test can track how patients respond to treatment and predict survival.",Health,https://www.sciencedaily.com/releases/2026/02/260216084527.htm
A New Scan Lets Scientists See Inside the Human Body in 3D Color,"A new imaging breakthrough combines ultrasound and light-based techniques to generate vivid 3D images that show both tissue structure and blood vessel activity. Developed by researchers at Caltech and USC, the system delivers detailed results quickly and without radiation or contrast dyes. It has already been used to image multiple parts of the human body. The approach could significantly improve cancer detection, nerve-damage monitoring, and brain imaging.",Health,https://www.sciencedaily.com/releases/2026/02/260204121550.htm
Your Fireplace May Be Doing More Harm Than You Think,"Home fireplaces and wood stoves are quietly driving a large share of winter air pollution, even though only a small number of households rely on wood heat. Researchers found that wood smoke accounts for over one-fifth of Americans’ winter exposure to dangerous fine particles linked to heart disease and early death. Much of this pollution drifts into cities, where it disproportionately harms people of color. Reducing wood burning could deliver major public health benefits.",Health,https://www.sciencedaily.com/releases/2026/01/260126075839.htm
This Common Amino Acid Helped Mice Survive Deadly Inflammation,"A Salk Institute study found that a simple dietary amino acid, methionine, dramatically improved survival in mice facing severe infections and inflammatory conditions. Rather than directly targeting the immune system, methionine boosted kidney filtration, helping the body flush out excess inflammatory molecules that can cause tissue damage, brain dysfunction, wasting, and death.",Health,https://www.sciencedaily.com/releases/2026/05/260530053429.htm
Insulin Pills May Soon Replace Daily Injections,"For over a century, scientists have chased the dream of insulin pills, but the digestive system kept destroying the drug before it could work—forcing millions of patients to rely on daily injections. Now, researchers at Kumamoto University have developed a clever workaround using a tiny peptide that helps insulin slip through the intestinal wall.",Health,https://www.sciencedaily.com/releases/2026/03/260324024302.htm
Women Over 50 Lost 35% More Weight With This Surprising Combo,"Postmenopausal women may have a powerful new edge in the battle against weight gain. A Mayo Clinic study found that those using menopausal hormone therapy while taking the obesity drug tirzepatide lost about 35% more weight than those on the drug alone. The findings hint at a surprising synergy between hormones and cutting-edge weight-loss medications, potentially opening the door to more effective, personalized treatments for millions of women facing increased cardiometabolic risks after menopause.",Health,https://www.sciencedaily.com/releases/2026/03/260323005543.htm
New AI Tool Predicts Cancer Spread With Surprising Accuracy,"Researchers have discovered that cancer spread isn’t random—it follows a kind of biological “program.” By studying colon tumor cells, they identified gene patterns that signal whether a cancer is likely to metastasize. Their AI model, MangroveGS, can predict this risk with about 80% accuracy and even works across multiple cancer types. This could transform how doctors decide who needs aggressive treatment and who doesn’t.",Health,https://www.sciencedaily.com/releases/2026/03/260321012709.htm
New Scan Spots Heart Disease Years Before Symptoms,"A new imaging technology called fast-RSOM lets researchers see the smallest blood vessels in the body without invasive procedures. It can detect early dysfunction in these vessels — a quiet warning sign of future heart disease — long before symptoms appear. Unlike traditional risk estimates, it measures real changes happening in the body. The portable system could one day be used in routine checkups to catch heart risks earlier.",Health,https://www.sciencedaily.com/releases/2026/01/260129080954.htm
A Trojan Horse Cancer Therapy Shows Stunning Results,"Scientists at Mount Sinai have unveiled a bold new way to fight metastatic cancer by turning the tumor’s own defenses against it. Instead of attacking cancer cells head-on, the experimental immunotherapy targets macrophages—immune cells that tumors hijack to shield themselves from attack. By eliminating or reprogramming these “bodyguards,” the treatment cracks open the tumor’s protective barrier and allows the immune system to flood in and destroy the cancer.",Health,https://www.sciencedaily.com/releases/2026/01/260128075332.htm
Obesity and High Blood Pressure May Directly Cause Dementia,"A new genetic study suggests that obesity and high blood pressure may play a direct role in causing dementia, not just increasing the risk. By analyzing data from large populations in Denmark and the U.K., researchers found strong evidence that higher body weight can damage brain health over time, especially when it leads to elevated blood pressure. Much of the dementia risk appeared to be tied to vascular damage in the brain, which affects blood flow and cognitive function.",Health,https://www.sciencedaily.com/releases/2026/01/260126231847.htm
Why Chronic Gut Inflammation Can Turn Into Colon Cancer,"A newly uncovered immune chain reaction in the gut may explain why people with inflammatory bowel disease face a much higher risk of colorectal cancer. Researchers found that a powerful inflammatory signal flips on specialized gut immune cells, which then call in waves of white blood cells from the bone marrow and rewire them in ways that help tumors grow. This process appears to damage DNA in the gut lining and create a tumor-friendly environment.",Health,https://www.sciencedaily.com/releases/2026/01/260125083401.htm
"A Lost Disease Emerges from 5,500-Year-Old Human Remains","A 5,500-year-old skeleton from Colombia has revealed the oldest known genome of the bacterium linked to syphilis and related diseases. The ancient strain doesn’t fit neatly into modern categories, hinting at a forgotten form that split off early in the pathogen’s evolution. This pushes the history of treponemal diseases in the Americas back by millennia and shows they were already diversifying long before written records.",Health,https://www.sciencedaily.com/releases/2026/01/260125083349.htm
Scientists Just Cracked the Hidden Rules of Cancer Evolution,"Cancer doesn’t evolve by pure chaos. Scientists have developed a powerful new method that reveals the hidden rules guiding how cancer cells gain and lose whole chromosomes—massive genetic shifts that help tumors grow, adapt, and survive treatment. By tracking thousands of individual cells over time, the approach shows which chromosome combinations give cancer an edge and why some tumors become especially resilient.",Health,https://www.sciencedaily.com/releases/2026/01/260125083344.htm
Scientists Exposed How Cancer Hides in Plain Sight,"Pancreatic cancer may evade the immune system using a clever molecular trick. Researchers found that the cancer-driving protein MYC also suppresses immune alarm signals, allowing tumors to grow unnoticed. When this immune-shielding ability was disabled in animal models, tumors rapidly collapsed. The findings point to a new way to expose cancer to the body’s own defenses without harming healthy cells.",Health,https://www.sciencedaily.com/releases/2026/01/260124003811.htm
Chemotherapy Rewires Gut Bacteria to Block Metastasis,"Chemotherapy’s gut damage turns out to have a surprising upside. By changing nutrient availability in the intestine, it alters gut bacteria and increases levels of a microbial molecule that travels to the bone marrow. This signal reshapes immune cell production, strengthening anti-cancer defenses and making metastatic sites harder for tumors to colonize. Patient data suggest this immune rewiring is linked to better survival.",Health,https://www.sciencedaily.com/releases/2026/01/260123225920.htm
Cancer May Be Breaking Its Own DNA to Keep Growing,"Cancer cells rely on powerful genetic switches to keep growth genes running at full speed, but that intense activity can damage their own DNA. The resulting breaks are repeatedly repaired, sometimes with small mistakes that allow new mutations to accumulate. Researchers believe this self-inflicted damage may help tumors evolve while also creating a potential target for new treatments.",Health,https://www.sciencedaily.com/releases/2026/07/260731034204.htm
"Takeaway Meals Contain More Salt Than Advertised, Study Finds","Almost half of the takeaway meals tested contained more salt than advertised, with some dishes delivering nearly twice the recommended daily limit in a single serving. Surprisingly, classic fish and chips ranked among the lowest-salt options, while pasta, pizza, and curries were often the saltiest.",Health,https://www.sciencedaily.com/releases/2026/06/260625060218.htm
Scientists Solve a 30-Year Rye Pollen Mystery That Could Transform Cancer Research,"Scientists have finally solved a nearly 30-year-old mystery surrounding two unusual molecules found in rye pollen that once showed an intriguing ability to help animals fight tumors. By determining their exact 3D structures, researchers have unlocked the blueprint needed to investigate how these natural compounds interact with the immune system and which parts may be responsible for their cancer-fighting effects.",Health,https://www.sciencedaily.com/releases/2026/06/260625014838.htm
Only One Workout Helped Older Adults Lose Fat Without Losing Muscle,"A six-month study of more than 120 adults in their 70s found that high-intensity interval training (HIIT) may offer a key advantage over other forms of exercise: it helped reduce body fat while preserving valuable muscle mass. While moderate and low-intensity workouts also led to some fat loss, only HIIT maintained lean muscle, which becomes increasingly important with age.",Health,https://www.sciencedaily.com/releases/2026/06/260622014305.htm
These Tiny Holes Could Change How the World Cleans Water,"A new nature-inspired membrane uses perfectly uniform one-nanometer pores to filter molecules with remarkable precision. The technology could transform industries such as pharmaceuticals and textiles by reducing energy consumption, improving water reuse, and delivering separation performance far beyond current filters.",Health,https://www.sciencedaily.com/releases/2026/06/260612032049.htm
Scientists Find Hidden Brain Cells Helping Deadly Cancer Grow,"Scientists in Canada have uncovered a surprising weakness in glioblastoma, one of the deadliest brain cancers. They found that certain brain cells—once believed to only support healthy nerves—can actually help tumors grow by sending signals that strengthen cancer cells. When researchers blocked this communication, tumor growth slowed dramatically in lab models.",Health,https://www.sciencedaily.com/releases/2026/04/260405003933.htm
Gum Disease Bacterium Linked to Breast Cancer Growth and Spread,"A common oral bacterium tied to gum disease may help spark and fuel breast cancer, according to new research. Scientists discovered it can travel through the bloodstream to breast tissue, where it causes DNA damage and speeds tumor growth and spread. It also appears to make cancer cells more aggressive and resistant to therapy. The effect is even stronger in people with BRCA1 mutations, raising new questions about the role of oral health in cancer risk.",Health,https://www.sciencedaily.com/releases/2026/03/260319044719.htm
Just 24 Minutes of Specially Designed Music Could Significantly Reduce Anxiety,"A clinical trial found that listening to specially designed music with auditory beat stimulation can significantly reduce anxiety. Among several listening lengths tested, a 24-minute session delivered the biggest benefits, easing both mental and physical symptoms of anxiety. The results suggest there may be an ideal “dose” of therapeutic music that works quickly without requiring long listening sessions.",Health,https://www.sciencedaily.com/releases/2026/03/260315225133.htm
This Simple Diet Shift Cut 330 Calories a Day Without Smaller Meals,"People who switch to a fully unprocessed diet don’t just eat differently—they eat smarter. Research from the University of Bristol shows that when people avoid ultra-processed foods, they naturally pile their plates with fruits and vegetables, eating over 50% more food by weight while still consuming hundreds fewer calories each day. This happens because whole foods trigger a kind of built-in “nutritional intelligence,” nudging people toward nutrient-rich, lower-calorie options.",Health,https://www.sciencedaily.com/releases/2026/02/260204121547.htm
These Nanoparticles Could Destroy Disease Proteins Behind Dementia and Cancer,"Researchers have developed smart nanoparticles that can seek out and destroy disease-causing proteins the body can’t normally eliminate. Unlike traditional drugs, these particles can reach hard-to-access tissues, including the brain, and precisely target problem proteins without widespread side effects. Early results show promise against major cancer drivers, and the platform is designed to be easily adapted to many diseases. The work could reshape the future of precision medicine.",Health,https://www.sciencedaily.com/releases/2026/01/260127112134.htm
The Hidden Health Impact of Growing Up With ADHD Traits,"A large, decades-long study suggests that signs of ADHD in childhood may have consequences that extend well beyond school and behavior. Researchers followed nearly 11,000 people from childhood into midlife and found that those with strong ADHD traits at age 10 were more likely to experience multiple physical health problems and health-related disability by their mid-40s.",Health,https://www.sciencedaily.com/releases/2026/01/260124073920.htm
Quantum Mechanics Once Baffled Scientists. Now It's Changing the World,"Quantum mechanics has journeyed from a strange and controversial idea to the foundation of some of humanity’s most advanced technologies. Now researchers are pushing its boundaries even further, with potential breakthroughs in energy, medicine, computing, and our understanding of the universe.",Health,https://www.sciencedaily.com/releases/2026/06/260624025516.htm
This Drug Delayed Rheumatoid Arthritis for Years After Treatment Ended,"A promising new study suggests rheumatoid arthritis may not be as inevitable as once thought for people at high risk. Researchers found that just one year of treatment with the immune-targeting drug abatacept delayed the onset of rheumatoid arthritis by up to four years, with benefits lasting long after treatment ended.",Health,https://www.sciencedaily.com/releases/2026/05/260530053426.htm
Scientists Discover a Two-Stage Aging Process That May Cause Cancer and Arthritis,"A new theory suggests many age-related diseases may actually start decades before symptoms appear. Researchers say early-life damage — from infections, injuries, or genetic mutations — can remain hidden until aging weakens the body’s ability to keep it under control. This could explain why conditions like cancer, osteoarthritis, and shingles suddenly emerge later in life.",Health,https://www.sciencedaily.com/releases/2026/05/260521072420.htm
Doctors Warn This Popular Vitamin May Quietly Disrupt Cancer Care,"Many cancer patients turn to biotin supplements hoping to restore hair lost during treatment, but experts warn the popular vitamin may do more harm than good. While biotin is often marketed for stronger hair and nails, there’s little evidence it actually helps cancer-related hair loss—and it can dangerously interfere with lab tests. Doctors say the supplement can distort key blood markers, potentially masking cancer recurrence or delaying treatment decisions.",Health,https://www.sciencedaily.com/releases/2026/05/260506225551.htm
This One Change to Your Exercise Routine Could Add Years to Your Life,"Mixing up your workouts might be the real secret to a longer life. Long-term research tracking over 100,000 people for more than three decades suggests that doing a variety of physical activities—rather than just more of the same—can significantly lower the risk of death. Interestingly, the benefits don’t keep rising endlessly; they seem to level off after a certain point, hinting at a “sweet spot” of activity.",Health,https://www.sciencedaily.com/releases/2026/04/260426012305.htm
"Ancient Mass Grave Reveals How a Pandemic Wiped out a City 1,500 Years Ago","A newly confirmed mass grave in ancient Jordan offers chilling insight into one of history’s first pandemics. Hundreds of plague victims were buried within days, revealing how the Plague of Justinian devastated entire communities. The findings show that people who usually lived spread out across regions were suddenly concentrated in death. It’s a powerful reminder that pandemics don’t just spread disease—they reshape how societies live and collapse.",Health,https://www.sciencedaily.com/releases/2026/04/260423031540.htm
Shingles Vaccine May Slow Biological Aging and Reduce Inflammation,"A shingles shot might do more than prevent a painful rash — it could actually help slow down the aging process. In a large national study of more than 3,800 Americans age 70 and older, those who received the shingles vaccine showed slower biological aging compared to those who didn’t. Researchers found lower levels of chronic inflammation and slower changes in gene activity linked to aging, suggesting the vaccine may calm the body’s “inflammaging” — the low-grade inflammation tied to heart disease, frailty, and cognitive decline.",Health,https://www.sciencedaily.com/releases/2026/02/260225081153.htm
Brain Waves Could Help Paralyzed Patients Move Again,"People with spinal cord injuries often lose movement even though their brains still send the right signals. Researchers tested whether EEG brain scans could capture those signals and reroute them to spinal stimulators. The system can detect when a patient is trying to move, though finer control remains a challenge. Scientists hope future improvements could turn intention into action.",Health,https://www.sciencedaily.com/releases/2026/01/260124073926.htm
A Common Vitamin Could Influence Bathroom Frequency,"Scientists studying genetic data from over a quarter million people have uncovered new clues about what controls how fast the gut moves. They identified multiple DNA regions linked to bowel movement frequency, confirming known gut pathways and revealing new ones. The biggest surprise was a strong connection to vitamin B1, a common nutrient not usually linked to digestion.",Health,https://www.sciencedaily.com/releases/2026/01/260122074659.htm
Finally Explained: Why Kidney Disease Is So Deadly for the Heart,"Scientists have uncovered why people with chronic kidney disease so often die from heart problems: damaged kidneys release tiny particles into the bloodstream that actively poison the heart. These particles, produced only by diseased kidneys, carry genetic material that disrupts heart function and can lead to heart failure.",Health,https://www.sciencedaily.com/releases/2026/01/260120095116.htm
Scientists Identify Hidden Protein Interaction Driving Parkinson’s Disease,"Researchers have identified a key molecular interaction that accelerates Parkinson’s disease by damaging the brain’s energy systems. They designed a new treatment that intercepts this harmful process, protecting brain cells and restoring their function. In lab and animal models, the approach improved movement and cognitive performance while reducing inflammation. The findings point toward a new generation of Parkinson’s therapies aimed at the root cause, not just the symptoms.",Health,https://www.sciencedaily.com/releases/2026/01/260120095111.htm
Ancient Chinese Medicine Could Transform Hair Loss Treatment,"A traditional Chinese medicinal root used for over a thousand years is attracting new scientific attention for its potential to combat hair loss. Studies suggest Polygonum multiflorum can block harmful hormones, activate hair-growth signals, protect follicles, and boost blood flow to the scalp. Researchers say the herb’s effects align remarkably well with both ancient descriptions and modern hair biology.",Health,https://www.sciencedaily.com/releases/2026/06/260606015144.htm
Scientists Discover Protein That Rejuvenates Aging Brain Cells,"A newly identified protein may hold the key to rejuvenating aging brain cells. Researchers found that boosting DMTF1 can restore the ability of neural stem cells to regenerate, even when age-related damage has set in. Without it, these cells struggle to renew and support memory and learning. The findings raise hopes for treatments that could slow or even reverse aspects of brain aging.",Health,https://www.sciencedaily.com/releases/2026/02/260212025620.htm
Ancient Chinese Medicine May Hold the Key to Hair Regrowth,"A centuries-old Chinese medicinal root is getting new scientific attention as a potential game-changer for common hair loss. Polygonum multiflorum, long believed to restore dark, healthy hair, appears to work on multiple fronts at once—blocking hair-shrinking hormones, protecting follicles from damage, activating natural regrowth signals, and boosting blood flow to the scalp.",Health,https://www.sciencedaily.com/releases/2026/02/260208233839.htm
Why Some People Get Bad Colds and Others Don’t,"Scientists found that nasal cells act as a first line of defense against the common cold, working together to block rhinovirus soon after infection. A fast antiviral response can stop the virus before symptoms appear. If that response is weakened or delayed, the virus spreads and causes inflammation and breathing problems. The study highlights why the body’s reaction matters more than the virus alone.",Health,https://www.sciencedaily.com/releases/2026/01/260122074702.htm
Scientists Are Building Viruses from Scratch to Fight Superbugs,"Researchers from New England Biolabs (NEB&amp;reg;) and Yale University describe the first fully synthetic bacteriophage engineering system for Pseudomonas aeruginosa, an antibiotic-resistant bacterium of global concern, in a new PNAS study. The system is enabled by NEB&amp;rsquo;s High-Complexity Golden Gate Assembly (HC-GGA) platform. In this method, researchers engineer bacteriophages synthetically using sequence data rather than bacteriophage isolates.",Health,https://www.sciencedaily.com/releases/2026/01/260121034128.htm
Scientists Discover the Human Heart Can Regrow Muscle After a Heart Attack,"Researchers have shown for the first time that human heart muscle cells can regrow after a heart attack. The finding overturns the idea that damaged areas of the heart are completely incapable of regeneration. Scientists now hope to identify ways to dramatically boost this natural repair process, potentially opening a new path toward treatments for heart failure.",Health,https://www.sciencedaily.com/releases/2026/09/260909231754.htm
Cannabis Was Touted for Nerve Pain. The Evidence Falls Short,"Cannabis-based medicines have been widely promoted as a potential answer for people living with chronic nerve pain—but a major new review finds the evidence just isn’t there yet. After analyzing more than 20 clinical trials involving over 2,100 adults, researchers found no strong proof that cannabis products outperform placebos in relieving neuropathic pain. Even when small improvements were reported, especially with THC-CBD combinations, they weren’t large enough to make a real difference in daily life.",Health,https://www.sciencedaily.com/releases/2026/01/260118233547.htm
A Stress Hormone May Help the Brain Repair Itself,"A surprising stress-related signal may help the brain repair itself after injury. Researchers found that myelin-producing precursor cells rapidly release the stress hormone CRH near damaged brain tissue, helping control how those cells mature and rebuild protective nerve insulation. The same system also influences brain development and the thickness of myelin later in life. The findings could offer new clues about how early-life stress contributes to psychiatric disorders.",Health,https://www.sciencedaily.com/releases/2026/08/260814011044.htm
Scientists Discover “overflow Valve” in Cells Linked to Parkinson’s Disease,"Researchers have identified a crucial ion channel, TMEM175, that acts like an overflow valve in the cell’s recycling system. It regulates acidity inside lysosomes, ensuring they function properly. When TMEM175 is faulty, toxic buildup can occur, contributing to diseases like Parkinson’s. This breakthrough reveals a promising new target for future therapies.",Health,https://www.sciencedaily.com/releases/2026/03/260325005920.htm
Millions of Kids Take Melatonin but Doctors Are Raising Red Flags,"Melatonin is now widely used to help children sleep, but scientists say the enthusiasm may be getting ahead of the evidence. A major review found clear benefits for children with conditions like autism and ADHD, yet far less data exists for typical childhood insomnia. Researchers also warn about mislabeled supplement doses and rising accidental ingestions among young kids. Experts say melatonin should be used carefully and only alongside proven behavioral sleep strategies.",Health,https://www.sciencedaily.com/releases/2026/03/260315004407.htm
Scientists Discover the Body’s Hidden “off Switch” for Inflammation,"A new human study has uncovered how the body naturally turns off inflammation. Researchers found that fat-derived molecules called epoxy-oxylipins rein in immune cells that can otherwise drive chronic disease. Using a drug to boost these molecules reduced pain faster and lowered harmful inflammatory cells. The discovery could pave the way for safer treatments for arthritis, heart disease, and other inflammation-related conditions.",Health,https://www.sciencedaily.com/releases/2026/02/260219040816.htm
Doctors May Be Missing Early Signs of Kidney Disease,"Kidney disease often creeps in silently, and many patients aren’t diagnosed until major damage is already done. New research shows that even “normal” kidney test results can signal danger if they’re unusually low for someone’s age. By mapping kidney function across the population, scientists revealed who’s quietly at higher risk. A new online tool could help doctors catch these warning signs years earlier.",Health,https://www.sciencedaily.com/releases/2026/02/260204121543.htm
The Genetic Advantage That Helps Some People Stay Sharp for Life,"A new study reveals that super agers over 80 have a distinct genetic edge. They are much less likely to carry the gene most associated with Alzheimer’s risk, even when compared with other healthy seniors. Researchers also found higher levels of a protective gene variant in this group. Together, the findings help explain why some people age with remarkably youthful minds.",Health,https://www.sciencedaily.com/releases/2026/01/260122093435.htm
Scientists Discover Why Some Wounds Refuse to Heal,"Scientists have uncovered a surprising reason why some chronic wounds refuse to heal, even when treated with antibiotics. A common bacterium found in long-lasting wounds does not just resist drugs. It actively releases damaging molecules that overwhelm skin cells and stop them from repairing tissue. Researchers discovered that neutralizing these harmful molecules with antioxidants allows skin cells to recover and restart healing.",Health,https://www.sciencedaily.com/releases/2026/01/260120015650.htm
Major Review Finds No Autism or ADHD Risk from Pregnancy Tylenol,"A major new scientific review brings reassuring news for expectant parents: using acetaminophen, commonly known as Tylenol, during pregnancy does not increase a child’s risk of autism, ADHD, or intellectual disability. Researchers analyzed 43 high-quality studies, including powerful sibling comparisons that help separate medication effects from genetics and family environment. Earlier warnings appear to have been driven by underlying maternal health factors such as fever or pain rather than the medication itself.",Health,https://www.sciencedaily.com/releases/2026/01/260118233553.htm
Tiny Earthquakes Are Revealing a Dangerous Secret Beneath California,"Scientists are uncovering a hidden and surprisingly complex earthquake zone beneath Northern California by tracking swarms of tiny earthquakes that are far too weak to feel. These faint tremors are revealing what lies beneath the surface where the San Andreas fault meets the Cascadia subduction zone, one of the most dangerous seismic regions in North America.",Health,https://www.sciencedaily.com/releases/2026/01/260117053529.htm
New Drug Target Discovered for Devastating “brain on Fire” Disease,"Scientists have zeroed in on a critical weak spot behind a rare but devastating brain autoimmune disorder often known as “Brain on Fire.” The disease strikes when the immune system attacks NMDA receptors—key molecules involved in memory and thinking—leading to psychiatric symptoms, seizures, and even death.",Health,https://www.sciencedaily.com/releases/2026/02/260225081150.htm
Flea and Tick Treatments for Dogs and Cats May Be Harming Wildlife,"Flea and tick medications trusted by pet owners worldwide may have an unexpected environmental cost. Scientists found that active ingredients from isoxazoline treatments pass into pet feces, exposing dung-feeding insects to toxic chemicals. These insects are essential for nutrient cycling and soil health. The findings suggest everyday pet treatments could ripple through ecosystems in surprising ways.",Health,https://www.sciencedaily.com/releases/2026/02/260221000328.htm
Scientists Discover Hidden Trigger Behind Achilles Pain and Tennis Elbow,"A protein called HIF1 may be the missing link behind painful tendon injuries like jumper’s knee and tennis elbow. Researchers showed that high levels of HIF1 actually cause harmful changes that make tendons brittle and prone to pain. In experiments, turning the protein off protected tendons — even under heavy strain.",Health,https://www.sciencedaily.com/releases/2026/02/260212025618.htm
Hearing Aids Didn’t Boost Memory Tests but Dementia Risk Dropped,"A long-term study of older adults with moderate hearing loss found that hearing aids did not lead to better performance on memory or thinking tests, but the story did not end there. Over seven years, people who were prescribed hearing aids were significantly less likely to develop dementia than those who were not.",Health,https://www.sciencedaily.com/releases/2026/02/260209064314.htm
Scientists Found a Gut Compound That Helps Protect the Liver,"What a mother eats during pregnancy may quietly shape her child’s liver health years down the road—but new research suggests there may be a way to tip the odds back in a healthier direction. Scientists found that a natural compound made by healthy gut bacteria dramatically reduced fatty liver disease in the offspring of mice whose mothers ate a high-fat, high-sugar diet. The compound, called indole, appeared to protect the liver, improve blood sugar, limit weight gain, and even reshape the gut microbiome in lasting ways.",Health,https://www.sciencedaily.com/releases/2026/02/260208011028.htm
Scientists Uncover Why Psoriasis Can Turn Into Joint Disease,"Researchers have figured out how psoriasis can quietly turn into joint disease for some patients. Immune cells formed in inflamed skin can travel through the blood and reach the joints, where they sometimes trigger inflammation. The key difference lies in the joint’s ability to keep those cells in check. This insight could help doctors identify warning signs early and prevent lasting joint damage.",Health,https://www.sciencedaily.com/releases/2026/02/260204121549.htm
This Unexpected Plant Discovery Could Change How Drugs Are Made,"Plants make chemical weapons to protect themselves, and many of these compounds have become vital to human medicine. Researchers found that one powerful plant chemical is produced using a gene that looks surprisingly bacterial. This suggests plants reuse microbial tools to invent new chemistry. The insight could help scientists discover new drugs and produce them more sustainably.",Health,https://www.sciencedaily.com/releases/2026/02/260203030546.htm
Breakthrough Sepsis Drug Shows Promise in Human Trial,"A new drug developed by Australian researchers has shown promising results in reducing sepsis in a Phase II clinical trial involving 180 patients. The carbohydrate-based treatment works by calming a dangerous immune reaction that can cause organ failure. With no specific anti-sepsis therapy currently available, the findings mark a major step forward. Researchers now aim to move into Phase III trials.",Health,https://www.sciencedaily.com/releases/2026/01/260129080437.htm
Scientists Find Hidden Pathways Pancreatic Cancer Uses to Spread,"Researchers have discovered how pancreatic cancer reprograms its surroundings to spread quickly and stealthily. By using a protein called periostin, the tumor remodels nearby tissue and invades nerves, which helps cancer cells travel and form metastases. This process also creates a tough, fibrous barrier that makes treatments less effective. Targeting periostin could help stop this invasion before it starts.",Health,https://www.sciencedaily.com/releases/2026/01/260129080432.htm
An Endocrinologist Tried a New Weight Loss Approach and It Worked,"A simple change in how primary care clinics approach weight management is delivering big public health wins. PATHWEIGH lets patients openly request help and gives doctors the tools to focus entire visits on weight care. In a massive real-world trial, the program halted population weight gain and increased access to obesity treatment. Now, health systems across the U.S. are lining up to adopt it.",Health,https://www.sciencedaily.com/releases/2026/01/260116035317.htm
Scientists Are Rethinking Bamboo as a Powerful New Superfood,"Bamboo shoots may be far more than a crunchy side dish. A comprehensive review found they can help control blood sugar, support heart and gut health, and reduce inflammation and oxidative stress. Laboratory and human studies also suggest bamboo may promote beneficial gut bacteria and reduce toxic compounds in cooked foods. However, bamboo must be pre-boiled to avoid natural toxins.",Health,https://www.sciencedaily.com/releases/2026/01/260116035313.htm
Researchers Found a Tipping Point for Video Gaming and Health,"Moderate video gaming appears harmless, but heavy gaming may take a toll on young people’s health. Researchers found that students gaming more than 10 hours a week had worse diets, higher body weight, and poorer sleep than lighter gamers. Below that level, health outcomes were largely similar. The findings suggest balance, not abstinence, is key.",Health,https://www.sciencedaily.com/releases/2026/01/260116035311.htm
This After-Meal Blood Sugar Spike May Raise Alzheimer’s Risk,"Spikes in blood sugar after eating may be more dangerous for the brain than previously thought. In a massive genetic study, people with higher post-meal blood sugar had a much greater risk of Alzheimer’s disease. The effect couldn’t be explained by visible brain damage, suggesting hidden biological pathways may be involved. Researchers say managing blood sugar after meals could become a key strategy for reducing dementia risk.",Health,https://www.sciencedaily.com/releases/2026/01/260115022756.htm
This Sweet Fruit Is Packed With Hidden Health Compounds,"Scientists are taking a closer look at monk fruit and discovering it’s more than just a sugar substitute. New research shows its peel and pulp contain a rich mix of antioxidants and bioactive compounds that may support health. Different varieties offer different chemical profiles, hinting at unique benefits. The work could shape how monk fruit is used in future foods and supplements.",Health,https://www.sciencedaily.com/releases/2026/01/260114084111.htm
This 5-Day Diet Helped Crohn’s Patients Feel Better Fast,"A new clinical trial suggests that what people eat could finally offer real relief for Crohn’s disease, a condition that has long lacked clear dietary guidance. Researchers found that a “fasting-mimicking diet” — involving just five days a month of very low-calorie, plant-based meals — led to noticeable improvements in symptoms for most participants. Even more striking, the diet didn’t just make patients feel better; it also reduced key biological markers of inflammation linked to the disease.",Health,https://www.sciencedaily.com/releases/2026/04/260402042751.htm
MIT Scientists Discover Gut Protein That Traps and Kills Dangerous Bacteria,"Scientists at MIT have discovered that a little-known protein called intelectin-2 plays a powerful double role in defending the gut. The protein strengthens the mucus layer that lines the gastrointestinal tract while also trapping and disabling harmful bacteria that try to break through. By binding to sugars on both mucus molecules and bacterial surfaces, intelectin-2 forms a protective barrier and can even destroy microbes, including some that resist antibiotics.",Health,https://www.sciencedaily.com/releases/2026/03/260315004403.htm
Depression May Be the Brain’s Early Warning Sign of Parkinson’s or Dementia,"Depression in older adults may sometimes signal the early stages of Parkinson’s disease or Lewy body dementia. Researchers found that depression often appears years before diagnosis and remains elevated long afterward, unlike in other chronic illnesses. This suggests depression may reflect early brain changes rather than emotional distress alone.",Health,https://www.sciencedaily.com/releases/2026/02/260210040623.htm
MRI Scans Show Exercise Can Make the Brain Look Younger,"New research suggests that consistent aerobic exercise can help keep your brain biologically younger. Adults who exercised regularly for a year showed brains that appeared nearly a year younger than those who didn’t change their habits. The study focused on midlife, a critical window when prevention may offer long-term benefits. Even small shifts in brain age could add up over decades.",Health,https://www.sciencedaily.com/releases/2026/01/260121034130.htm
A Global DNA Study Reveals a Hidden Threat in Diabetic Foot Infections,"Scientists have uncovered new clues about why diabetic foot infections can become so severe and difficult to treat. By analyzing the DNA of E. coli bacteria taken from infected wounds around the world, researchers found an unexpected level of diversity, with many strains carrying genes linked to antibiotic resistance and aggressive disease. Rather than a single dangerous strain, multiple types of E. coli appear able to thrive in diabetic foot ulcers, helping explain why infections can worsen quickly and sometimes lead to amputation.",Health,https://www.sciencedaily.com/releases/2026/01/260120015646.htm
Patients Tried Everything for Depression Then This Implant Changed Their Lives,"Researchers report that vagus nerve stimulation helped many people with long-standing, treatment-resistant depression feel better—and stay better—for at least two years. Most participants had lived with depression for decades and had exhausted nearly every other option. Those who improved at one year were very likely to maintain or increase their gains over time. Even some patients who didn’t respond initially improved after longer treatment.",Health,https://www.sciencedaily.com/releases/2026/01/260120000328.htm
Scientists Sent Viruses to Space and They Evolved in Surprising Ways,"When scientists sent bacteria-infecting viruses to the International Space Station, the microbes did not behave the same way they do on Earth. In microgravity, infections still occurred, but both viruses and bacteria evolved differently over time. Genetic changes emerged that altered how viruses attach to bacteria and how bacteria defend themselves. The findings could help improve phage therapies against drug-resistant infections.",Health,https://www.sciencedaily.com/releases/2026/01/260118064637.htm
How Scientists Are Turning Thyme Into Precision Medicine,"Thyme extract is packed with health-promoting compounds, but it is difficult to control and easy to waste. Researchers created a new technique that traps tiny amounts of the extract inside microscopic capsules, preventing evaporation and irritation. The method delivers consistent nanodoses and could eventually be used in medicines or food products. It may also work for many other natural extracts.",Health,https://www.sciencedaily.com/releases/2026/01/260117053528.htm
AI Maps the Hidden Forces Shaping Cancer Survival Worldwide,"Researchers have turned artificial intelligence into a powerful new lens for understanding why cancer survival rates differ so dramatically around the world. By analyzing cancer data and health system information from 185 countries, the AI model highlights which factors, such as access to radiotherapy, universal health coverage, and economic strength, are most closely linked to better survival in each nation.",Health,https://www.sciencedaily.com/releases/2026/01/260117053526.htm
A Routine Eye Treatment Is Raising New Concerns for Glaucoma Patients,"A new study warns that a widely used eye ointment can damage a popular glaucoma implant. Researchers found that oil-based ointments can be absorbed into the implant’s material, causing it to swell and sometimes break. Patient cases showed damage only when the implant directly contacted the ointment, a result confirmed in lab experiments. The findings raise concerns about standard post-surgery eye care.",Health,https://www.sciencedaily.com/releases/2026/01/260116085136.htm
Massive Brain Study Reveals Why Memory Loss Can Suddenly Speed Up With Age,"A massive international brain study has revealed that memory decline with age isn’t driven by a single brain region or gene, but by widespread structural changes across the brain that build up over time. Analyzing thousands of MRI scans and memory tests from healthy adults, researchers found that memory loss accelerates as brain tissue shrinkage increases, especially later in life. While the hippocampus plays a key role, many other brain regions also contribute, forming a broad vulnerability rather than isolated damage.",Health,https://www.sciencedaily.com/releases/2026/01/260114084107.htm
A Promising Fatty Liver Treatment May Raise Cancer Risk,"A surprising new study reveals that blocking a supposedly protective enzyme, Caspase-2, could actually backfire—raising the risk of chronic liver damage and cancer over time. Researchers found that without this enzyme, liver cells grow abnormally large and accumulate genetic damage, leading to inflammation, scarring, and eventually tumors, especially with age. While inhibiting Caspase-2 may offer short-term benefits, such as reducing fatty liver disease, the long-term consequences appear dangerous.",Health,https://www.sciencedaily.com/releases/2026/03/260323005545.htm
Scientists Discover Surprising Brain Trigger Behind High Blood Pressure,"Scientists have uncovered a surprising brain-based trigger for high blood pressure, tracing it to a small region in the brainstem that normally controls breathing. This area, which kicks in during forceful exhalations like coughing, laughing, or exercise, also appears to activate nerves that tighten blood vessels—raising blood pressure. When researchers switched off this region in experiments, blood pressure dropped back to normal, suggesting it plays a direct role in hypertension.",Health,https://www.sciencedaily.com/releases/2026/03/260322020302.htm
A Blood Test Could Reveal Crohn’s Disease Years Before Symptoms,"A new blood test may reveal Crohn’s disease years before symptoms begin. The test detects an unusual immune response to gut bacteria in people who later develop the condition. By studying healthy relatives of Crohn’s patients, researchers identified early warning signals long in advance. The findings raise hope for earlier diagnosis and future prevention.",Health,https://www.sciencedaily.com/releases/2026/01/260122093437.htm
Millions With Dementia Still Prescribed Drugs Linked to Falls and Confusion,"Despite longstanding guidelines, many dementia patients are still prescribed brain-altering medications that can raise the risk of falls and confusion. A new study shows that while prescribing has decreased overall, people with cognitive impairment remain more likely to receive these drugs. In many cases, there was no documented medical justification. The results suggest that medication safety remains a serious concern in dementia care.",Health,https://www.sciencedaily.com/releases/2026/01/260113220915.htm
This New Sugar Tastes Like the Real Thing Without the Usual Downsides,"Scientists at Tufts have found a way to turn common glucose into a rare sugar that tastes almost exactly like table sugar—but with far fewer downsides. Using engineered bacteria as microscopic factories, the team can now produce tagatose efficiently and cheaply, achieving yields far higher than current methods. Tagatose delivers nearly the same sweetness as sugar with significantly fewer calories, minimal impact on blood sugar, and even potential benefits for oral and gut health.",Health,https://www.sciencedaily.com/releases/2026/01/260112214302.htm
Scientists Discover Why Exercise Reverses Muscle Aging,"Researchers have uncovered a molecular “switch” that helps explain why exercise keeps aging muscles healthy. By reducing levels of a gene called DEAF1, physical activity allows older muscles to clear out damage, repair themselves, and maintain strength.",Health,https://www.sciencedaily.com/releases/2026/06/260623014026.htm
The Hidden Tradeoff Behind Today’s Most Popular Weight Loss Drugs,"Weight loss drugs and bariatric surgery may work differently, but they lead to surprisingly similar results inside the body. Both significantly reduce fat while also causing a modest loss of muscle, reshaping overall body composition. Since muscle helps protect against early death, this balance matters more than the number on the scale. The study suggests these treatments improve health—but not without trade-offs.",Health,https://www.sciencedaily.com/releases/2026/04/260408225948.htm
How Type 2 Diabetes Quietly Damages Blood Vessels,"Type 2 diabetes becomes more dangerous to the heart the longer a person has it. Researchers found that after several years, red blood cells can begin interfering with healthy blood vessel function. This harmful shift was not present in newly diagnosed patients but emerged over time. A small molecule inside blood cells may help flag rising cardiovascular risk early.",Health,https://www.sciencedaily.com/releases/2026/01/260122093439.htm
This One Gene May Explain Most Alzheimer’s Cases,"Alzheimer’s may be driven far more by genetics than previously thought, with one gene playing an outsized role. Researchers found that up to nine in ten cases could be linked to the APOE gene — even including a common version once considered neutral. The discovery reshapes how scientists think about risk and prevention. It also highlights a major opportunity for new treatments aimed at a single biological pathway.",Health,https://www.sciencedaily.com/releases/2026/01/260122073623.htm
A New Test Reveals Which Antibiotics Truly Kill Bacteria,"Some antibiotics stop bacteria from growing without actually killing them, allowing infections to return later. Scientists at the University of Basel created a new test that tracks individual bacteria to see which drugs truly eliminate them. When tested on tuberculosis and other serious lung infections, the method revealed big differences in how bacteria tolerate treatment. The findings could lead to more precise therapies and better predictions of treatment success.",Health,https://www.sciencedaily.com/releases/2026/01/260112211455.htm
A Forgotten Drug Is Giving New Hope to Kids With a Rare Disease,"A decades-old drug once used to treat sleeping sickness is now showing surprising promise against an ultra-rare and life-threatening genetic disorder called Bachmann-Bupp syndrome (BABS). Early patient treatments suggest the drug, DFMO, may ease severe symptoms by targeting the underlying genetic malfunction. Researchers have already treated a handful of patients with encouraging results, but progress has been slowed by regulatory and logistical hurdles.",Health,https://www.sciencedaily.com/releases/2026/04/260428045556.htm
This Diet Could Slash Cholera Infections by Up to 100x,"A surprising new study reveals that what you eat could play a powerful role in fighting cholera, a deadly diarrheal disease. Researchers found that diets rich in certain proteins—especially casein from dairy and wheat gluten—can dramatically reduce the ability of cholera bacteria to take hold in the gut, in some cases cutting infection levels by up to 100 times. These proteins appear to disable a key “weapon” the bacteria use to attack other microbes and dominate the gut environment.",Health,https://www.sciencedaily.com/releases/2026/04/260406192907.htm
Brain Cancer May Begin Years Before Doctors Can See It,"Scientists in South Korea have discovered that one of the most common malignant brain tumors in young adults may begin years before a tumor can be seen. IDH-mutant glioma, long treated by removing visible tumor tissue, actually starts when normal-looking brain cells quietly acquire a cancer-linked mutation and spread through the brain’s cortex. Using advanced genetic mapping and animal models, researchers traced the cancer’s true origin to glial progenitor cells that appear healthy at first.",Health,https://www.sciencedaily.com/releases/2026/01/260128075350.htm
Scientists Solve a Major Roadblock Holding Back Cancer Cell Therapy,"Researchers have found a reliable way to grow helper T cells from stem cells, solving a major challenge in immune-based cancer therapy. Helper T cells act as the immune system’s coordinators, helping other immune cells fight longer and harder. The team discovered how to precisely control a key signal that determines which type of T cell forms. This advance could lead to ready-made cell therapies that are cheaper, faster, and easier to access.",Health,https://www.sciencedaily.com/releases/2026/01/260120015654.htm
Scientists Find ‘master Regulator’ That Could Reverse Brain Aging,"Researchers have identified OTULIN, an immune-regulating enzyme, as a key trigger of tau buildup in the brain. When OTULIN was disabled, tau vanished from neurons and brain cells remained healthy. The findings challenge long-held assumptions about tau’s necessity and highlight a promising new path for fighting Alzheimer’s and brain aging. Scientists now believe OTULIN may act as a master switch for inflammation and age-related brain decline.",Health,https://www.sciencedaily.com/releases/2026/01/260116035348.htm
Doctors Discover the Source of Mysterious Intoxication,"Some people get drunk without drinking because their gut bacteria produce alcohol from food. Researchers have now identified the microbes and biological pathways behind this rare condition, auto-brewery syndrome. Tests showed patients’ gut samples produced far more alcohol than those of healthy people. In one case, a fecal transplant led to long-lasting symptom relief.",Health,https://www.sciencedaily.com/releases/2026/01/260113220920.htm
MIT’s Smart Pill Confirms You Took Your Medicine,"MIT engineers have developed a pill that can wirelessly report when it’s been swallowed. Inside the capsule is a biodegradable antenna that sends a signal within minutes of ingestion, then safely dissolves. The system is designed to work with existing medications and could help doctors track adherence for high-risk patients. Researchers hope it will prevent missed doses that can lead to serious health consequences.",Health,https://www.sciencedaily.com/releases/2026/01/260112214259.htm
A Room Full of Flu Patients and No One Got Sick,"In a striking real-world experiment, flu patients spent days indoors with healthy volunteers, but the virus never spread. Researchers found that limited coughing and well-mixed indoor air kept virus levels low, even with close contact. Age may have helped too, since middle-aged adults are less likely to catch the flu than younger people. The results highlight ventilation, air movement, and masks as key defenses against infection.",Health,https://www.sciencedaily.com/releases/2026/01/260110211204.htm
A Hidden Loop Is Powering Deadly Pancreatic Cancer,"Pancreatic cancer is notoriously hard to treat, often resisting therapies that target its most common mutations. Researchers have now uncovered a hidden three-part loop that fuels tumor growth, involving the cancer drivers SRSF1, AURKA, and MYC. By targeting just one part of this loop with a specially designed molecule, they were able to shut down all three at once. The result was a dramatic loss of tumor cell survival, offering new hope for smarter, more effective treatments.",Health,https://www.sciencedaily.com/releases/2026/01/260108231406.htm
This Natural Amino Acid Could Help Stop Cavities Before They Start,"Sugar-loving mouth bacteria create acids that damage teeth, but arginine can help fight back. In a clinical trial, arginine-treated dental plaque stayed less acidic, became structurally less harmful, and supported more beneficial bacteria. These changes made the biofilms less aggressive after sugar exposure. The results point to arginine as a promising, natural addition to cavity-prevention strategies.",Health,https://www.sciencedaily.com/releases/2026/01/260108231335.htm
Scientists Found a Way to Supercharge the Immune System Against Cancer,"Researchers have developed a new class of antibodies that amplify the immune system’s ability to fight cancer. By clustering immune receptors that normally receive weak signals from tumors, these four-pronged antibodies push T cells into full attack mode. In early studies, they outperformed conventional antibodies at activating cancer-killing immune cells. The work opens the door to more effective immunotherapy treatments.",Health,https://www.sciencedaily.com/releases/2026/01/260108231333.htm
Common Pesticide Linked to More Than Double the Risk of Parkinson’s Disease,Scientists at UCLA have linked long-term exposure to the pesticide chlorpyrifos with a sharply increased risk of Parkinson’s disease. People exposed to the chemical near their homes were more than twice as likely to develop the condition. Laboratory studies showed that chlorpyrifos damages dopamine neurons and interferes with the brain’s ability to remove toxic protein buildup.,Health,https://www.sciencedaily.com/releases/2026/06/260621111113.htm
Scientists “recharge” Damaged Nerves to Ease Chronic Pain,"For millions battling chronic nerve pain, even the softest touch can feel agonizing — but scientists may have uncovered a radically new way to stop it at the source. Researchers at Duke University found that damaged nerves can be revived by supplying them with healthy mitochondria, the tiny energy producers inside cells.",Health,https://www.sciencedaily.com/releases/2026/05/260523103950.htm
New Psychedelic-Like Drugs Could Treat Depression Without Making You Trip,"UC Davis researchers created brand-new psychedelic-like compounds by shining UV light on amino acid-based molecules. These compounds activated key serotonin receptors tied to brain plasticity and mental health benefits, but surprisingly did not cause hallucination-like behavior in animal tests. Scientists say the discovery could lead to future treatments for depression, PTSD, and addiction without the intense psychedelic experience.",Health,https://www.sciencedaily.com/releases/2026/05/260512202325.htm
Artificial Saliva Made from Sugarcane Protein Protects Teeth from Acid and Decay,"Scientists have created an artificial saliva using a sugarcane protein that can protect teeth and fight bacteria. The key ingredient, CANECPI-5, binds directly to enamel, forming a shield against acids that cause decay. Early tests show it works even better when paired with fluoride and xylitol, significantly reducing damage to teeth. The innovation could be especially life-changing for cancer patients who lose saliva production after treatment.",Health,https://www.sciencedaily.com/releases/2026/04/260403224458.htm
This New Therapy Turns Off Pain Without Opioids or Addiction,"Scientists have developed a new gene therapy that quiets pain at its source in the brain—without the addictive risks of opioids. Using AI to map how pain is processed, they created a targeted “off switch” that mimics morphine’s benefits but skips its dangerous side effects. In early tests, it delivered lasting relief without affecting normal sensations. The discovery could mark a major step toward safer, non-addictive pain treatments.",Health,https://www.sciencedaily.com/releases/2026/03/260328043558.htm
Common Pesticide May More Than Double Parkinson’s Disease Risk,"A new UCLA Health study suggests that long-term exposure to the pesticide chlorpyrifos may dramatically raise the risk of Parkinson’s disease. Researchers found that people living in areas with sustained exposure had more than 2.5 times the likelihood of developing the disorder. Lab experiments reinforced the finding: animals exposed to the chemical developed movement problems, lost dopamine-producing neurons, and showed the same toxic protein buildup seen in Parkinson’s patients.",Health,https://www.sciencedaily.com/releases/2026/03/260315225125.htm
Scientists Create a Cancer Flashlight That Lights Up Tumors,"Researchers have developed a tiny antibody that can find a common cancer protein and make tumors light up during PET scans. In tests with mice, tumors containing the protein EphA2 glowed clearly when the antibody was used. This could help doctors quickly identify patients who may benefit from new targeted cancer treatments. The method may also provide a faster and less invasive alternative to traditional testing.",Health,https://www.sciencedaily.com/releases/2026/03/260315004359.htm
Young Cancer Survivors Face Faster Aging and Possible Early Dementia,"Surviving cancer at a young age may come with an unexpected cost: faster aging at both the cellular and brain levels. Researchers found that survivors often show signs of being biologically older than their actual age, with chemotherapy accelerating the process most dramatically. This accelerated aging is linked to struggles with memory and focus, which can ripple into education and career outcomes. Encouragingly, scientists believe healthy habits like exercise may help turn back the clock.",Health,https://www.sciencedaily.com/releases/2026/03/260302030652.htm
A Bold New Plan Could Finally Cure Type 1 Diabetes,"Researchers are developing a two-part therapy for type 1 diabetes: lab-made insulin-producing cells paired with custom-engineered immune cells that protect them. The goal is to stop the immune system from destroying transplanted cells — without using immunosuppressive drugs. Backed by $1 million in funding, the team hopes to create a ready-to-use treatment that could work even for people who have had diabetes for years. The approach could transform how the disease is treated.",Health,https://www.sciencedaily.com/releases/2026/03/260302030648.htm
One in Three People Carry This Brain Parasite but the Body Has a Kill Switch,"A parasite that may already be hiding in your brain has a shocking survival trick: it can infect the very immune cells sent to destroy it. Yet most people never get sick, and new research from UVA Health reveals why. Scientists discovered that when Toxoplasma gondii invades CD8+ T cells — key defenders of the immune system — those cells can trigger a self-destruct mechanism powered by an enzyme called caspase-8. By sacrificing themselves, the infected cells also wipe out the parasite inside them.",Health,https://www.sciencedaily.com/releases/2026/02/260215225602.htm
This Bedroom Temperature Could Help Older Adults Sleep With Less Stress,"A cooler bedroom might be better for older sleepers than previously thought. Researchers found that keeping nighttime temperatures at 75°F reduced stress responses and helped the heart work more efficiently during sleep. Hot nights usually force the heart to work harder, interfering with recovery. As climate change drives warmer nights, this small adjustment could make a big difference.",Health,https://www.sciencedaily.com/releases/2026/02/260210040625.htm
This Common Tomato Nutrient May Help Prevent Severe Gum Disease,A large U.S. study suggests that not getting enough lycopene—the antioxidant that gives tomatoes their red color—may seriously raise the risk of severe gum disease in older adults. Researchers found that seniors with adequate lycopene intake had about one-third the risk of severe periodontitis compared with those who fell short.,Health,https://www.sciencedaily.com/releases/2026/02/260208233841.htm
The Overlooked Nutrition Risk of Ozempic and Wegovy,"Popular weight-loss drugs like Ozempic and Wegovy can dramatically curb appetite, but experts warn many users are flying blind when it comes to nutrition. New research suggests people taking these medications may not be getting enough guidance on protein, vitamins, and overall diet quality, increasing the risk of muscle loss and nutrient deficiencies.",Health,https://www.sciencedaily.com/releases/2026/02/260203030551.htm
Study Raises Red Flags Over Long-Term Effectiveness of Popular Weight Loss Drugs Like Ozempic,"Ozempic, Mounjaro, and Zepbound can drive impressive weight loss, but stopping them is often followed by rapid weight regain. Researchers found that people regain weight faster after quitting these drugs than after diet and exercise alone. Improvements in heart health and diabetes risk also tend to reverse within a few years. The results suggest long-term success may require more than medication alone.",Health,https://www.sciencedaily.com/releases/2026/01/260128075359.htm
These Common Food Preservatives May Be Linked to Cancer,"A large French study tracking more than 100,000 people over a decade has found that higher consumption of certain food preservatives—commonly found in processed foods and drinks—is linked to a modestly higher cancer risk. While many preservatives showed no association, several widely used ones, including potassium sorbate, sulfites, sodium nitrite, and potassium nitrate, were tied to increased risks of overall cancer and specific types such as breast and prostate cancer.",Health,https://www.sciencedaily.com/releases/2026/01/260127010154.htm
"After 11 Years of Research, Scientists Unlock a New Weakness in Deadly Fungi","Fungal infections are becoming deadlier as drug resistance spreads and treatment options stall. Researchers at McMaster University discovered that a molecule called butyrolactol A can dramatically weaken dangerous fungi, allowing existing antifungal drugs to work again. Instead of killing the fungus directly, the molecule sabotages a vital internal system, leaving the pathogen exposed. The breakthrough could help revive an entire class of antifungal medicines once thought obsolete.",Health,https://www.sciencedaily.com/releases/2026/01/260121034134.htm
The 4x Rule: Why Some People’s DNA Is More Unstable Than Others,"A large genetic study shows that many people carry DNA sequences that slowly expand as they get older. Common genetic variants can dramatically alter how fast this expansion happens, sometimes multiplying the pace by four. Researchers also identified specific DNA expansions linked to severe kidney and liver disease. The findings suggest that age-related DNA instability is far more common than previously realized.",Health,https://www.sciencedaily.com/releases/2026/01/260109080214.htm
Common Food Preservatives Linked to Higher Risk of Type 2 Diabetes,"Foods that rely heavily on preservatives may be doing more than extending shelf life. In a large study spanning more than a decade, people with the highest intake of preservative additives were far more likely to develop type 2 diabetes. The increased risk appeared across many commonly used additives found in everyday processed foods. Researchers say the findings support advice to limit highly processed products when possible.",Health,https://www.sciencedaily.com/releases/2026/01/260109080211.htm
Scientists Find Exercise Rivals Therapy for Depression,"A large review of studies suggests that exercise can ease depression about as effectively as psychological therapy. Compared with antidepressants, exercise showed similar benefits, though the evidence was less certain. Researchers found that light to moderate activity over multiple sessions worked best, with few side effects. While it’s not a cure-all, exercise may be a powerful and accessible tool for many people.",Health,https://www.sciencedaily.com/releases/2026/01/260107225516.htm
Stanford’s AI Spots Hidden Disease Warnings That Show Up While You Sleep,"Stanford researchers have developed an AI that can predict future disease risk using data from just one night of sleep. The system analyzes detailed physiological signals, looking for hidden patterns across the brain, heart, and breathing. It successfully forecast risks for conditions like cancer, dementia, and heart disease. The results suggest sleep contains early health warnings doctors have largely overlooked.",Health,https://www.sciencedaily.com/releases/2026/01/260109023114.htm
People in Brazil Are Living Past 110 and Scientists Want to Know Why,"Scientists are uncovering why Brazil may be one of the most important yet underused resources for studying extreme longevity. Its highly diverse population harbors millions of genetic variants missing from standard datasets, including rare changes linked to immune strength and cellular maintenance. Brazilian supercentenarians often remain mentally sharp, survive serious infections, and come from families where multiple members live past 100. Together, they reveal aging not as inevitable decline, but as a form of biological resilience.",Health,https://www.sciencedaily.com/releases/2026/01/260107225527.htm
The Simplest Way Teens Can Protect Their Mental Health,"Teens who sleep in on weekends may be giving their mental health a boost. A new study found that young people who made up for lost weekday sleep had a significantly lower risk of depression. While consistent sleep is still best, weekend catch-up sleep appears to offer meaningful protection. The findings highlight how powerful sleep can be for adolescent well-being.",Health,https://www.sciencedaily.com/releases/2026/01/260106224623.htm
This Shark Can Live 400 Years. Its Eyes Barely Seem to Age,Greenland sharks may live for 400 years without suffering the kind of retinal decline normally associated with aging. Researchers found healthy eye tissue and active proteins specially adapted for seeing blue light in the dim Arctic depths. DNA repair mechanisms may help keep their eyes functioning across centuries. The discovery could eventually offer new clues for protecting human vision as we age.,Health,https://www.sciencedaily.com/releases/2026/08/260821012232.htm
Yale Scientists May Have Found How Parkinson's Disease Spreads Through the Brain,"Yale scientists discovered two neuron surface proteins that appear to help spread the toxic protein linked to Parkinson’s disease. Blocking these proteins in mice dramatically reduced disease progression, offering a potential new target for future therapies.",Health,https://www.sciencedaily.com/releases/2026/07/260710003529.htm
The Financial Crisis That Quietly Stunted a Generation,"When the Asian financial crisis sent rice prices soaring in Indonesia in the late 1990s, the shock didn’t just strain household budgets—it left lasting marks on children’s bodies. Researchers from the University of Bonn found that kids exposed to the food price surge were more likely to experience stunted growth and, years later, a higher risk of obesity. The findings suggest that during crises, families often maintain calorie intake but cut back on nutrient-rich foods, creating hidden nutritional deficiencies that disrupt healthy development.",Health,https://www.sciencedaily.com/releases/2026/03/260314030521.htm
How COVID and H1N1 Swept Through U.S. Cities in Just Weeks,"New simulations reveal that both H1N1 and COVID-19 spread across U.S. cities in a matter of weeks, often before officials realized what was happening. Major travel hubs helped drive rapid nationwide transmission, with air travel playing a bigger role than daily commuting. Unpredictable transmission patterns made real-time forecasting especially difficult. The study highlights why early detection systems are critical for slowing future pandemics.",Health,https://www.sciencedaily.com/releases/2026/02/260207092906.htm
A 25-Year Study Found an Unexpected Link Between Cheese and Dementia,"A massive Swedish study tracking nearly 28,000 people for 25 years found an unexpected link between full-fat dairy and brain health. Among adults without a genetic risk for Alzheimer’s, eating more full-fat cheese was associated with a noticeably lower risk of developing the disease, while higher cream intake was tied to reduced dementia risk overall. The findings challenge decades of low-fat dietary advice but come with important caveats.",Health,https://www.sciencedaily.com/releases/2026/02/260203030540.htm
A Hidden Bat Virus Is Infecting Humans,"Researchers in Bangladesh have identified a bat-borne virus, Pteropine orthoreovirus, in patients who were initially suspected of having Nipah virus but tested negative. All had recently consumed raw date-palm sap, a known pathway for bat-related infections. Genetic analysis confirmed live virus in several samples, pointing to active human infection. The finding raises concerns that dangerous bat viruses may be circulating undetected alongside Nipah.",Health,https://www.sciencedaily.com/releases/2026/01/260131084131.htm
This Discovery Could Let Bones Benefit from Exercise Without Moving,"Researchers have discovered a biological switch that explains why movement keeps bones strong. The protein senses physical activity and pushes bone marrow stem cells to build bone instead of storing fat, slowing age-related bone loss. By targeting this “exercise sensor,” scientists believe they could create drugs that mimic exercise at the molecular level. The approach could protect fragile bones in people who are unable to stay active.",Health,https://www.sciencedaily.com/releases/2026/01/260127010149.htm
Vitamin A May Be Helping Cancer Hide from the Immune System,"A vitamin A byproduct has been found to quietly disarm the immune system, allowing tumors to evade attack and weakening cancer vaccines. Scientists have now developed a drug that shuts down this pathway, dramatically boosting immune responses and slowing cancer growth in preclinical studies.",Health,https://www.sciencedaily.com/releases/2026/01/260115022808.htm
A Simple Drug Pair May Succeed Where Liver Fibrosis Treatments Failed,"Scientists have found that combining silybin with carvedilol works far better against liver fibrosis than either drug alone. The duo targets the root drivers of liver scarring, sharply reducing collagen buildup and liver damage in experimental models. Importantly, both drugs are already approved and commonly prescribed. That makes this discovery especially promising for rapid clinical translation.",Health,https://www.sciencedaily.com/releases/2026/01/260106001906.htm
The Secret to Human Intelligence? It Might Be in Our Gut,"New research shows gut bacteria can directly influence how the brain develops and functions. When scientists transferred microbes from different primates into mice, the animals’ brains began to resemble those of the original host species. Microbes from large-brained primates boosted brain energy and learning pathways, while others triggered very different patterns. The results suggest gut microbes may have played a hidden role in shaping the human brain—and could influence mental health.",Health,https://www.sciencedaily.com/releases/2026/01/260105165806.htm
Ancient Skeletons Reveal Viruses Embedded in Human DNA,"Researchers have reconstructed ancient herpesvirus genomes from Iron Age and medieval Europeans, revealing that HHV-6 has been infecting humans for at least 2,500 years. Some people inherited the virus directly in their DNA, passing it down across generations. The study shows that these viruses evolved alongside humans—and that one strain eventually lost its ability to integrate into our chromosomes. It’s the first time this long, intimate relationship has been proven with ancient genetic evidence.",Health,https://www.sciencedaily.com/releases/2026/01/260106224628.htm
A Weak Body Clock May Be an Early Warning for Dementia,"Your daily rhythm may matter more for brain health than previously thought. Older adults with weaker, more disrupted activity patterns were far more likely to develop dementia than those with steady routines. A later daily energy peak was also linked to higher risk. The study points to the body clock as a possible early warning sign for cognitive decline.",Health,https://www.sciencedaily.com/releases/2026/01/260103155026.htm
Scientists Turn Tumor Immune Cells Into Cancer Killers,"Scientists at KAIST have found a way to turn a tumor’s own immune cells into powerful cancer fighters—right inside the body. Tumors are packed with macrophages, immune cells that should attack cancer but are usually silenced by the tumor environment. By injecting a specially designed drug directly into tumors, researchers were able to “reprogram” these dormant cells to recognize and destroy cancer.",Health,https://www.sciencedaily.com/releases/2026/01/260127112137.htm
Injection Turns Sleeping Tumor Immune Cells Into Cancer Fighters,"KAIST researchers have developed a way to reprogram immune cells already inside tumors into cancer-killing machines. A drug injected directly into the tumor is absorbed by macrophages, prompting them to recognize and attack cancer cells while activating nearby immune defenses. This eliminates the need for lab-based cell extraction and modification. In animal models, the strategy significantly slowed tumor growth and sparked strong anticancer immune responses.",Health,https://www.sciencedaily.com/releases/2026/01/260110211207.htm
Just 10 Minutes of Exercise Can Trigger Powerful Anti-Cancer Effects,"A brief, intense workout may do more than boost fitness—it could help fight cancer. Researchers found that just 10 minutes of hard exercise releases molecules into the bloodstream that switch on DNA repair and shut down cancer growth signals. When these molecules were applied to bowel cancer cells, hundreds of cancer-related genes changed activity. The discovery helps explain how exercise lowers cancer risk and hints at future therapies inspired by movement.",Health,https://www.sciencedaily.com/releases/2026/01/260107225535.htm
This “rotten Egg” Brain Gas Could Be the Key to Fighting Alzheimer’s Disease,"Scientists have uncovered a surprising new player in Alzheimer’s disease: a protein called CSE that helps produce tiny amounts of hydrogen sulfide gas in the brain. In experiments with genetically engineered mice, removing this protein led to memory loss, brain damage, and other hallmarks of Alzheimer’s, including weakened blood-brain barriers and reduced formation of new neurons. The findings suggest that this “rotten egg” gas, when carefully regulated, may actually protect brain cells and support memory.",Health,https://www.sciencedaily.com/releases/2026/04/260408225933.htm
This Spray-on Powder Can Stop Life-Threatening Bleeding in 1 Second,"A new spray-on powder developed by KAIST can stop life-threatening bleeding in about one second by instantly forming a strong gel over a wound. It works on deep and irregular injuries where conventional hemostatic products often struggle and remains effective even after years of storage in harsh conditions. Originally created for the battlefield, the technology could also transform emergency care in disasters, ambulances, and hospitals.",Health,https://www.sciencedaily.com/releases/2026/06/260625014835.htm
Scientists Discover Why This Deadly Lung Cancer Keeps Coming Back,"Scientists have discovered that losing a key protein in small cell lung cancer triggers inflammation that actually helps tumors grow and spread. Even more surprising, it pushes cancer cells into a more aggressive, neuron-like state linked to relapse.",Health,https://www.sciencedaily.com/releases/2026/03/260325005917.htm
Statins May Help Almost Everyone With Type 2 Diabetes Live Longer,"New research suggests statins may protect adults with type 2 diabetes regardless of how low their predicted heart risk appears. In a large UK study, statin use was linked to fewer deaths and major cardiac events across all risk levels. Even those labeled “low risk” benefited, challenging long-held assumptions about who should receive preventive therapy. Side effects were rare and generally mild.",Health,https://www.sciencedaily.com/releases/2026/01/260115022812.htm
Wildfires Are Polluting the Air Far More Than Thought,Scientists have discovered that wildfires release far more air-polluting gases than previously estimated. Many of these hidden emissions can transform into fine particles that are dangerous to breathe. The study shows wildfire pollution rivals human-made emissions in some parts of the world. This helps explain why wildfire smoke can linger and worsen air quality long after the flames are gone.,Health,https://www.sciencedaily.com/releases/2026/01/260107012114.htm
A Natural Aging Molecule May Help Restore Memory in Alzheimer’s,"Researchers have found that a natural aging-related molecule can repair key memory processes affected by Alzheimer’s disease. The compound improves communication between brain cells and restores early memory abilities that typically fade first. Because it already exists in the body and declines with age, boosting it may offer a safer way to protect the brain. The discovery hints at a new strategy for slowing cognitive ageing before severe damage sets in.",Health,https://www.sciencedaily.com/releases/2026/01/260124003829.htm
Long COVID May Be Fueled by Inflammation and Tiny Clots,"Long COVID affects an estimated 65 million people worldwide and can damage the brain, heart, blood vessels, and immune system long after infection. Researchers now link symptoms to lingering virus, inflammation, micro-clots, and disrupted energy metabolism. While structured rehab and pacing can improve quality of life, a growing list of experimental treatments—from antivirals and metformin to microbiome therapies and biologics—shows early promise. Clear answers, however, are still limited by small studies and the lack of large, definitive trials.",Health,https://www.sciencedaily.com/releases/2026/01/260107225532.htm
Scientists Find a Safer Way to Make Cells Burn More Calories,"Researchers have developed experimental compounds that make cells burn more calories by subtly tweaking how mitochondria produce energy. Older versions of these chemicals were once used for weight loss—but were banned for being deadly. The new approach fine-tunes the effect, allowing cells to burn extra fuel safely. If successful, this could pave the way for new obesity treatments with added health benefits.",Health,https://www.sciencedaily.com/releases/2026/01/260104202750.htm
This Tiny Nerve May Help Keep the Heart Young,A new study suggests the vagus nerve may be one of the heart’s most important defenders against aging. Researchers found that keeping this nerve connected to the heart helps protect heart cells and maintain strong pumping ability. Even partial restoration of the nerve was enough to slow harmful changes in heart tissue. The discovery could reshape future heart and transplant surgeries.,Health,https://www.sciencedaily.com/releases/2025/12/251225235946.htm
ADHD Drugs Don’t Work the Way We Thought,"ADHD stimulants appear to work less by sharpening focus and more by waking up the brain. Brain scans revealed that these medications activate reward and alertness systems, helping children stay interested in tasks they would normally avoid. The drugs even reversed brain patterns linked to sleep deprivation. Researchers say this could complicate ADHD diagnoses if poor sleep is the real underlying problem.",Health,https://www.sciencedaily.com/releases/2025/12/251225235942.htm
Scientists Found a Hidden Fat Switch and Turned It Off,"Researchers have discovered a previously unknown enzyme that plays a crucial role in fat production. By blocking it, they stopped weight gain, reduced liver damage, and lowered harmful cholesterol levels in animal studies. The finding opens the door to a new kind of medication that could tackle obesity, fatty liver disease, and cardiovascular disease all at once.",Health,https://www.sciencedaily.com/releases/2026/02/260206012226.htm
A Stiffening Colon May Be Fueling Cancer in Younger Adults,"Chronic inflammation may be quietly reshaping the colon and making it more vulnerable to early-onset colorectal cancer. Scientists found that colon tissue in younger patients was stiffer, even in areas that appeared healthy, suggesting these changes may happen before cancer develops. Lab experiments showed that cancer cells grow faster in rigid environments.",Health,https://www.sciencedaily.com/releases/2026/01/260124003851.htm
One Protein May Decide Whether Brain Chemistry Heals or Harms,"Tryptophan does far more than help us sleep—it fuels brain chemistry, energy production, and mood-regulating neurotransmitters. But as the brain ages or develops neurological disease, this delicate system goes awry, pushing tryptophan toward harmful byproducts linked to memory loss, mood changes, and sleep problems.",Health,https://www.sciencedaily.com/releases/2026/01/260115022811.htm
Magnetic Nanoparticles Fight Bone Cancer and Help Healing,"Researchers have developed a magnetic nanomaterial that can kill bone cancer cells and support bone regeneration at the same time. The material heats up under a magnetic field to destroy tumors, while its bioactive coating helps it bond to bone and stimulate healing. Tests showed rapid formation of bone-like minerals, a key sign of successful integration. The breakthrough could lead to smarter, less invasive treatments for bone tumors.",Health,https://www.sciencedaily.com/releases/2026/01/260106224627.htm
Even One Drink a Day May Raise Mouth Cancer Risk,"New research suggests that even light alcohol use may carry serious risks. A large study in India found that drinking just one standard drink a day is linked to a roughly 50% higher risk of mouth cancer, with the greatest danger tied to locally brewed alcohol. When alcohol use overlaps with chewing tobacco, the effect becomes especially severe, potentially explaining nearly two-thirds of all cases nationwide.",Health,https://www.sciencedaily.com/releases/2025/12/251228013709.htm
Age Does Not Stop Nerve Healing After Spinal Cord Injury,"As spinal cord injuries increasingly affect older adults, new research reveals a surprising pattern in recovery. The study shows that aging does not appear to slow the healing of nerves themselves, with older patients regaining strength and sensation at rates similar to younger people. However, age makes a clear difference in how well people recover everyday abilities like walking, mobility, and self-care.",Health,https://www.sciencedaily.com/releases/2025/12/251228013705.htm
Scientists Reverse Alzheimer’s in Mice and Restore Memory,"Alzheimer’s has long been considered irreversible, but new research challenges that assumption. Scientists discovered that severe drops in the brain’s energy supply help drive the disease—and restoring that balance can reverse damage, even in advanced cases. In mouse models, treatment repaired brain pathology, restored cognitive function, and normalized Alzheimer’s biomarkers. The results offer fresh hope that recovery may be possible.",Health,https://www.sciencedaily.com/releases/2025/12/251224032354.htm
Scientists Sound the Alarm as Dangerous Amoebas Spread Globally,"Scientists warn that free-living amoebae may be an underappreciated public health threat, capable of causing deadly infections and shielding other dangerous microbes from water treatment. Climate change and aging infrastructure could help these resilient organisms spread more widely in the years ahead.",Health,https://www.sciencedaily.com/releases/2026/06/260606015137.htm
Scientists Sound Alarm as Dangerous Amoebas Spread Globally,"Free-living amoebae are emerging as a global health concern, fueled by warming temperatures and outdated water systems. While many are harmless, some can cause deadly infections and even protect other dangerous microbes. Their ability to survive heat and disinfectants makes them especially hard to control. Scientists say improved surveillance and water treatment are urgently needed.",Health,https://www.sciencedaily.com/releases/2026/05/260501234707.htm
Scientists Call for Urgent Action as Dangerous Amoebas Spread Globally,"Scientists are warning that a little-known group of microbes called free-living amoebae may pose a growing global health threat. Found in soil and water, some species can survive extreme heat, chlorine, and even modern water systems—conditions that kill most germs. One infamous example, the “brain-eating amoeba,” can cause deadly infections after contaminated water enters the nose. Even more concerning, these amoebae can act as hiding places for dangerous bacteria and viruses, helping them evade disinfection and spread.",Health,https://www.sciencedaily.com/releases/2026/01/260124003856.htm
How Ozempic and Wegovy Are Quietly Cutting America’s Food Bills,"Weight-loss drugs like Ozempic and Wegovy are changing how Americans spend money on food. A large Cornell study found households cut grocery spending by over 5% within six months, with even bigger drops at fast-food restaurants. Snack foods and sweets saw the steepest declines, while only a few categories like yogurt and fruit rose slightly. The effects linger for at least a year among continued users.",Health,https://www.sciencedaily.com/releases/2026/01/260112001029.htm
A Hidden World Inside DNA Is Finally Revealed,"DNA doesn’t just sit still inside our cells — it folds, loops, and rearranges in ways that shape how genes behave. Researchers have now mapped this hidden architecture in unprecedented detail, showing how genome structure changes from cell to cell and over time. These insights reveal why many disease-linked mutations outside genes can still cause harm. The findings could speed up the discovery of genetic risks and inspire new ways to target diseases.",Health,https://www.sciencedaily.com/releases/2026/01/260107225541.htm
Scientists Uncover a Hidden Switch That Helps Cancer Cells Thrive,"A protein once thought to simply help cancer cells avoid death turns out to do much more. MCL1 actively drives cancer metabolism by controlling the powerful mTOR growth pathway, tying survival and energy use together. This insight explains why MCL1-targeting drugs can be effective—but also why they sometimes damage the heart. Researchers have now identified a way to reduce that risk, potentially unlocking safer cancer therapies.",Health,https://www.sciencedaily.com/releases/2026/01/260104202819.htm
MIT Study Shows High-Fat Diets Give Liver Cancer a Dangerous Head Start,"A high-fat diet does more than overload the liver with fat. New research from MIT shows that prolonged exposure to fatty foods can push liver cells into a survival mode that quietly raises the risk of cancer. Faced with ongoing metabolic stress, these cells abandon their normal roles and revert to a more primitive state that helps them endure harsh conditions. Over time, that shift leaves the liver less functional and far more vulnerable to tumor formation, helping explain why fatty liver disease so often precedes liver cancer.",Health,https://www.sciencedaily.com/releases/2025/12/251225035344.htm
Scientists Found a Way to Restore Brain Blood Flow in Dementia,"A new study suggests that dementia may be driven in part by faulty blood flow in the brain. Researchers found that losing a key lipid causes blood vessels to become overactive, disrupting circulation and starving brain tissue. When the missing molecule was restored, normal blood flow returned. This discovery opens the door to new treatments aimed at fixing vascular problems in dementia.",Health,https://www.sciencedaily.com/releases/2025/12/251225031247.htm
What Cannabis Really Does for Chronic Pain,"Cannabis products with higher THC levels may slightly reduce chronic pain, particularly nerve pain, according to a review of multiple clinical trials. The improvement was small and short-lived, while side effects were more common. Products with little or no THC, including CBD-only formulations, showed no clear benefit. Researchers say more long-term studies are needed.",Health,https://www.sciencedaily.com/releases/2025/12/251224015651.htm
A Surprising Brain Cleanup Reduced Epileptic Seizures and Restored Memory,"A new study suggests temporal lobe epilepsy may be linked to early aging of certain brain cells. When researchers removed these aging cells in mice, seizures dropped, memory improved, and some animals avoided epilepsy altogether. The treatment used drugs already known to science, raising the possibility of quicker translation to people. The results offer new hope for patients who do not respond to existing medications.",Health,https://www.sciencedaily.com/releases/2025/12/251224015649.htm
Brain Inflammation May Be Driving Compulsive Behavior,"For years, compulsive behaviors have been viewed as bad habits stuck on autopilot. But new research in rats found the opposite: inflammation in a key decision-making brain region actually made behavior more deliberate, not more automatic. The change was linked to astrocytes, brain support cells that multiplied and disrupted nearby circuits. The discovery hints that some compulsive behaviors may arise from excessive, misdirected control rather than a loss of it.",Health,https://www.sciencedaily.com/releases/2026/02/260215225606.htm
Toxic Metals Found in Bananas After Brazil Mining Disaster,"Researchers investigating crops grown in soil contaminated by the 2015 mining disaster in Brazil discovered that toxic metals are moving from the earth into edible plants. Bananas, cassava, and cocoa were found to absorb elements like lead and cadmium, with bananas showing a potential health risk for children under six. Although adults face lower immediate danger, scientists warn that long-term exposure could carry cumulative health consequences.",Health,https://www.sciencedaily.com/releases/2026/02/260217005756.htm
Scientists Find a Weak Spot in Deadly Fungus That Shut Down Hospital Intensive Care Units,A deadly hospital fungus that resists nearly every antifungal drug may have an unexpected weakness. Researchers discovered that Candida auris activates specific genes during infection to hunt for nutrients it needs to survive. This insight came from a new living-host model that allowed scientists to watch the fungus in action. The findings could eventually lead to new treatments or allow current drugs to be repurposed.,Health,https://www.sciencedaily.com/releases/2025/12/251223043934.htm
A New Tool Is Revealing the Invisible Networks Inside Cancer,"Spanish researchers have created a powerful new open-source tool that helps uncover the hidden genetic networks driving cancer. Called RNACOREX, the software can analyze thousands of molecular interactions at once, revealing how genes communicate inside tumors and how those signals relate to patient survival. Tested across 13 different cancer types using international data, the tool matches the predictive power of advanced AI systems—while offering something rare in modern analytics: clear, interpretable explanations that help scientists understand why tumors behave the way they do.",Health,https://www.sciencedaily.com/releases/2025/12/251221043216.htm
An 11-Year-Old Needed Two New Organs and Doctors Made History,"In a rare and historic achievement, Children’s Hospital Colorado successfully completed its first dual heart and liver transplant in a pediatric patient. The life-saving surgery was performed on 11-year-old Gracie Greenlaw, whose congenital heart condition eventually led to liver failure. Dozens of specialists worked together for years to prepare for a moment like this, executing a complex, 16-hour operation. Now months later, Gracie is home, in school, and thriving.",Health,https://www.sciencedaily.com/releases/2025/12/251219093309.htm
Diabetes Drugs May Be Changing Cancer in Surprising Ways,"Common diabetes drugs may do more than regulate blood sugar—they could also influence how cancers grow, spread, or slow down. Researchers are now unraveling how these medications affect immune function, inflammation, and tumor biology, with intriguing but still uncertain implications.",Health,https://www.sciencedaily.com/releases/2025/12/251226045322.htm
A Hidden Cellular Breakdown May Be Driving Dry Eye Disease,"Dry eye disease affects millions of people, causing burning, redness, and constant eye fatigue that can worsen over time. Scientists now believe the problem may begin deep inside tear glands, where a vital cellular cleanup process fails to function properly. By growing miniature human tear glands from stem cells, researchers were able to watch what happens when this system breaks down, leading to fewer protective tears and increased cell damage.",Health,https://www.sciencedaily.com/releases/2025/12/251225031249.htm
This Ultra-Sensitive Imaging System Can Spot Cancer Earlier,"A new imaging technology can distinguish cancerous tissue from healthy cells by detecting ultra-weak light signals. It relies on nanoparticles that bind to tumor markers, making cancerous areas easier to identify. The system is far more sensitive than existing tools and could speed up cancer screening. Scientists believe it may help detect tumors earlier and reduce delays in diagnosis.",Health,https://www.sciencedaily.com/releases/2025/12/251223043940.htm
Your Roommate’s Genes May Be Shaping Your Gut Bacteria,"Scientists studying thousands of rats discovered that gut bacteria are shaped by both personal genetics and the genetics of social partners. Some genes promote certain microbes that can spread between individuals living together. When researchers accounted for this social sharing, genetic influence on the microbiome turned out to be much stronger than previously thought. The study suggests genes can affect others indirectly, without DNA ever being exchanged.",Health,https://www.sciencedaily.com/releases/2025/12/251223043938.htm
"Swearing May Unlock Hidden Strength, Study Finds","Letting a swear word fly when you’re struggling might do more than blow off steam—it could actually make you stronger. Research published by the American Psychological Association found that people who swear during physical challenges can push themselves harder and last longer. The boost seems to come from swearing’s ability to lower inhibitions, increase confidence, and help people slip into a focused “flow” state.",Health,https://www.sciencedaily.com/releases/2025/12/251222080123.htm
A New Drug Could Stop Alzheimer’s Before Memory Loss Begins,"New research suggests Alzheimer’s may start far earlier than previously thought, driven by a hidden toxic protein in the brain. Scientists found that an experimental drug, NU-9, blocks this early damage in mice and reduces inflammation linked to disease progression. The treatment was given before symptoms appeared, targeting the disease at its earliest stage. Researchers say this approach could reshape how Alzheimer’s is prevented and treated.",Health,https://www.sciencedaily.com/releases/2025/12/251222080119.htm
Deaths of Despair Were Rising Long Before Opioids,"Long before opioids flooded communities, something else was quietly changing—and it may have helped set the stage for today’s crisis. A new study finds that as church attendance dropped among middle-aged, less educated white Americans, deaths from overdoses, suicide, and alcohol-related disease began to rise. The trend started years before OxyContin appeared, suggesting the opioid epidemic intensified a problem already underway.",Health,https://www.sciencedaily.com/releases/2025/12/251219093317.htm
The 98% Mystery: Scientists Just Cracked the Code on “junk DNA” Linked to Alzheimer’s,"Researchers have revealed that so-called “junk DNA” contains powerful switches that help control brain cells linked to Alzheimer’s disease. By experimentally testing nearly 1,000 DNA switches in human astrocytes, scientists identified around 150 that truly influence gene activity—many tied to known Alzheimer’s risk genes. The findings help explain why many disease-linked genetic changes sit outside genes themselves. The resulting dataset is now being used to train AI systems to predict gene control more accurately.",Health,https://www.sciencedaily.com/releases/2025/12/251219093315.htm
Scientists Discover Hidden Brain Cells That Help Heal Spinal Cord Injuries,"Scientists at Cedars-Sinai have uncovered a surprising repair system in the spinal cord that could open new doors for treating paralysis, stroke, and diseases like multiple sclerosis. They found that special support cells called astrocytes—located far from the actual injury—spring into action after damage. These “lesion-remote astrocytes” send out a protein signal, CCN1, that reprograms immune cells to efficiently clean up fatty nerve debris.",Health,https://www.sciencedaily.com/releases/2026/02/260212234218.htm
Scientists Test a Tiny Eye Implant That Could Restore Sight,"Scientists at USC are launching a new trial to test a tiny stem cell implant that could restore vision in people with advanced dry macular degeneration. The hair-thin patch replaces damaged retinal cells responsible for sharp, central vision. Earlier studies showed the implant was safe and helped some patients see better. Researchers now hope it can deliver meaningful, lasting improvements in eyesight.",Health,https://www.sciencedaily.com/releases/2026/01/260108231348.htm
Scientists Find a Safer Way for Opioids to Relieve Pain,"Researchers at USF Health have discovered a new way opioid receptors can work that may lead to safer pain medications. Their findings show that certain experimental compounds can amplify pain relief without intensifying dangerous side effects like suppressed breathing. This research offers a fresh blueprint for designing opioids that last longer, work better, and pose fewer risks. It also opens doors to safer treatments for other brain disorders.",Health,https://www.sciencedaily.com/releases/2026/01/260105165817.htm
MIT Scientists Find a Way to Rejuvenate the Immune System as We Age,"As the immune system weakens with age, scientists have found a way to restore some of its lost strength. By delivering mRNA to the liver, they created a temporary source of immune-boosting signals that normally come from the thymus. Older mice treated this way produced more effective T cells and responded far better to vaccines and cancer treatments. The strategy could one day help extend healthy years of life.",Health,https://www.sciencedaily.com/releases/2025/12/251227082718.htm
Study Links Full-Fat Cheese to Lower Dementia Risk,"Eating full-fat cheese and cream may be associated with a lower risk of dementia, according to a large study that tracked people for more than 25 years. Those who consumed higher amounts of these foods developed dementia less often than those who ate little or none. Interestingly, low-fat dairy products did not show the same pattern. Researchers caution that the findings show an association, not cause and effect.",Health,https://www.sciencedaily.com/releases/2025/12/251221091246.htm
Menopause Symptoms Are Common Even in Elite Endurance Athletes,"Menopause symptoms are common among female endurance athletes and often interfere with training and performance. A survey of women aged 40–60 who train regularly found high rates of sleep problems, exhaustion, anxiety, weight gain, and joint pain. Many athletes said these symptoms made it harder to train effectively or perform at their best. The results highlight a need for greater attention to menopause in active women.",Health,https://www.sciencedaily.com/releases/2025/12/251221091243.htm
Parkinson’s Breakthrough Changes What We Know About Dopamine,"A new study shows dopamine isn’t the brain’s movement “gas pedal” after all. Instead of setting speed or strength, it quietly enables movement in the background, much like oil in an engine. When scientists manipulated dopamine during movement, nothing changed—but restoring baseline dopamine levels made a big difference. The finding could reshape how Parkinson’s disease is treated.",Health,https://www.sciencedaily.com/releases/2025/12/251221043225.htm
After the LA Fires Hospitals Saw a Sudden Surge in Illness,"After the January 2025 LA wildfires, hospitals recorded a surge in serious health problems. Emergency visits for heart attacks, lung illness, and general sickness rose sharply in the following three months. Researchers believe fine particles from wildfire smoke, along with stress, may have triggered these effects. Unusual blood test changes point to hidden health impacts that lingered well beyond the fires themselves.",Health,https://www.sciencedaily.com/releases/2025/12/251220104619.htm
A 47-Year Study Reveals When Strength and Fitness Start to Fade,"A groundbreaking Swedish study that tracked people for nearly 50 years has revealed when the body’s physical decline quietly begins. Researchers found that fitness, strength, and muscle endurance start slipping around age 35, with the decline accelerating over time. But there’s an encouraging twist: adults who became active later in life still improved their physical performance by up to 10 percent.",Health,https://www.sciencedaily.com/releases/2026/05/260515000947.htm
The Type of Carbs You Eat May Affect Dementia Risk,"Carbohydrates don’t just fuel the body—they may also influence how the brain ages. A large long-term study found that diets high in fast-acting carbs that rapidly raise blood sugar were linked to a higher risk of dementia. People who ate more low-glycemic foods like fruit, legumes, and whole grains had a noticeably lower risk of Alzheimer’s. The quality of carbs, not just the amount, appears to matter for brain health.",Health,https://www.sciencedaily.com/releases/2026/01/260127010156.htm
A 47-Year Study Reveals When Fitness and Strength Start to Fade,"A long-running Swedish study has followed adults for nearly five decades, uncovering when physical decline truly begins. Fitness and strength start slipping around age 35, then worsen gradually with age. The encouraging twist: adults who began exercising later still improved their physical capacity by up to 10 percent. It’s a powerful reminder that staying active matters, even if you start late.",Health,https://www.sciencedaily.com/releases/2026/01/260116035336.htm
The Invisible Microbes That Help Keep Us Healthy,"Not all microbes are villains—many are vital to keeping us healthy. Researchers have created a world-first database that tracks beneficial bacteria and natural compounds linked to immune strength, stress reduction, and resilience. The findings challenge the long-standing obsession with germs as threats and instead highlight the hidden health benefits of biodiversity. This shift could influence everything from urban design to environmental restoration.",Health,https://www.sciencedaily.com/releases/2026/01/260103155032.htm
MIT Scientists Strip Cancer of Its Sugar Shield,Scientists at MIT and Stanford have unveiled a promising new way to help the immune system recognize and attack cancer cells more effectively. Their strategy targets a hidden “off switch” that tumors use to stay invisible to immune defenses—special sugar molecules on the cancer cell surface that suppress immune activity. Early tests show it can supercharge immune responses and outperform current antibody therapies.,Health,https://www.sciencedaily.com/releases/2025/12/251222044058.htm
The Gear Meant to Protect Firefighters May Carry Hidden Dangers,"Firefighter turnout gear is designed to shield first responders from extreme heat and danger, but new research suggests it may also introduce chemical exposures. A U.S. study found that brominated flame retardants are present across multiple layers of firefighter gear, including newer equipment marketed as PFAS-free. In some cases, these chemicals appeared at higher levels than the substances they were meant to replace.",Health,https://www.sciencedaily.com/releases/2025/12/251218074433.htm
A Hidden T Cell Switch Could Make Cancer Immunotherapy Work for More People,Scientists have discovered that T cell receptors activate through a hidden spring-like motion that had never been seen before. This breakthrough may help explain why immunotherapy works for some cancers and how it could be improved for others.,Health,https://www.sciencedaily.com/releases/2025/12/251218074429.htm
AI Detects Cancer but It’s Also Reading Who You Are,"AI tools designed to diagnose cancer from tissue samples are quietly learning more than just disease patterns. New research shows these systems can infer patient demographics from pathology slides, leading to biased results for certain groups. The bias stems from how the models are trained and the data they see, not just from missing samples. Researchers also demonstrated a way to significantly reduce these disparities.",Health,https://www.sciencedaily.com/releases/2025/12/251217231230.htm
This Tiny Protein Helps Control How Hungry You Feel,"Researchers have identified a previously overlooked protein that helps regulate appetite and energy use in the body. This “helper” protein supports a key system that decides whether the body burns energy or stores it, and when it does not function properly, appetite signals can weaken.",Health,https://www.sciencedaily.com/releases/2025/12/251217231141.htm
This Frog Bacterium Wiped out Cancer Tumors in Mice With a Single Dose,A naturally occurring bacterium from amphibian intestines completely eliminated colorectal tumors in mice with a single treatment by both attacking cancer cells and activating the immune system. The findings point to a promising new type of cancer therapy that could one day work against many solid tumors.,Health,https://www.sciencedaily.com/releases/2026/07/260709160655.htm
Scientists Discover a Weak Spot Shared by Polio and Common Cold Viruses,"Scientists at the University of Maryland, Baltimore County, have uncovered a crucial trick used by enteroviruses—the group behind diseases like polio, myocarditis, encephalitis, and even the common cold—to reproduce inside human cells. The team captured, in unprecedented detail, how viral RNA recruits both viral and human proteins to assemble the machinery needed for replication, acting almost like a molecular “on-off switch” that controls whether the virus copies itself or makes proteins.",Health,https://www.sciencedaily.com/releases/2026/05/260512202320.htm
Why Colorectal Cancer Breaks the Immune System’s Rules,"Colorectal cancer has long baffled scientists because, unlike most tumors, patients often do better when their cancers are packed with immune-suppressing regulatory T cells. New research finally explains why. Scientists discovered that these T cells aren’t all the same: one subtype actually helps keep tumors in check, while another shields cancer from immune attack. The balance between these “good” and “bad” cells can determine whether a tumor grows or shrinks.",Health,https://www.sciencedaily.com/releases/2026/02/260206012229.htm
A Hidden Immune Loop May Drive Dangerous Inflammation With Age,"Aging immune cells may be sabotaging the body from within. Researchers found that macrophages produce a protein that locks them into a chronic inflammatory state, making infections like sepsis more deadly in older adults. Turning off this signal reduced inflammation and improved survival in older models. The findings hint at future treatments that could dial back harmful immune overreactions.",Health,https://www.sciencedaily.com/releases/2026/01/260124003832.htm
How Cancer Disrupts the Brain and Triggers Anxiety and Insomnia,"Scientists have discovered that breast cancer can quietly throw the brain’s internal clock off balance—almost immediately after cancer begins. In mice, tumors flattened the natural daily rhythm of stress hormones, disrupting the brain-body feedback loop that regulates stress, sleep, and immunity. Remarkably, when researchers restored the correct day-night rhythm in specific brain neurons, stress hormone cycles snapped back into place, immune cells flooded the tumors, and the cancers shrank—without using any anti-cancer drugs.",Health,https://www.sciencedaily.com/releases/2026/01/260116035351.htm
Scientists Finally Uncover Why Statins Cause Muscle Pain,"A new discovery may explain why so many people abandon cholesterol-lowering statins because of muscle pain and weakness. Researchers found that certain statins can latch onto a key muscle protein and trigger a tiny but harmful calcium leak inside muscle cells. That leak may weaken muscles directly or activate processes that slowly break them down, offering a long-sought explanation for statin-related aches.",Health,https://www.sciencedaily.com/releases/2026/01/260114084122.htm
Neurons Aren’t Supposed to Regrow but These Ones Brought Back Vision,"After injury, the visual system can recover by growing new neural connections rather than replacing lost cells. Researchers found that surviving eye cells formed extra branches that restored communication with the brain. These new pathways worked much like the originals. The repair process, however, was slower or incomplete in females, pointing to important biological differences in recovery.",Health,https://www.sciencedaily.com/releases/2025/12/251219030500.htm
AI Learns to Decode the Diseases Written in Your DNA,"A newly developed AI can predict which diseases specific genetic mutations are likely to cause, not just whether they are harmful. The breakthrough could speed up diagnoses and open new paths for personalized treatment.",Health,https://www.sciencedaily.com/releases/2025/12/251216043957.htm
AI Found a Way to Stop a Virus Before It Enters Cells,"Researchers discovered a hidden molecular “switch” that herpes viruses rely on to invade cells. By combining AI, simulations, and lab experiments, they identified and altered a single amino acid that shut down viral entry. What once might have taken years was achieved far faster using computational tools. The findings open new possibilities for designing future antiviral treatments.",Health,https://www.sciencedaily.com/releases/2025/12/251215084155.htm
Cannabis Compounds Show Unexpected Power Against Ovarian Cancer,"Scientists have discovered that key compounds from cannabis—CBD and THC—show surprisingly strong effects against ovarian cancer cells. Used together, they slow cell growth, reduce colony formation, and may even block the cancer’s ability to spread. Even more promising, the treatment caused minimal harm to healthy cells and appears to work by restoring a disrupted signaling pathway that fuels tumor growth.",Health,https://www.sciencedaily.com/releases/2025/12/251215025315.htm
Reversing Prediabetes Cuts Risk of Deadly Heart Problems by 58%,Bringing blood sugar levels back to normal may dramatically reduce the danger posed by prediabetes. Researchers found that people who reversed prediabetes cut their risk of cardiovascular death or hospitalization for heart failure by 58% and lowered their chances of major heart problems such as heart attacks and strokes by 42%. The benefits lasted for decades and were seen across large long-term studies in both the U.S. and China.,Health,https://www.sciencedaily.com/releases/2026/06/260613034237.htm
This Dangerous Combo in Your Body Could Raise Death Risk by 83%,"Having both excess belly fat and low muscle mass isn’t just unhealthy—it’s potentially deadly, raising the risk of death by 83%. This condition, called sarcopenic obesity, creates a vicious cycle where fat accelerates muscle breakdown and inflammation. Researchers found it can be identified using simple measurements, not costly medical tests. That means earlier detection—and a real chance to intervene before serious decline sets in.",Health,https://www.sciencedaily.com/releases/2026/03/260326075559.htm
A Smarter Way to Screen for Breast Cancer Is Emerging,"A groundbreaking study shows that breast cancer screening works better when it’s personalized. Instead of annual mammograms for all, women were screened based on genetics, health history, and lifestyle factors. This approach reduced advanced cancers without increasing risk for those screened less often. Most women preferred the personalized model, hinting at a major shift in future screening guidelines.",Health,https://www.sciencedaily.com/releases/2026/01/260103155036.htm
Is a Vegan Diet Safe for Kids? A Huge Study Has Answers,"A major new meta-analysis finds that vegetarian and vegan diets can support healthy growth in children when properly planned. Kids on plant-based diets often had better heart health markers, including lower “bad” cholesterol, and consumed more fiber and vitamins. But the study also flagged common nutrient gaps—especially vitamin B12 and calcium—without supplementation. Experts say plant-based eating is achievable for kids, but only with careful planning.",Health,https://www.sciencedaily.com/releases/2025/12/251219093319.htm
Indoor Tanning Triples Melanoma Risk and Seeds Broad DNA Mutations,"Researchers discovered that tanning beds cause widespread, mutation-laden DNA damage across almost all skin, explaining the sharply increased melanoma risk. Single-cell genomic analysis revealed dangerous mutations even in sun-protected regions. Survivors’ stories underscore how early tanning habits have lifelong consequences. The findings push for stricter policies and clear public warnings.",Health,https://www.sciencedaily.com/releases/2025/12/251214100919.htm
Stem Cell Pain Sponge Soaks Up Osteoarthritis Joint Pain and Protects Cartilage,"SereNeuro Therapeutics revealed promising results for SN101, a first-in-class iPSC-derived therapy designed to treat chronic osteoarthritis pain while protecting joint tissue. Instead of blocking pain pathways, SN101 uses lab-grown nociceptors that act like sponges, soaking up inflammatory pain factors without sending pain signals. These cells also release regenerative molecules, offering disease-modifying potential that stands apart from traditional corticosteroids and single-target drugs like Nav1.8 inhibitors.",Health,https://www.sciencedaily.com/releases/2025/12/251214100916.htm
Researchers Find Alarming Alzheimer’s Pattern in Rural America,"A new analysis of more than 422,000 patients reveals a stark Alzheimer’s care gap between Maryland’s urban and rural communities. Rural regions often lack hospitals and dementia specialists, forcing older patients to travel farther for diagnosis and treatment. Researchers found areas with high Alzheimer’s death rates but surprisingly low diagnosis rates, suggesting many cases may never be identified.",Health,https://www.sciencedaily.com/releases/2026/03/260309225154.htm
Scientists Discover the Enzyme That Lets Cancer Rapidly Rewire Its DNA,"Researchers have uncovered the enzyme behind chromothripsis, a chaotic chromosome-shattering event seen in about one in four cancers. The enzyme, N4BP2, breaks apart DNA trapped in tiny cellular structures, unleashing a burst of genetic changes that can help tumors rapidly adapt and resist therapy. Blocking the enzyme dramatically reduced this genomic destruction in cancer cells.",Health,https://www.sciencedaily.com/releases/2026/02/260215225546.htm
Study Shows Young Blood Can Slow Alzheimer’s in Mice,"New research shows that aging blood can accelerate Alzheimer’s-like changes in the brain, while younger blood may offer protection. In mouse experiments, older blood worsened memory performance and increased toxic protein buildup linked to the disease. The study also uncovered widespread changes in brain proteins tied to communication and signaling. The findings point to the blood as a powerful influencer of brain health—and a promising new therapeutic target.",Health,https://www.sciencedaily.com/releases/2026/01/260108231409.htm
Scientists Found a Way to Help Aging Guts Heal Themselves,"Researchers have discovered a way to help aging intestines heal themselves using CAR T-cell therapy. By targeting senescent cells that build up over time, the treatment boosted gut regeneration, reduced inflammation, and improved nutrient absorption in mice. It even helped protect the intestine from radiation damage, with benefits lasting up to a year. Early results in human intestinal cells suggest the approach could one day improve gut health in older adults and cancer patients.",Health,https://www.sciencedaily.com/releases/2026/01/260103155028.htm
New Antibiotic Pill Shows Promise Against Drug-Resistant Gonorrhea,"A one-dose oral drug called zoliflodacin has proven highly effective against gonorrhoea in a major international trial. The pill matched the success of current treatments while avoiding injections and complex dosing. As antibiotic resistance spreads, this new option could make treatment simpler and more accessible worldwide. Approval could mark a major step forward in controlling a stubborn global STI.",Health,https://www.sciencedaily.com/releases/2025/12/251227004149.htm
Microplastics Are Leaking Invisible Chemical Clouds Into Water,"Microplastics in rivers, lakes, and oceans aren’t just drifting debris—they’re constantly leaking invisible clouds of chemicals into the water. New research shows that sunlight drives this process, causing different plastics to release distinct and evolving mixtures of dissolved organic compounds as they weather. These chemical plumes are surprisingly complex, often richer and more biologically active than natural organic matter, and include additives, broken polymer fragments, and oxidized molecules.",Health,https://www.sciencedaily.com/releases/2025/12/251224032408.htm
Stressed Rats Keep Returning to Cannabis and Scientists Know Why,Rats with naturally high stress levels were far more likely to self-administer cannabis when given access. Behavioral testing showed that baseline stress hormones were the strongest predictor of cannabis-seeking behavior. Lower cognitive flexibility and low endocannabinoid levels also contributed to increased use. The results hint at possible early indicators of vulnerability to drug misuse.,Health,https://www.sciencedaily.com/releases/2025/12/251211100615.htm
Even Moderate Drinking Carries a Bigger Cancer Risk Than You Think,"Researchers found that both how often and how much someone drinks significantly shape their cancer risk, even at moderate levels. Vulnerability varies across groups, with genetics, socioeconomic status, obesity, and lifestyle behaviors amplifying harm. The review also uncovered gender differences, beverage-specific risks, and biological pathways that intensify cancer development.",Health,https://www.sciencedaily.com/releases/2025/12/251211100612.htm
"Too Much Coffee May Weaken Bones, Study Finds","Following nearly 10,000 older women for 10 years, researchers found that tea drinking was associated with slightly higher hip bone density. Moderate coffee consumption did not appear harmful, but drinking more than five cups a day was linked to lower bone density. The findings suggest tea may offer a small bone-health boost, while excessive coffee could carry some drawbacks.",Health,https://www.sciencedaily.com/releases/2026/09/260901070550.htm
TikTok’s Gout Advice Is Everywhere and Doctors Say It’s Often Wrong,"A new study finds that TikTok videos about gout frequently spread confusing or inaccurate advice. Most clips focus on diet changes and supplements, while barely mentioning the long-term treatments doctors say are essential for controlling the disease. Many videos also frame gout as a lifestyle problem, rather than a condition driven largely by genetics and underlying health factors. Researchers say the platform has huge potential—but only if accurate medical voices step in.",Health,https://www.sciencedaily.com/releases/2026/01/260108231330.htm
Stanford Scientists Uncover Why mRNA COVID Vaccines Can Trigger Heart Inflammation,"Stanford scientists have uncovered how mRNA COVID-19 vaccines can very rarely trigger heart inflammation in young men — and how that risk might be reduced. They found that the vaccines can spark a two-step immune reaction that floods the body with inflammatory signals, drawing aggressive immune cells into the heart and causing temporary injury.",Health,https://www.sciencedaily.com/releases/2025/12/251227082716.htm
Scientists Discover Why Mental Disorders So Often Overlap,"A massive global genetics study is reshaping how we understand mental illness—and why diagnoses so often pile up. By analyzing genetic data from more than six million people, researchers uncovered deep genetic connections across 14 psychiatric conditions, showing that many disorders share common biological roots. Instead of existing in isolation, these conditions fall into five overlapping families, helping explain why depression, anxiety, PTSD, bipolar disorder, schizophrenia, and substance use disorders so frequently occur together.",Health,https://www.sciencedaily.com/releases/2025/12/251223084855.htm
A Traditional Brazilian Plant Shows Unexpected Strength Against Arthritis,"A Brazilian study has confirmed that Joseph’s Coat, a plant used for generations in folk medicine, can significantly reduce inflammation and arthritis symptoms in lab tests. Researchers observed less swelling, healthier joints, and signs of tissue protection. Just as important, the extract showed a promising safety profile at tested doses. The discovery could pave the way for new plant-based anti-inflammatory treatments.",Health,https://www.sciencedaily.com/releases/2025/12/251221043237.htm
Scientists Found a New Way to Slow Aging Inside Cells,"A small tweak to mitochondrial energy production led to big gains in health and longevity. Mice engineered to boost a protein that helps mitochondria work more efficiently lived longer and showed better metabolism, stronger muscles, and healthier fat tissue. Their cells produced more energy while dialing down oxidative stress and inflammation tied to aging. The results hint that improving cellular power output could help slow the aging process itself.",Health,https://www.sciencedaily.com/releases/2025/12/251218060557.htm
Scientists Reveal Why Some Brains Stop Growing Too Soon,"Researchers used miniature human brains grown in the lab to uncover why certain genetic mutations lead to abnormally small brains. Changes in actin disrupted the orientation of early brain cell divisions, causing crucial progenitor cells to disappear too soon. This reduced the brain’s ability to grow normally. The work offers a clear cellular explanation for microcephaly linked to Baraitser-Winter syndrome.",Health,https://www.sciencedaily.com/releases/2025/12/251216081939.htm
Scientists Find the Missing Links Between Genes and Disease,"A new genetic mapping strategy reveals how entire networks of genes work together to cause disease, filling in the missing links left by traditional genetic studies. The technique could transform how scientists identify drug targets for complex conditions.",Health,https://www.sciencedaily.com/releases/2025/12/251215084201.htm
Anxiety and Insomnia Linked to Sharp Drops in Key Immune Cells,"Natural killer cells act as the immune system’s rapid-response team, but the stress of anxiety and insomnia may be quietly thinning their ranks. A study of young women in Saudi Arabia found that both conditions were linked to significantly fewer NK cells—especially the circulating types responsible for destroying infected or abnormal cells. As anxiety severity increased, NK cell levels dropped even further, suggesting a stress-driven weakening of immune defenses.",Health,https://www.sciencedaily.com/releases/2025/12/251214100924.htm
Researchers Identify Viral Suspects That Could Be Fueling Long COVID,"Scientists are uncovering a new possibility behind long COVID’s stubborn symptoms: hidden infections that awaken or emerge alongside SARS-CoV-2. Evidence is mounting that viruses like Epstein-Barr and even latent tuberculosis may flare up when COVID disrupts the immune system, creating lingering fatigue, brain fog, and other debilitating issues.",Health,https://www.sciencedaily.com/releases/2025/12/251214100911.htm
Ozempic May Offer a Surprising Bonus Benefit for Brain Health,"A new analysis suggests that people with type 2 diabetes who use GLP-1 medications like Ozempic, Trulicity or Victoza may be less likely to develop epilepsy than those taking DPP-4 inhibitors. Semaglutide showed the strongest connection to lowered risk. Researchers caution that the findings show an association, not proof of cause and effect. More rigorous long-term studies are needed to understand the link.",Health,https://www.sciencedaily.com/releases/2025/12/251213042249.htm
Tea May Strengthen Bones in Older Women While Heavy Coffee Weakens Them,"A decade-long study of older women found that tea drinkers had slightly stronger bones, while moderate coffee drinking caused no harm. Heavy coffee intake—over five cups a day—was linked to lower bone density, especially in women who consumed more alcohol. Tea’s benefits may stem from catechins that support bone formation. The researchers say small daily habits could make a meaningful difference over time.",Health,https://www.sciencedaily.com/releases/2025/12/251213032613.htm
AI Finds a Surprising Monkeypox Weak Spot That Could Rewrite Vaccines,"Researchers used AI to pinpoint a little-known monkeypox protein that provokes strong protective antibodies. When the team tested this protein as a vaccine ingredient in mice, it produced a potent immune response. The discovery could lead to simpler, more effective mpox vaccines and therapies. It may also help guide future efforts against smallpox.",Health,https://www.sciencedaily.com/releases/2025/12/251212204834.htm
New Discovery Offers Real Hope for Rare Genetic Disease,"Scientists discovered that certain gene changes allow cells to function even when frataxin, the protein lost in Friedreich’s ataxia, is missing. Experiments in worms, human cells, and mice revealed that lowering a gene called FDX2 helps restore vital energy processes. The work points to a new, more targeted treatment strategy.",Health,https://www.sciencedaily.com/releases/2025/12/251212204832.htm
Scientists Find Dark Chocolate Ingredient That Slows Aging,Scientists have uncovered a surprising link between dark chocolate and slower aging. A natural cocoa compound called theobromine was found in higher levels among people who appeared biologically younger than their real age.,Health,https://www.sciencedaily.com/releases/2025/12/251212022249.htm
This 15 Minute Hepatitis C Test Could Change Everything,"Northwestern scientists have created the fastest-ever hepatitis C diagnostic, delivering accurate results in only 15 minutes. The test uses the DASH rapid PCR system, originally developed for COVID, but adapted for whole blood samples. Independent testing showed 100% agreement with existing commercial platforms. Its speed could transform how quickly patients begin treatment.",Health,https://www.sciencedaily.com/releases/2025/12/251210092015.htm
The Brain Switch That Could Rewrite How We Treat Mental Illness,"Scientists exploring how the brain responds to stress discovered molecular changes that can influence behavior long after an experience ends. They also identified natural resilience systems that help protect certain individuals from harm. These findings are opening the door to treatments that focus on building strength, not just correcting problems. The work is also fueling a broader effort to keep science open, independent, and accessible.",Health,https://www.sciencedaily.com/releases/2025/12/251213042402.htm
Omega-3 Fish Oil Supplements Cut Heart Attacks and Strokes by 43% in Dialysis Patients,"A major international trial has found that daily fish oil supplements significantly reduced life-threatening cardiovascular events in dialysis patients. People who took four grams per day had a 43% lower risk of heart attack, stroke, cardiac death, or vascular-related amputations compared with those on placebo. The findings stand out because few treatments have successfully lowered heart risk in this high-risk group.",Health,https://www.sciencedaily.com/releases/2026/03/260307213236.htm
"A 4,000-Year-Old Sheep Reveals the Secret of an Ancient Plague","A mysterious form of plague that spread across Eurasia thousands of years before the Black Death has finally revealed a crucial clue. Scientists analyzing ancient DNA discovered the bacterium Yersinia pestis in a 4,000-year-old domesticated sheep from a Bronze Age settlement in the Ural Mountains—the first time the pathogen has ever been found in a non-human host from that era. Because this early strain couldn’t spread through fleas like the medieval plague, researchers have long puzzled over how it traveled so widely.",Health,https://www.sciencedaily.com/releases/2026/03/260306224232.htm
A Daily Fish Oil Supplement Slashed Serious Heart Risks in Dialysis Patients,"A new international trial has delivered striking results for people on dialysis, showing that daily fish oil supplements can sharply reduce serious heart-related events. Patients taking fish oil had far fewer heart attacks, strokes, and cardiac deaths than those on placebo. Researchers say this is especially important because dialysis patients face extreme cardiovascular risk and few proven treatment options. The findings mark a rare breakthrough in kidney care.",Health,https://www.sciencedaily.com/releases/2026/01/260110211231.htm
Sleeping Less Than 7 Hours Could Cut Years Off Your Life,"Sleep isn’t just about feeling rested—it may be one of the strongest predictors of how long you live. Researchers analyzing nationwide data found that insufficient sleep was more closely tied to shorter life expectancy than diet, exercise, or loneliness. The connection was consistent year after year and across most U.S. states. The takeaway is simple but powerful: getting seven to nine hours of sleep may be one of the best things you can do for long-term health.",Health,https://www.sciencedaily.com/releases/2026/01/260108231414.htm
Kids’ Anxiety and Depression Dropped Fast After COVID School Reopenings,"Researchers discovered that children who went back to school during COVID experienced far fewer mental health diagnoses than those who stayed remote. Anxiety, depression, and ADHD all declined as in-person learning resumed. Healthcare spending tied to these conditions also dropped. Girls showed the largest improvements, highlighting the importance of school-based structure and support.",Health,https://www.sciencedaily.com/releases/2025/12/251213042244.htm
Gene-Edited CAR-T Cells Erase Aggressive T-Cell Leukemia,"A cutting-edge therapy using base-edited immune cells is offering a major breakthrough for patients with one of the toughest forms of blood cancer, T-cell acute lymphoblastic leukaemia. By precisely rewriting tiny sections of DNA, scientists at UCL and Great Ormond Street Hospital created universal CAR T-cells capable of targeting the cancer without harming themselves—a long-standing challenge in T-cell–based therapies. Early trial results show deep, long-lasting remissions, including in patients who had exhausted standard treatment options.",Health,https://www.sciencedaily.com/releases/2025/12/251211040438.htm
Rising Temperatures Are Slowing Early Childhood Development,"Researchers discovered that unusually high temperatures can hinder early childhood development. Children living in hotter conditions were less likely to reach key learning milestones, especially in reading and basic math skills. Those facing economic hardship or limited resources were hit the hardest. The study underscores how climate change may shape children’s learning long before they reach school age.",Health,https://www.sciencedaily.com/releases/2025/12/251209234247.htm
Scientists Reveal a Tiny Brain Chip That Streams Thoughts in Real Time,"BISC is an ultra-thin neural implant that creates a high-bandwidth wireless link between the brain and computers. Its tiny single-chip design packs tens of thousands of electrodes and supports advanced AI models for decoding movement, perception, and intent. Initial clinical work shows it can be inserted through a small opening in the skull and remain stable while capturing detailed neural activity. The technology could reshape treatments for epilepsy, paralysis, and blindness.",Health,https://www.sciencedaily.com/releases/2025/12/251209234139.htm
Gut Molecule Shows Remarkable Anti-Diabetes Power,"Researchers revealed that the microbial metabolite TMA can directly block the immune protein IRAK4, reducing inflammation and improving insulin sensitivity. The molecule counteracts damage caused by high-fat diets and even protects mice from sepsis. Since IRAK4 is a known drug target, this pathway could inspire new diabetes therapies. The study highlights how gut microbes and nutrition can work together to support metabolic health.",Health,https://www.sciencedaily.com/releases/2025/12/251208052518.htm
Low Dose Melanoma Treatment Delivers Dramatically Better Results,"Using less ipilimumab appears to make melanoma immunotherapy both safer and more effective, with dramatically better response and survival outcomes. The findings suggest that reducing side effects may be the key to maximizing the benefits of these powerful treatments.",Health,https://www.sciencedaily.com/releases/2025/12/251208052520.htm
Microplastics May Be Quietly Damaging Your Brain and Fueling Alzheimer’s and Parkinson’s,"Tiny plastic particles may be quietly threatening brain health. New research suggests microplastics—now widely found in food, water, and even household dust—could trigger inflammation and damage in the brain through multiple biological pathways. Scientists estimate adults may consume about 250 grams of these particles each year, and some can accumulate in organs including the brain.",Health,https://www.sciencedaily.com/releases/2026/03/260313002637.htm
This New Antibody May Stop One of the Deadliest Breast Cancers,"Researchers have identified a promising new weapon against triple-negative breast cancer, one of the most aggressive forms of the disease. An experimental antibody targets a protein that fuels tumor growth and shuts down immune defenses, effectively turning the immune system back on. In early tests, the treatment slowed tumor growth, reduced lung metastases, and destroyed chemotherapy-resistant cancer cells.",Health,https://www.sciencedaily.com/releases/2026/01/260122074030.htm
This Brain Trick Makes Exercise Feel Easier,"Exercise doesn’t just challenge the body; it challenges how the brain interprets effort. Scientists discovered that vibrating tendons before cycling allowed people to push harder without feeling like they were working more. Their muscles and hearts worked overtime, but their sense of strain stayed the same. This brain-body mismatch could one day help make exercise feel less intimidating, especially for people who struggle to stay active.",Health,https://www.sciencedaily.com/releases/2026/01/260107225519.htm
This Cancer-Fighting Molecule Took 50 Years to Build,"MIT scientists have achieved the first-ever lab synthesis of verticillin A, a complex fungal compound discovered in 1970. Its delicate structure stalled chemists for decades, despite differing from related molecules by only two atoms. With the synthesis finally complete, researchers created new variants that showed strong activity against a rare pediatric brain cancer. The breakthrough could unlock an entire class of previously unreachable cancer-fighting molecules.",Health,https://www.sciencedaily.com/releases/2025/12/251222044104.htm
Single Enzyme Mutation Reveals a Hidden Trigger in Dementia,"Researchers discovered that a tiny structural feature of the enzyme GPX4 helps keep neurons safe. A rare mutation removes this protection, allowing harmful molecules to damage cell membranes and trigger early dementia. Mouse and cell studies showed changes resembling Alzheimer’s. Early tests to slow this damage give scientists new directions to explore.",Health,https://www.sciencedaily.com/releases/2025/12/251208052804.htm
Scientists Uncover a Volcanic Trigger Behind the Black Death,"A newly analyzed set of climate data points to a major volcanic eruption that may have played a key role in the Black Death’s arrival. Cooling and crop failures across Europe pushed Italian states to bring in grain from the Black Sea. Those shipments may have carried plague-infected fleas. The study ties together tree rings, ice cores, and historical writings to reframe how the pandemic began.",Health,https://www.sciencedaily.com/releases/2025/12/251208014623.htm
Scientists Capture Flu Viruses Surfing Into Human Cells in Real Time,"Scientists have captured a never-before-seen, high-resolution look at influenza’s stealthy invasion of human cells, revealing that the cells aren’t just helpless victims. Using a groundbreaking imaging technique, researchers discovered that our cells actually reach out and “grab” the virus as it searches for the perfect entry point, surfing along the membrane.",Health,https://www.sciencedaily.com/releases/2025/12/251204024226.htm
Scientists Discover a Hidden Problem With This Popular Sugar Substitute,"Sorbitol, a sugar alcohol commonly used in sugar-free candy, gum, and other low-calorie foods, may not be as harmless as it seems. Researchers at Washington University in St. Louis found that the body can convert sorbitol into a form of fructose in the liver, potentially triggering some of the same harmful metabolic effects linked to fructose.",Health,https://www.sciencedaily.com/releases/2026/09/260903064251.htm
Textbooks Were Wrong: Scientists Reveal How Human Hair Really Grows,A new study suggests human hair grows in a way scientists never expected. Researchers found that hair is pulled upward by coordinated cell movements inside the follicle rather than simply being pushed out by dividing cells at the root. Advanced 3D imaging revealed a hidden cellular &quot;motor&quot; that helps drive growth.,Health,https://www.sciencedaily.com/releases/2026/06/260620100319.htm
Textbooks Were Wrong: Scientists Reveal the Surprising Way Human Hair Really Grows,"Hair may grow in a completely different way than scientists once believed. Instead of being pushed out from the root, new research shows that moving cells inside the follicle actually pull the hair upward like a microscopic motor. Advanced 3D imaging revealed a spiral movement of cells that generates this force. The finding could change how scientists study hair loss and design future treatments.",Health,https://www.sciencedaily.com/releases/2026/03/260313002647.htm
Cancer Cells Depend on a Dangerous DNA Repair Trick,"Researchers have discovered how cells activate a last-resort DNA repair system when severe damage strikes. When genetic tangles overwhelm normal repair pathways, cells flip on a fast but error-prone emergency fix that helps them survive. Some cancer cells rely heavily on this backup system, even though it makes their DNA more unstable. Blocking this process could expose a powerful new way to target tumors.",Health,https://www.sciencedaily.com/releases/2025/12/251227004155.htm
Eating More Vitamin C Can Physically Change Your Skin,"Vitamin C doesn’t just belong in skincare products—it works even better when you eat it. Scientists discovered that vitamin C from food travels through the bloodstream into every layer of the skin, boosting collagen and skin renewal. People who ate two vitamin C–packed kiwifruit daily showed thicker, healthier skin. The findings suggest glowing skin really does start from within.",Health,https://www.sciencedaily.com/releases/2025/12/251226045343.htm
Sugar-Free Sweeteners May Still Be Harming Your Liver,"Sorbitol, a popular sugar-free sweetener, may not be as harmless as its label suggests. Researchers found it can be turned into fructose in the liver, triggering effects similar to regular sugar. Gut bacteria can neutralize some of it—but too much sorbitol or glucose can overwhelm that defense. The result: yet another “healthy” sweetener that may stress the liver.",Health,https://www.sciencedaily.com/releases/2025/12/251217082459.htm
Daily Multivitamins Quietly Lower Blood Pressure in Some Older Adults,"Emerging evidence hints that daily multivitamins might quietly help certain older adults keep their blood pressure in check—especially those with poorer diets and normal readings at the start. While the overall results showed no broad benefit, intriguing improvements appeared in targeted groups, suggesting that micronutrient gaps may play a subtle but meaningful role in hypertension risk.",Health,https://www.sciencedaily.com/releases/2025/12/251211100628.htm
Scientists Find Hidden Layers in Brain’s Memory Center,"Scientists uncovered a surprising four-layer structure hidden inside the hippocampal CA1 region, one of the brain’s major centers for memory, navigation, and emotion. Using advanced RNA imaging techniques, the team mapped more than 330,000 genetic signals from tens of thousands of neurons, revealing crisp, shifting bands of cell types that run along the length of the hippocampus. This layered organization may help explain why different parts of CA1 support different behaviors and why certain neurons break down more easily in disorders such as Alzheimer’s disease and epilepsy.",Health,https://www.sciencedaily.com/releases/2025/12/251206030752.htm
Experimental RNA Treatment Shows Surprising DNA Repair Power,"Cedars-Sinai scientists have created a new experimental drug called TY1 that helps the body repair damaged DNA and restore injured tissue. The discovery came from studying tiny molecular messages released by heart cells that naturally support healing after injury. By identifying and recreating the most powerful of these messages, the team developed a synthetic RNA molecule that boosts the body’s DNA-repair system, reduces scarring, and may improve recovery after heart attacks and other diseases.",Health,https://www.sciencedaily.com/releases/2025/12/251205045849.htm
Alzheimer’s Blood Tests May Be Misleading for People With Kidney Problems,"A large study found that people with impaired kidneys tend to have higher Alzheimer’s biomarkers, yet they don’t face a higher overall risk of dementia. For those who already have elevated biomarkers, kidney problems may speed up when symptoms appear. The findings show that kidney health can change how Alzheimer’s blood tests are read. Doctors may need to consider both organs to get a clearer picture.",Health,https://www.sciencedaily.com/releases/2025/12/251205045845.htm
Scientists Discover ALS Protein That Links DNA Repair to Cancer and Dementia,"A protein tied to ALS and dementia may have a much bigger role in disease than scientists realized. Researchers found that TDP43 controls a key DNA repair process, but when the protein becomes imbalanced, the repair system can spiral out of control, harming neurons and destabilizing DNA. The team also discovered that high levels of the protein are linked to increased mutation rates in cancer. The discovery places TDP43 at the center of both neurodegeneration and cancer biology.",Health,https://www.sciencedaily.com/releases/2026/03/260314030507.htm
Popular Pre-Workout Supplements Linked to Dangerous Sleep Loss,Pre-workout supplements promising extra energy for workouts may come with a hidden cost: severely reduced sleep. A study of people aged 16–30 found users were more than twice as likely to sleep five hours or less per night. Many of these products pack huge doses of caffeine and stimulants that can linger for hours. Researchers say the findings raise concerns about the impact on young people’s health and development.,Health,https://www.sciencedaily.com/releases/2026/03/260308201618.htm
Scientists Reveal the Real Benefits and Hidden Risks of Medical Cannabis,"A sweeping review of more than 2,500 studies reveals that despite booming public enthusiasm, cannabis has strong scientific support for only a few medical uses, leaving most popular claims—like relief for chronic pain, anxiety, and insomnia—on shaky ground. The findings spotlight a persistent gap between what people believe cannabis can do and what clinical evidence actually shows.",Health,https://www.sciencedaily.com/releases/2025/12/251211100620.htm
Blood Tests Reveal Obesity Rapidly Accelerates Alzheimer’s Progression,"Obesity accelerates the rise of Alzheimer’s-related blood biomarkers far more rapidly than previously recognized. Long-term imaging and plasma data show that obese individuals experience much faster increases in proteins linked to neurodegeneration and amyloid buildup. Surprisingly, blood tests detected these changes earlier than PET scans. The results point to obesity as a major, modifiable contributor to Alzheimer’s progression.",Health,https://www.sciencedaily.com/releases/2025/12/251210092019.htm
Simple Nutrient Mix Delivers Surprising Autism Breakthrough in Mice,"A low-dose mix of zinc, serine, and branched-chain amino acids boosted neural function and social behavior in autism mouse models. The combination restored more typical synaptic protein patterns and reduced excessive amygdala activity. Individual supplements had no effect, showing that the nutrients must work together. The findings point toward a promising multi-nutrient strategy for influencing brain circuits involved in autism.",Health,https://www.sciencedaily.com/releases/2025/12/251204083601.htm
A Routine Shingles Shot May Offer Powerful Defense Against Dementia,"A unique vaccine rollout in Wales gave researchers an accidental natural experiment that revealed a striking reduction in dementia among seniors who received the shingles vaccine. The protective effect held steady across multiple analyses and was even stronger in women. Evidence also suggests benefits for people who already have dementia, hinting at a therapeutic effect.",Health,https://www.sciencedaily.com/releases/2025/12/251203004721.htm
Cutting Sweet Foods Doesn’t Curb Cravings or Improve Health,"Changing how much sweet-tasting food people eat may not change how much they crave or enjoy sweetness after all. In a six-month trial, researchers found that people assigned to high-, low-, or average-sweetness diets showed no meaningful differences in their preference for sweet foods, body weight, or markers linked to diabetes and heart disease. Many participants also drifted back toward their previous eating habits once the trial ended.",Health,https://www.sciencedaily.com/releases/2026/08/260807235103.htm
Cutting Sweet Foods Doesn’t Reduce Cravings or Improve Health,"A new study suggests that eating less sweet food doesn’t make people crave it any less—or improve their health markers. Participants who increased or decreased sweetness in their diets showed no changes in preferences, weight, or disease risk. Many even returned to their old eating habits over time. Researchers say it may be time to rethink guidelines that focus on cutting sweetness instead of reducing sugar and calories.",Health,https://www.sciencedaily.com/releases/2026/03/260318033107.htm
These Nanoparticles Kill Cancer Cells While Sparing Healthy Ones,"Researchers have created tiny metal-based particles that push cancer cells over the edge while leaving healthy cells mostly unharmed. The particles work by increasing internal stress in cancer cells until they trigger their own shutdown process. In lab tests, they killed cancer cells far more effectively than healthy ones. The technology is still early-stage, but it opens the door to more precise and gentler cancer treatments.",Health,https://www.sciencedaily.com/releases/2025/12/251223084531.htm
Most of the World Isn’t Getting Enough Omega-3,"Most people worldwide aren’t getting enough omega-3, leaving a major gap between scientific recommendations and daily diets. Researchers emphasize the critical role of EPA and DHA across all life stages and point out that food alone often can’t meet needs. The review calls for clearer global guidelines and easier access to sustainable omega-3 sources. It also highlights the challenges different populations face in reaching healthy intake levels.",Health,https://www.sciencedaily.com/releases/2025/12/251208052527.htm
Gas Stoves Are Filling Millions of Homes With Hidden Toxic Air,"Stanford researchers found that gas stoves expose Americans to surprisingly high levels of nitrogen dioxide—often matching or exceeding outdoor pollution. For millions, cooking alone pushes NO2 over long-term safety thresholds. Smaller homes, renters, and rural households face the highest concentrations. Cleaner cooking technologies could substantially reduce the risks.",Health,https://www.sciencedaily.com/releases/2025/12/251203004724.htm
Your Sweat Reveals Health Problems Long Before Symptoms Appear,"Sweat carries a rich mix of biomarkers that advanced wearables can now track in real time. New AI-powered patches analyze biochemical patterns to detect disease risks, medication levels, or stress responses. Researchers are building ultra-sensitive microfluidic devices to read glucose, cortisol, and more—without needles or blood draws. The tech is still emerging, but its potential is huge.",Health,https://www.sciencedaily.com/releases/2025/12/251203004716.htm
Doctors Are Seeing More Aggressive Breast Cancer in Younger Women Than Expected,"Younger women are being diagnosed with breast cancer more often than screening guidelines anticipate. Many of these cancers are invasive and harder to treat, especially in those under 40. After analyzing 11 years of data, researchers found that this age group makes up a steady and significant share of diagnoses. The results support a stronger push for earlier risk evaluation.",Health,https://www.sciencedaily.com/releases/2025/12/251201233536.htm
Fast Depression Relief? Nitrous Oxide Shows Remarkable Potential,"Nitrous oxide may offer quick, short-term relief for people with major depression, especially those who haven’t responded to standard medications. The meta-analysis found rapid improvements after a single dose and more sustained benefits after repeated treatments. Side effects were generally mild and brief, though researchers stress the need for larger, longer-term studies.",Health,https://www.sciencedaily.com/releases/2025/12/251202052213.htm
Scientists Discover Brain Switches That Clear Alzheimer’s Plaques,"Researchers have identified two brain receptors that help the brain clear away amyloid beta, a hallmark of Alzheimer’s disease. By stimulating these receptors in mice, scientists increased levels of a natural amyloid-breaking enzyme, reduced buildup in the brain, and improved memory-related behavior. Because these receptors are common drug targets, the findings could open the door to affordable pill-based treatments with fewer side effects.",Health,https://www.sciencedaily.com/releases/2026/02/260215225555.htm
Scientists Uncover a Hidden Aging Program in the Gut That Fuels Cancer Risk,"Although the gut renews itself constantly, its stem cells accumulate age-related molecular changes that quietly alter how genes are switched on and off. Scientists found that this “epigenetic drift” follows a clear pattern and appears in both aging intestines and most colon cancers. Some regions age faster than others, forming a patchwork of weakened tissue more prone to degeneration. Encouragingly, researchers showed this drift can be slowed—and partly reversed—by restoring iron levels or key cellular signals.",Health,https://www.sciencedaily.com/releases/2026/01/260108231411.htm
RSV Prevention in Newborns Could Cut Asthma Risk,"Scientists found that RSV infection early in life can set the stage for childhood asthma, particularly in kids already genetically prone to allergies. The virus appears to skew the developing immune system toward exaggerated responses to everyday allergens. But when newborns were protected from RSV, asthma development was prevented. The results point to a powerful added benefit of RSV prevention tools now being rolled out globally.",Health,https://www.sciencedaily.com/releases/2025/11/251129044459.htm
"Scientists Studied 47,000 Dogs on CBD and Found a Surprising Behavior Shift","Data from over 47,000 dogs reveal that CBD is most often used in older pets with chronic health issues. Long-term CBD use was linked to reduced aggression, though other anxious behaviors didn’t improve. The trend was strongest among dogs whose owners lived in cannabis-friendly states.",Health,https://www.sciencedaily.com/releases/2025/11/251128050506.htm
Stanford Scientists Regrow Lost Cartilage and Reverse Arthritis in Major Breakthrough,"A new treatment that blocks an aging-related protein restored lost cartilage in old mice and helped prevent arthritis after knee injuries. Human cartilage samples showed similar signs of regeneration, raising hopes for a future drug that could repair joints instead of replacing them.",Health,https://www.sciencedaily.com/releases/2026/06/260612021604.htm
"Tea Can Improve Your Health and Longevity, but the Way You Drink It Matters","Tea may help protect against heart disease, diabetes, cancer, cognitive decline, and age related muscle loss, according to a major review. But the way you drink it matters, since bottled and bubble teas often contain ingredients that can diminish tea&apos;s health benefits.",Health,https://www.sciencedaily.com/releases/2026/06/260609025534.htm
Scientists Warn: This “miracle Cure” Works Only by Damaging Human Cells,"MMS has long been promoted as a miracle cure, but new research shows it’s essentially a toxic disinfectant. While it can kill bacteria, it only works at levels that also damage human cells and beneficial gut microbes. Scientists warn that homemade MMS mixtures are especially dangerous due to wildly inconsistent dosing. The study calls MMS a clear case where the risks are high—and the benefits are effectively zero.",Health,https://www.sciencedaily.com/releases/2026/02/260201231250.htm
"Tea Can Improve Your Health and Longevity, but How You Drink It Matters","Drinking tea, particularly green tea, is linked to better heart health, improved metabolism, and lower risks of chronic diseases like diabetes and cancer. It may also help protect the brain and preserve muscle strength as people age. However, processed teas—such as bottled and bubble varieties—often contain sugars and additives that may cancel out these benefits. Moderation and choosing freshly brewed tea appear key.",Health,https://www.sciencedaily.com/releases/2026/01/260127112132.htm
Stanford Scientists Found a Way to Regrow Cartilage and Stop Arthritis,"Scientists at Stanford Medicine have discovered a treatment that can reverse cartilage loss in aging joints and even prevent arthritis after knee injuries. By blocking a protein linked to aging, the therapy restored healthy, shock-absorbing cartilage in old mice and injured joints, dramatically improving movement and joint function. Human cartilage samples from knee replacement surgeries also began regenerating when exposed to the treatment.",Health,https://www.sciencedaily.com/releases/2026/01/260120000333.htm
Bird Flu’s Surprising Heat Tolerance Has Scientists Worried,"Researchers discovered why bird flu can survive temperatures that stop human flu in its tracks. A key gene, PB1, gives avian viruses the ability to replicate even at fever-level heat. Mice experiments confirmed that fever cripples human-origin flu but not avian strains, especially those with avian-like PB1. These findings highlight how gene swapping could fuel future pandemics.",Health,https://www.sciencedaily.com/releases/2025/11/251128050503.htm
Polluted Air Quietly Erases the Benefits of Exercise,"Long-term inhalation of toxic air appears to dull the protective power of regular workouts, according to a massive global study spanning more than a decade and over a million adults. While exercise still helps people live longer, its benefits shrink dramatically in regions with heavy fine particle pollution—especially above key PM2.5 thresholds common in many parts of the world. The researchers emphasize that outdoor activity shouldn’t stop, but better air quality could unlock far greater health gains.",Health,https://www.sciencedaily.com/releases/2025/11/251128050457.htm
Drinking Orange Juice Every Day May Change Thousands of Genes,"Orange juice may have a much bigger effect on the body than scientists once realized. Drinking it regularly appears to influence genes tied to inflammation, blood pressure, metabolism, and blood sugar control, while studies have also found improvements in cholesterol and blood vessel health. Researchers suspect natural citrus compounds such as hesperidin may be partly responsible. Even the gut microbiome may benefit.",Health,https://www.sciencedaily.com/releases/2026/08/260813045548.htm
This Silent Tooth Infection Could Be Hurting Your Whole Body,Scientists are uncovering a surprising link between hidden tooth infections and blood sugar problems. Deep infections around tooth roots can create chronic inflammation that spreads through the body and may interfere with insulin function. Studies found that people who underwent root canal treatment often experienced better blood sugar control and reduced inflammation afterward. The research suggests that treating an infected tooth could have benefits far beyond the mouth.,Health,https://www.sciencedaily.com/releases/2026/05/260515002146.htm
A Massive ADHD Study Reveals What Actually Works,"A sweeping new review of ADHD treatments—drawing on more than 200 meta-analyses—cuts through years of mixed messaging and hype. To make sense of it all, researchers have launched an interactive, public website that lets people with ADHD and clinicians explore what actually works, helping them make clearer, evidence-based decisions—while also highlighting a major gap: most solid evidence only covers short-term effects, even though long-term treatment is common.",Health,https://www.sciencedaily.com/releases/2026/02/260208233825.htm
Scientists Finally Explain Statin Muscle Pain,"Statins are a cornerstone of heart health, but muscle pain and weakness cause many patients to quit taking them. Scientists have now identified the precise molecular trigger behind these side effects. They found that statins jam open a critical muscle protein, causing a toxic calcium leak. The discovery could lead to safer statins that keep their life-saving benefits without the muscle damage.",Health,https://www.sciencedaily.com/releases/2026/01/260131084610.htm
Everyday Chemicals Are Quietly Damaging Beneficial Gut Bacteria,"A large study has revealed that dozens of widely used chemicals can damage beneficial gut bacteria. Many of these substances, found in pesticides and everyday industrial products, were never thought to affect living organisms at all. When gut bacteria are stressed by these chemicals, some may also become resistant to antibiotics. The research raises new questions about how chemical exposure could be influencing human health behind the scenes.",Health,https://www.sciencedaily.com/releases/2026/01/260104202815.htm
Harvard Gut Discovery Could Change How We Treat Obesity and Diabetes,"Scientists found that certain molecules made by gut bacteria travel to the liver and help control how the body uses energy. These molecules change depending on diet, genetics, and shifts in the microbiome. Some even improved insulin response in liver cells when tested in the lab. The findings could open the door to new ways of preventing or managing obesity and diabetes.",Health,https://www.sciencedaily.com/releases/2025/12/251214100926.htm
Scientists Reveal a Powerful Heart Boost Hidden in Everyday Foods,"Regular consumption of polyphenol-rich foods like tea, coffee, berries, nuts, and whole grains may significantly support long-term heart health. A decade-long study of more than 3,100 adults found that those who consistently ate polyphenol-packed diets had healthier blood pressure and cholesterol levels, as well as lower predicted cardiovascular risk.",Health,https://www.sciencedaily.com/releases/2025/12/251205054727.htm
A Long-Overlooked Weak Point in Your DNA Has Just Been Revealed,"Scientists discovered that the first 100 base pairs of human genes are unusually prone to mutations, especially during the earliest stages of embryonic development. These mosaic mutations often go undetected yet can still be passed on and cause disease. Large-scale genome analyses show that genes tied to cancer and brain function are particularly affected, with natural selection filtering out harmful variants. The study highlights the need to adjust genetic models and rethink how researchers identify disease-relevant mutations.",Health,https://www.sciencedaily.com/releases/2025/12/251202052217.htm
