title,summary,category,url
Quantum Breakthrough Links Light and Magnetism in Atomically Thin Materials,"A new review highlights exciting progress in atomically thin quantum materials where light and magnetism work together in ways never before possible. In these materials, light-generated excitons can interact directly with magnetic behavior, creating opportunities to control magnetic states using light alone. Scientists believe this could pave the way for advanced optical memory, quantum devices, and ultra-efficient photonic technologies.",Physical/Tech,https://www.sciencedaily.com/releases/2026/07/260715083523.htm
Incredible New Material Makes Heat Programmable,"A newly developed material can control and &quot;program&quot; heat, allowing it to direct thermal radiation, switch modes, and remember its settings without continuous power. The innovation could lead to smarter infrared sensors, better energy technologies, and memory devices that use light and heat instead of electrical charges.",Physical/Tech,https://www.sciencedaily.com/releases/2026/07/260707025046.htm
Quantum Sensor Breakthrough Could Reveal Dark Matter and Ancient Gravitational Waves,"Scientists have taken an important step toward building quantum detectors that could reveal some of the universe’s biggest secrets. Using a prototype device with two clouds of ultracold atoms, researchers showed that a clever noise-canceling technique can recover hidden signals even when individual measurements appear completely overwhelmed by interference.",Physical/Tech,https://www.sciencedaily.com/releases/2026/06/260622014303.htm
Scientists Built a Battery-Free Device That Turns Sunlight Into Fuel,"Scientists have developed an artificial photosynthesis system that essentially regulates itself, eliminating the need for batteries used in many current designs. The key innovation is an electrolyzer that automatically adapts to changing sunlight by altering its electrical properties as it heats up. This keeps solar fuel production more stable while reducing cost and complexity.",Physical/Tech,https://www.sciencedaily.com/releases/2026/06/260611024601.htm
"After 20 Years, Scientists Finally Shrink a Powerful Laser Onto a Chip","Researchers at EPFL have developed a chip-scale ultrafast laser that performs on par with traditional tabletop femtosecond lasers. The innovation could make advanced laser technologies far smaller, cheaper, and more accessible for applications ranging from medical diagnostics to atomic clocks.",Physical/Tech,https://www.sciencedaily.com/releases/2026/06/260604044240.htm
This Strange Crystal Acts Like Metal and Glass at the Same Time,"A remarkable crystal called molybdenum oxychloride could help make futuristic technologies like smart contact lenses and ultrathin AR glasses a reality. Scientists have created the first detailed experimental map of its optical properties, revealing the strongest light-bending effect ever measured in a natural material. The crystal can act either like a reflective metal or transparent glass, allowing it to manipulate light with extraordinary efficiency while being thousands of times thinner than a human hair.",Physical/Tech,https://www.sciencedaily.com/releases/2026/06/260601025322.htm
New Light-Powered Chip Could Accelerate AI and Quantum Computing,"Scientists have created a tiny chip that can generate, steer, and read light-based information all in one device, marking a major leap toward ultra-fast, energy-efficient computing. The breakthrough uses atomically thin materials and nanoscale structures to control a unique quantum property of light called the “valley” degree of freedom, allowing information to be encoded in new ways.",Physical/Tech,https://www.sciencedaily.com/releases/2026/06/260601025343.htm
A Quantum Metasurface Breakthrough Could Finally Close the Terahertz Gap,"Researchers have developed a compact quantum detector that makes terahertz radiation much easier to detect. A specially designed metasurface funnels incoming energy into tiny active regions, greatly strengthening the electrical signal produced. The approach boosted efficiency by roughly 20 times compared to earlier designs and could pave the way for more practical THz devices in healthcare, communications, and scientific research.",Physical/Tech,https://www.sciencedaily.com/releases/2026/05/260530053416.htm
New Quantum Sensor Could Count Individual Photons and Hunt Dark Matter,"Researchers have built an ultra-sensitive sensor capable of detecting unimaginably small amounts of energy — below one zeptojoule. The breakthrough relies on fragile superconducting materials that react to even the slightest temperature change. This level of precision could improve quantum computers, enable photon counting, and even help scientists detect elusive dark matter particles from space.",Physical/Tech,https://www.sciencedaily.com/releases/2026/05/260520093654.htm
MIT Scientists Finally Reveal the Hidden Structure of a Mysterious High-Tech Material,"For decades, relaxor ferroelectrics have powered everything from medical ultrasounds to sonar systems, yet their inner atomic structure remained a mystery—until now. Researchers have finally mapped their three-dimensional structure in unprecedented detail, uncovering hidden patterns in how electric charges are arranged at the nanoscale. The breakthrough not only challenges long-standing assumptions about how these materials behave but also allows scientists to refine the models used to design them.",Physical/Tech,https://www.sciencedaily.com/releases/2026/05/260504023831.htm
Scientists Create Quantum Sound Device That Could Transform Communications,"A new quantum device can generate precisely controlled bursts of sound-like particles, or phonons, by forcing electrons through an ultra-thin crystal at extremely low temperatures. The surprising behavior pushes beyond the limits predicted by current theories, suggesting scientists need to rethink how energy moves through advanced materials. In the future, the breakthrough could lead to phonon lasers, faster communications, improved medical technologies, and powerful new sensing systems.",Physical/Tech,https://www.sciencedaily.com/releases/2026/06/260626030435.htm
Scientists Built a Camera That Can Track Invisible Particles in 3D,"A new particle detector called PLATON could replace millions of tiny detector components with a single block of light-producing material. Using a light-field camera, highly sensitive photon sensors, and AI, it reconstructs particle paths in fast, detailed 3D. Simulations suggest it could match or surpass today’s best detectors while being far easier to scale. The technology may also lead to sharper PET medical scans.",Physical/Tech,https://www.sciencedaily.com/releases/2026/07/260716023610.htm
The Biggest Problem With Solid-State Batteries May Finally Be Solved,"Researchers solved the mystery of how soft lithium dendrites crack the hard ceramic inside solid-state batteries, triggering short circuits. The breakthrough could help engineers build safer, longer-lasting batteries for smartphones, electric vehicles, and other electronics.",Physical/Tech,https://www.sciencedaily.com/releases/2026/07/260710003533.htm
The Hidden Atomic Gap That Could Break Next-Generation Computer Chips,A major obstacle may be standing in the way of the next generation of ultra-tiny computer chips. Researchers discovered that many promising 2D materials lose their advantages because an invisible atomic-scale gap forms when they are combined with insulating layers. That tiny gap weakens electronic performance and could prevent further miniaturization. The team says new “zipper materials” that lock together more tightly may offer a path forward.,Physical/Tech,https://www.sciencedaily.com/releases/2026/05/260508003125.htm
Scientists Sculpt Einstein Onto a Crystal Using Only Light,"A light-sensitive crystal is opening the door to a new era of “light-written” technology. Arsenic trisulfide can be reshaped and permanently altered using simple light, creating ultra-fine optical patterns without expensive manufacturing tools. Scientists even etched a nanoscale portrait of Einstein and high-density patterns that could act as secure optical signatures. This breakthrough could power everything from advanced sensors to next-generation AR devices.",Physical/Tech,https://www.sciencedaily.com/releases/2026/04/260421042755.htm
This New Chip Could Slash Data Center Energy Waste,"A new chip design from UC San Diego could make data centers far more energy-efficient by rethinking how power is converted for GPUs. By combining vibrating piezoelectric components with a clever circuit layout, the system overcomes limitations of traditional designs. The prototype achieved impressive efficiency and delivered much more power than previous attempts. Though not ready for widespread use yet, it points to a promising future for high-performance computing.",Physical/Tech,https://www.sciencedaily.com/releases/2026/04/260409101103.htm
Scientists Find Quantum Computers Forget Most of Their Work,"Quantum circuits are supposed to gain power as they grow longer, but noise changes the picture. A new study finds that earlier steps in these circuits gradually lose their impact, with only the final layers really mattering. As a result, deep quantum circuits behave more like shallow ones. This limits what current quantum computers can realistically achieve.",Physical/Tech,https://www.sciencedaily.com/releases/2026/04/260406045126.htm
This New “phonon Laser” Could Measure Gravity More Precisely Than Ever Before,"Scientists have taken lasers beyond light and into the realm of sound, creating a breakthrough “phonon laser” that manipulates tiny vibrations at the quantum level. By dramatically reducing noise in these systems, researchers can now measure motion and forces with unprecedented precision. This advance could unlock new ways to study gravity, probe quantum physics, and even revolutionize navigation with ultra-accurate, satellite-free systems.",Physical/Tech,https://www.sciencedaily.com/releases/2026/03/260331001058.htm
New “optical Tornado” Technology Could Transform Quantum Communication,"Scientists have created tiny “optical tornadoes” — swirling beams of light that twist like miniature whirlwinds — using a surprisingly simple setup based on liquid crystals. Instead of relying on complex nanotechnology, the team used self-organizing structures called torons to trap and manipulate light, causing it to spiral and rotate in intricate ways. Even more impressively, they achieved this effect in light’s most stable, lowest-energy state, making it far easier to generate laser-like beams with these unusual properties.",Physical/Tech,https://www.sciencedaily.com/releases/2026/04/260424233215.htm
Scientists Built a Quantum Battery That Breaks the Rules of Charging,"Scientists have taken a major step toward futuristic energy tech by building a working prototype of a quantum battery—one that can charge, store, and release energy using the strange rules of quantum physics instead of chemistry. This tiny, laser-powered device hints at a future where energy storage is not only faster but actually improves as systems get larger, flipping the rules of conventional batteries.",Physical/Tech,https://www.sciencedaily.com/releases/2026/04/260403224452.htm
Superconductivity Breakthrough Could Unlock Ultra-Efficient Electronics,"A clever nanoscale redesign may have solved one of superconductivity’s biggest problems. Researchers in Sweden discovered that by subtly sculpting the surface beneath an ultrathin superconducting material, they could make it stay superconducting at higher temperatures and under much stronger magnetic fields.",Physical/Tech,https://www.sciencedaily.com/releases/2026/06/260617032211.htm
Engineers Make Magnets Behave Like Graphene,Engineers have discovered an unexpected link between two very different realms of physics: the behavior of electrons in graphene and magnetic waves in specially engineered materials. By designing a thin magnetic film with a hexagonal pattern of holes—similar to graphene’s structure—the researchers showed that magnetic “spin waves” can follow the same mathematical rules as graphene’s famously unusual electrons. The surprising overlap reveals a deeper connection between electronic and magnetic systems and gives scientists a powerful new way to study complex magnetic materials.,Physical/Tech,https://www.sciencedaily.com/releases/2026/03/260307213230.htm
Record-Breaking Photodetector Captures Light in Just 125 Picoseconds,"A new ultrathin photodetector from Duke University can sense light across the entire electromagnetic spectrum and generate a signal in just 125 picoseconds, making it the fastest pyroelectric detector ever built. The breakthrough could power next-generation multispectral cameras used in medicine, agriculture, and space-based sensing.",Physical/Tech,https://www.sciencedaily.com/releases/2026/03/260304184218.htm
New Light Trap Design Supercharges Atom-Thin Semiconductors,"Scientists have found a clever way to supercharge ultra-thin semiconductors by reshaping the space beneath them rather than altering the material itself. By placing a single-atom-thick layer of tungsten disulfide over tiny air cavities carved into a crystal, they created miniature “light traps” that dramatically boost brightness and optical effects—up to 20 times stronger emission and 25 times stronger nonlinear signals. These hollow structures, called Mie voids, concentrate light exactly where the material sits, overcoming a major limitation of atomically thin devices.",Physical/Tech,https://www.sciencedaily.com/releases/2026/03/260324024257.htm
The Hidden Technology That Could Unlock Commercial Fusion Power,"Fusion energy may be one of the most promising clean power sources of the future—but only if scientists can precisely measure the extreme, fast-moving plasmas that make it possible. A new U.S. Department of Energy–sponsored report urges major investment in advanced diagnostic tools—the high-tech “sensors” that track plasma temperature, density, and behavior inside fusion systems. Bringing together 70 experts from universities, national labs, and private industry, the workshop identified seven priority areas ranging from burning plasma to full-scale pilot plants.",Physical/Tech,https://www.sciencedaily.com/releases/2026/03/260303050622.htm
Scientists Create Ultra-Low Loss Optical Device That Traps Light on a Chip,"CU Boulder researchers have designed microscopic “racetracks” that trap and amplify light with exceptional efficiency. By using smooth curves inspired by highway engineering, they reduced energy loss and kept light circulating longer inside the device. Fabricated with sub-nanometer precision, the resonators rank among the top performers made from chalcogenide glass. The technology could lead to compact sensors, microlasers, and advanced quantum systems.",Physical/Tech,https://www.sciencedaily.com/releases/2026/02/260224015540.htm
Scientists May Have Found the Holy Grail of Quantum Computing,"Scientists may have spotted a long-sought triplet superconductor — a material that can transmit both electricity and electron spin with zero resistance. That ability could dramatically stabilize quantum computers while slashing their energy use. Early experiments suggest the alloy NbRe behaves unlike any conventional superconductor. If verified, it could become a cornerstone of next-generation quantum and spintronic technology.",Physical/Tech,https://www.sciencedaily.com/releases/2026/02/260221000252.htm
Tiny Nanolaser Could Cut Computer Energy Use in Half,"Scientists have created an ultra-small nanolaser that could eventually allow microchips to transmit information with light instead of electricity, potentially making computers faster while cutting energy use roughly in half. Thousands of the lasers could fit on a single chip, opening possibilities for more efficient data centers, smartphones, and advanced medical sensors.",Physical/Tech,https://www.sciencedaily.com/releases/2026/09/260911003858.htm
Scientists Discover a Hidden Quantum World Inside Cobalt,"Scientists have uncovered unexpected quantum complexity inside cobalt, a metal long thought to be fully understood. Advanced measurements revealed a dense network of topological electronic states that remain robust at room temperature. These states enable extremely fast electron behavior and can be switched or controlled using magnetism. The discovery could open new paths toward next-generation computing and spin-based devices.",Physical/Tech,https://www.sciencedaily.com/releases/2026/06/260604044255.htm
A Tiny Twist Creates Giant Magnetic Skyrmions in 2D Crystals,"Twisting atomically thin magnetic layers does more than reshape their electronics—it can create giant, topological magnetic textures. In chromium triiodide, researchers observed skyrmion-like patterns stretching far beyond the expected moiré scale, reaching hundreds of nanometers. Even more surprising, their size doesn’t simply follow the twist pattern but peaks at a specific angle. This twist-controlled magnetism could pave the way for low-power spintronic devices built from geometry alone.",Physical/Tech,https://www.sciencedaily.com/releases/2026/03/260302030654.htm
A Simple Chemical Tweak Could Supercharge Quantum Computers,"Quantum computers need special materials called topological superconductors—but they’ve been notoriously difficult to create. Researchers have now shown they can trigger this exotic state by subtly adjusting the mix of tellurium and selenium in ultra-thin films. That tiny chemical tweak changes how electrons interact, effectively turning a quantum phase “dial” until the ideal state appears. The result is a more practical path toward building stable, next-generation quantum devices.",Physical/Tech,https://www.sciencedaily.com/releases/2026/02/260224023211.htm
Scientists Create Smart Synthetic Skin That Can Hide Images and Change Shape,"Inspired by the shape-shifting skin of octopuses, Penn State researchers developed a smart hydrogel that can change appearance, texture, and shape on command. The material is programmed using a special printing technique that embeds digital instructions directly into the skin. Images and information can remain invisible until triggered by heat, liquids, or stretching.",Physical/Tech,https://www.sciencedaily.com/releases/2026/02/260206034836.htm
Caltech Breakthrough Brings Fiber-Optic Performance to Silicon Chips,"Caltech scientists have created ultra-low-loss optical pathways on silicon chips that approach the efficiency of fiber optics and dramatically outperform existing technology at visible wavelengths. The breakthrough could unlock more powerful lasers, miniature atomic sensors and clocks, quantum systems, and more energy-efficient data centers.",Physical/Tech,https://www.sciencedaily.com/releases/2026/08/260814235905.htm
MIT Scientists Finally See Hidden Quantum “jiggling” Inside Superconductors,"MIT physicists have built a powerful new microscope that uses terahertz light to uncover hidden quantum motions inside superconductors. By compressing this normally unwieldy light into a tiny region, they were able to observe electrons moving together in a frictionless, wave-like state for the first time. This discovery opens a new window into how superconductors really work. It could also help drive future breakthroughs in high-speed wireless communication.",Physical/Tech,https://www.sciencedaily.com/releases/2026/03/260317064509.htm
Scientists Turn MXene Into Tiny Nanoscrolls That Supercharge Batteries and Sensors,"Scientists have transformed a groundbreaking 2D nanomaterial called MXene into an even more powerful 1D form—tiny scroll-like tubes that are incredibly thin yet highly conductive. By rolling flat sheets into hollow nanoscrolls, they’ve created structures that act like fast “highways” for ions, boosting performance in batteries, sensors, and wearable electronics.",Physical/Tech,https://www.sciencedaily.com/releases/2026/03/260331001111.htm
A New Way to Control Light Could Boost Future Wireless Tech,"A new optical device allows researchers to generate and switch between two stable, donut-shaped light patterns called skyrmions. These light vortices hold their shape even when disturbed, making them promising for wireless data transmission. Using a specially designed metasurface and controlled laser pulses, scientists can flip between electric and magnetic modes. The advance could help pave the way for more resilient terahertz communication systems.",Physical/Tech,https://www.sciencedaily.com/releases/2026/02/260204114540.htm
Stanford’s New Chip Boosts Light 100x With Surprisingly Low Energy,"Researchers at Stanford have developed a compact optical amplifier that dramatically boosts light signals using very little power. By recycling energy inside a looping resonator, the device achieves strong amplification with minimal noise and wide bandwidth. Its efficiency and small size mean it could run on batteries and be integrated into consumer electronics. This breakthrough could enable faster communications and more powerful optical technologies.",Physical/Tech,https://www.sciencedaily.com/releases/2026/05/260504154021.htm
A Flash of Laser Light Flips a Magnet in Major Light-Control Breakthrough,"Researchers at the University of Basel and the ETH in Zurich have succeeded in changing the polarity of a special ferromagnet using a laser beam. In the future, this method could be used to create adaptable electronic circuits with light.",Physical/Tech,https://www.sciencedaily.com/releases/2026/03/260303050630.htm
Scientists Twist Tiny Crystals to Control Electricity,"Researchers have developed a technique that allows them to carve complex three dimensional nanodevices directly from single crystals. To demonstrate its power, they sculpted microscopic helices from a magnetic material and found that the structures behave like switchable diodes. Electric current prefers one direction, but the effect can be flipped by changing the magnetization or the twist of the helix. The findings show that geometry itself can be used as a tool for electronic design.",Physical/Tech,https://www.sciencedaily.com/releases/2026/01/260125081138.htm
Heidelberg Physicists Just United Two Opposing Quantum Theories,"A new quantum theory bridges two rival models of how impurities behave inside many-particle systems, resolving a problem that has challenged physicists for decades. The findings could reshape experiments on ultracold atoms, semiconductors, and other exotic forms of quantum matter.",Physical/Tech,https://www.sciencedaily.com/releases/2026/07/260708022154.htm
A Hidden Magnetic Order Could Unlock Superconductivity,"Physicists have discovered that hidden magnetic order plays a key role in the pseudogap, a puzzling state of matter that appears just before certain materials become superconductors. Using an ultra-cold quantum simulator, the team found that even when magnetism seems disrupted, subtle and universal magnetic patterns persist beneath the surface. These patterns closely track the temperature at which the pseudogap forms, suggesting magnetism may help set the stage for superconductivity.",Physical/Tech,https://www.sciencedaily.com/releases/2026/01/260126231849.htm
Researchers Unlocked a New Shortcut to Quantum Materials,"Scientists are learning how to temporarily reshape materials by nudging their internal quantum rhythms instead of blasting them with extreme lasers. By harnessing excitons, short-lived energy pairs that naturally form inside semiconductors, researchers can alter how electrons behave using far less energy than before. This approach achieves powerful quantum effects without damaging the material, overcoming a major barrier that has limited progress for years.",Physical/Tech,https://www.sciencedaily.com/releases/2026/01/260121233404.htm
Engineers Just Created a “phonon Laser” That Could Shrink Your Next Smartphone,"Engineers have created a device that generates incredibly tiny, earthquake-like vibrations on a microchip—and it could transform future electronics. Using a new kind of “phonon laser,” the team can produce ultra-fast surface waves that already play a hidden role in smartphones, GPS systems, and wireless tech. Unlike today’s bulky setups, this single-chip device could deliver far higher performance using less power, opening the door to smaller, faster, and more efficient phones and wireless devices.",Physical/Tech,https://www.sciencedaily.com/releases/2026/01/260116035319.htm
Scientists Discover Bizarre New States Inside Tiny Magnetic Whirlpools,"Researchers have uncovered a new way to generate exotic oscillation states in tiny magnetic structures—using only minimal energy. By exciting magnetic waves, they triggered a delicate motion that produced a rich spectrum of signals never seen before in this system. The finding challenges existing assumptions and could help connect different types of technologies, from conventional electronics to quantum devices. It’s a small effect with potentially huge implications.",Physical/Tech,https://www.sciencedaily.com/releases/2026/03/260326075614.htm
Beyond Silicon: These Shape-Shifting Molecules Could Be the Future of AI Hardware,"Scientists have developed molecular devices that can switch roles, behaving as memory, logic, or learning elements within the same structure. The breakthrough comes from precise chemical design that lets electrons and ions reorganize dynamically. Unlike conventional electronics, these devices do not just imitate intelligence but physically encode it. This approach could reshape how future AI hardware is built.",Physical/Tech,https://www.sciencedaily.com/releases/2026/01/260101160857.htm
Less Than a Trillionth of a Second: Ultrafast UV Light Could Transform Communications and Imaging,"Researchers have built a new platform that produces ultrashort UV-C laser pulses and detects them at room temperature using atom-thin materials. The light flashes last just femtoseconds and can be used to send encoded messages through open space. The system relies on efficient laser generation and highly responsive sensors that scale well for manufacturing. Together, these advances could accelerate the development of next-generation photonic technologies.",Physical/Tech,https://www.sciencedaily.com/releases/2026/01/260101160849.htm
Light-Printed Electrodes Turn Skin and Clothing Into Sensors,"Researchers in Sweden have unveiled a way to create high-performance electronic electrodes using nothing more than visible light and specially designed water-soluble monomers. This gentle, chemical-free approach lets conductive plastics form directly on surfaces ranging from glass to textiles to living skin, enabling surprisingly versatile electronic and medical applications.",Physical/Tech,https://www.sciencedaily.com/releases/2025/12/251215025317.htm
Physicists Made Atoms Behave Like a Quantum Circuit,"Using ultracold atoms and laser light, researchers recreated the behavior of a Josephson junction—an essential component of quantum computers and voltage standards. The appearance of Shapiro steps in this atomic system reveals a deep universality in quantum physics and makes elusive microscopic effects visible for the first time.",Physical/Tech,https://www.sciencedaily.com/releases/2025/12/251222043243.htm
An Old Jeweler’s Trick Could Change Nuclear Timekeeping,"A team of physicists has discovered a surprisingly simple way to build nuclear clocks using tiny amounts of rare thorium. By electroplating thorium onto steel, they achieved the same results as years of work with delicate crystals — but far more efficiently. These clocks could be vastly more precise than current atomic clocks and work where GPS fails, from deep space to underwater submarines. The advance could transform navigation, communications, and fundamental physics research.",Physical/Tech,https://www.sciencedaily.com/releases/2026/01/260107225542.htm
New Quantum Antenna Reveals a Hidden Terahertz World,"Researchers at the University of Warsaw have unveiled a breakthrough method for detecting and precisely calibrating terahertz frequency combs using a quantum antenna made from Rydberg atoms. By combining atomic electrometry with a powerful terahertz-to-light conversion technique, they achieved the first measurement of a single terahertz comb tooth—something previously impossible due to the limits of electronics and optical tools.",Physical/Tech,https://www.sciencedaily.com/releases/2025/12/251213032617.htm
Scientists Capture a Magnetic Flip in 140 Trillionths of a Second,"Scientists at the University of Tokyo have captured something never seen before: a frame-by-frame view of how electron spins flip inside an antiferromagnet, a material once thought to be magnetically “invisible.” By firing ultrafast electrical pulses into a thin layer of manganese–tin and tracking the response with precisely timed flashes of light, the team uncovered two distinct switching mechanisms. One relies on heat generated by strong currents, while the other flips spins directly with minimal heating — a far more efficient process.",Physical/Tech,https://www.sciencedaily.com/releases/2026/03/260303145707.htm
Stanford Quantum Computing Breakthrough Uses Twisted Light to Work Without Extreme Cooling,"A new room-temperature quantum device uses twisted light to entangle photons and electrons, overcoming one of the biggest hurdles in quantum technology. The breakthrough could pave the way for smaller, cheaper quantum systems with applications ranging from secure communications to future AI and computing platforms.",Physical/Tech,https://www.sciencedaily.com/releases/2026/05/260528074028.htm
Particles May Not Follow Einstein’s Paths After All,"Physicists have long struggled to unite quantum mechanics—the theory governing tiny particles—with Einstein’s theory of gravity, which explains the behavior of stars, planets, and the structure of the universe. Researchers at TU Wien have now taken a new step toward that goal by rethinking one of relativity’s core ideas: the paths particles follow through curved spacetime, known as geodesics. By creating a quantum version of these paths—called the q-desic equation—the team showed that particles moving through a “quantum” spacetime may deviate slightly from the paths predicted by classical relativity.",Physical/Tech,https://www.sciencedaily.com/releases/2026/03/260308201613.htm
A 1950s Material Just Set a Modern Record for Lightning-Fast Chips,"Researchers engineered a strained germanium layer on silicon that allows charge to move faster than in any silicon-compatible material to date. This record mobility could lead to chips that run cooler, faster, and with dramatically lower energy consumption. The discovery also enhances the prospects for silicon-based quantum devices.",Physical/Tech,https://www.sciencedaily.com/releases/2025/12/251204024240.htm
The “impossible” LED That Could Change Everything,"Scientists at the University of Cambridge have achieved what was once considered impossible by electrically powering insulating nanoparticles to create a completely new kind of LED. Using tiny organic “molecular antennas,” the team found a way to funnel energy into materials that normally cannot conduct electricity, producing ultra pure near infrared light with remarkable efficiency.",Physical/Tech,https://www.sciencedaily.com/releases/2026/05/260518011222.htm
The “impossible” LED Breakthrough That Changes Everything,"Scientists have discovered how to electrically power insulating nanoparticles using organic molecules that act like tiny antennas. These hybrids generate extremely pure near-infrared light, ideal for medical diagnostics and advanced communications. The approach works at low voltages and surpasses competing technologies in spectral precision. Early results suggest huge potential for future optoelectronic devices.",Physical/Tech,https://www.sciencedaily.com/releases/2025/12/251205054734.htm
Light Has Been Hiding a Magnetic Secret for Nearly 200 Years,New research shows that light’s magnetic field is far more influential than scientists once believed. The team found that this magnetic component significantly affects how light rotates as it passes through certain materials. Their work challenges a 180-year-old understanding of the Faraday Effect and opens pathways to new optical and magnetic technologies.,Physical/Tech,https://www.sciencedaily.com/releases/2025/11/251120091945.htm
Scientists Just Teleported Information Using Light,"Quantum communication is edging closer to reality thanks to a breakthrough in teleporting information between photons from different quantum dots—one of the biggest challenges in building a quantum internet. By creating nearly identical semiconductor-based photon sources and using frequency converters to sync them, researchers successfully transferred quantum states across a fiber link, proving a key step toward long-distance, tamper-proof communication.",Physical/Tech,https://www.sciencedaily.com/releases/2025/11/251129044516.htm
MIT Ultrasonic Tech Pulls Drinking Water from Air in Minutes,"MIT engineers have created an ultrasonic device that rapidly frees water from materials designed to absorb moisture from the air. Instead of waiting hours for heat to evaporate the trapped water, the system uses high-frequency vibrations to release droplets in just minutes. It can be powered by a small solar cell and programmed to cycle continuously throughout the day. The breakthrough could help communities with limited access to fresh water.",Physical/Tech,https://www.sciencedaily.com/releases/2025/11/251120002834.htm
New Engine Uses the Freezing Cold of Space to Generate Power at Night,"Engineers at UC Davis have built a remarkable device that creates power at night by tapping into something we rarely think about: the vast cold of outer space. Using a special type of Stirling engine, the system links the warmth of the ground to the freezing depths above us, generating mechanical energy simply from the natural temperature difference after sunset.",Physical/Tech,https://www.sciencedaily.com/releases/2026/02/260226042456.htm
Scientists Are Turning Earth Into a Giant Detector for Hidden Forces Shaping Our Universe,"SQUIRE aims to detect exotic spin-dependent interactions using quantum sensors deployed in space, where speed and environmental conditions vastly improve sensitivity. Orbiting sensors tap into Earth’s enormous natural polarized spin source and benefit from low-noise periodic signal modulation. A robust prototype with advanced noise suppression and radiation-hardened engineering now meets the requirements for space operation. The long-term goal is a powerful space-ground network capable of exploring dark matter and other beyond-Standard-Model phenomena.",Physical/Tech,https://www.sciencedaily.com/releases/2025/12/251205054737.htm
Physicists Reveal a New Quantum State Where Electrons Run Wild,Electrons can freeze into strange geometric crystals and then melt back into liquid-like motion under the right quantum conditions. Researchers identified how to tune these transitions and even discovered a bizarre “pinball” state where some electrons stay locked in place while others dart around freely. Their simulations help explain how these phases form and how they might be harnessed for advanced quantum technologies.,Physical/Tech,https://www.sciencedaily.com/releases/2025/11/251116105625.htm
Breakthrough Shows Light Can Move Atoms in 2D Semiconductors,"Laser light can physically distort Janus TMD materials, revealing how their asymmetrical structure amplifies light-driven forces. These effects could power breakthroughs in photonic chips, sensors, and tunable light technologies.",Physical/Tech,https://www.sciencedaily.com/releases/2025/11/251114041155.htm
Simple Water Trick Slashes Diesel Engine Pollution by Over 60%,"A surprisingly simple fuel modification could help tackle one of diesel engines’ biggest problems: pollution. Researchers reviewing studies from around the world found that mixing small amounts of water into diesel fuel can dramatically reduce harmful emissions, including nitrogen oxides and soot, while maintaining or even improving engine efficiency.",Physical/Tech,https://www.sciencedaily.com/releases/2026/06/260621052413.htm
Simple Water Trick Cuts Diesel Engine Pollution by Over 60%,"Scientists are exploring a surprisingly simple way to clean up diesel engines: adding tiny droplets of water to the fuel. During combustion, the water rapidly vaporizes, triggering micro-explosions that improve fuel mixing and lower combustion temperatures. Studies show this technique can slash nitrogen oxide and soot emissions by more than 60% while sometimes even improving engine efficiency. Because it works in existing engines without redesign, it could provide a quick path to cleaner diesel use.",Physical/Tech,https://www.sciencedaily.com/releases/2026/03/260313002630.htm
Floating Device Turns Raindrops Into Electricity,"A new floating droplet electricity generator is redefining how rain can be harvested as a clean power source by using water itself as both structural support and an electrode. This nature-integrated design dramatically reduces weight and cost compared to traditional solid-based generators while still producing high-voltage outputs from each falling drop. It remains stable in harsh natural conditions, scales to large functional devices, and has the potential to power sensors, off-grid electronics, and distributed energy systems on lakes and coastal waters.",Physical/Tech,https://www.sciencedaily.com/releases/2025/11/251114041228.htm
Scientists Turn Common Semiconductor Into a Superconductor,"Researchers have made germanium superconducting for the first time, a feat that could transform computing and quantum technologies. Using molecular beam epitaxy to embed gallium atoms precisely, the team stabilized the crystal structure to carry current without resistance. The discovery paves the way for scalable, energy-efficient quantum devices and cryogenic electronics.",Physical/Tech,https://www.sciencedaily.com/releases/2025/10/251030075105.htm
Stanford Discovers an Extraordinary Crystal That Could Transform Quantum Tech,"Stanford scientists found that strontium titanate improves its performance when frozen to near absolute zero, showing extraordinary optical and mechanical behavior. Its nonlinear and piezoelectric properties make it ideal for cryogenic quantum technologies. Once overlooked, this cheap, accessible material now promises to advance lasers, computing, and space exploration alike.",Physical/Tech,https://www.sciencedaily.com/releases/2025/11/251108083912.htm
Astronomers Just Captured the Sharpest View of a Distant Star Ever Seen,"A UCLA-led team has achieved the sharpest-ever view of a distant star’s disk using a groundbreaking photonic lantern device on a single telescope—no multi-telescope array required. This technology splits incoming starlight into multiple channels, revealing previously hidden details of space objects.",Physical/Tech,https://www.sciencedaily.com/releases/2025/10/251025084540.htm
How Algae Learned to Harness the Sun Without Getting Burned,"Under the sea, green algae have evolved a clever way to handle too much sunlight. Scientists found that a special pigment called siphonein acts like a natural sun shield, protecting the algae’s delicate photosynthetic machinery from burning out. Using advanced imaging and simulations, researchers showed how siphonein helps algae safely manage excess light energy. The discovery could inspire new solar technologies that mimic nature’s built-in protection systems.",Physical/Tech,https://www.sciencedaily.com/releases/2025/10/251022023110.htm
New Quantum Network Could Finally Reveal Dark Matter,"Tohoku University researchers have found a way to make quantum sensors more sensitive by connecting superconducting qubits in optimized network patterns. These networks amplify faint signals possibly left by dark matter. The approach outperformed traditional methods even under realistic noise. Beyond physics, it could revolutionize radar, MRI, and navigation technologies.",Physical/Tech,https://www.sciencedaily.com/releases/2025/10/251029002923.htm
Quantum Crystals Could Spark the Next Tech Revolution,"Auburn scientists have designed new materials that manipulate free electrons to unlock groundbreaking applications. These “Surface Immobilized Electrides” could power future quantum computers or transform chemical manufacturing. Stable, tunable, and scalable, they represent a leap beyond traditional electrides. The work bridges theory and potential real-world use.",Physical/Tech,https://www.sciencedaily.com/releases/2025/10/251015230945.htm
Ordinary WiFi Can Now Identify You With Near-Perfect Accuracy,"Ordinary WiFi networks could quietly become powerful surveillance tools, allowing people to be identified without cameras, special sensors, or even carrying a connected device. Researchers showed that unencrypted signals routinely exchanged between WiFi devices and routers can be used to create radio-based images of people and recognize them within seconds. In tests involving 197 participants, the system identified individuals with nearly 100% accuracy, even from different angles and regardless of how they walked.",Physical/Tech,https://www.sciencedaily.com/releases/2026/08/260811052857.htm
Ordinary WiFi Can Now Identify People With Near Perfect Accuracy,"Scientists in Germany have demonstrated a startling new form of surveillance: identifying people using nothing more than ordinary WiFi signals. By analyzing how radio waves bounce around a room, researchers can effectively “see” and recognize individuals — even if they are not carrying a device and even if their phone is turned off.",Physical/Tech,https://www.sciencedaily.com/releases/2026/05/260522023127.htm
This Artificial Leaf Turns Pollution Into Power,"Cambridge researchers have engineered a solar-powered “artificial leaf” that mimics photosynthesis to make valuable chemicals sustainably. Their biohybrid device combines organic semiconductors and enzymes to convert CO₂ and sunlight into formate with high efficiency. It’s durable, non-toxic, and runs without fossil fuels—paving the way for a greener chemical industry.",Physical/Tech,https://www.sciencedaily.com/releases/2025/11/251102011148.htm
Scientists Accidentally Create a Tiny “rainbow Chip” That Could Supercharge the Internet,"Researchers at Columbia have created a chip that turns a single laser into a “frequency comb,” producing dozens of powerful light channels at once. Using a special locking mechanism to clean messy laser light, the team achieved lab-grade precision on a small silicon device. This could drastically improve data center efficiency and fuel innovations in sensing, quantum tech, and LiDAR.",Physical/Tech,https://www.sciencedaily.com/releases/2025/10/251007081823.htm
USC Engineers Just Made Light Smarter With “optical Thermodynamics”,"USC engineers have developed an optical system that routes light autonomously using thermodynamic principles. Rather than relying on switches, light organizes itself much like particles in a gas reaching equilibrium. The discovery could simplify and speed up optical communications and computing. It reimagines chaotic optical behavior as a tool for design rather than a limitation.",Physical/Tech,https://www.sciencedaily.com/releases/2025/10/251010091551.htm
Century-Old Catalysis Puzzle Cracked by Measuring a Fraction of an Electron,"Scientists have directly measured the minuscule electron sharing that makes precious-metal catalysts so effective. Their new technique, IET, reveals how molecules bind and react on metal surfaces with unprecedented clarity. The insights promise faster discovery of advanced catalysts for energy, chemicals, and manufacturing.",Physical/Tech,https://www.sciencedaily.com/releases/2025/11/251120002617.htm
Scientists Unlock a 100-Year-Old Quantum Secret to Supercharge Solar Power,"Scientists at the University of Cambridge have uncovered a surprising quantum effect inside an organic material, something once thought impossible outside metals. The team found that a special molecule can turn light into electricity with incredible efficiency, using a hidden quantum behavior unseen in such materials before. This breakthrough could lead to simpler, lighter, and cheaper solar panels.",Physical/Tech,https://www.sciencedaily.com/releases/2025/10/251014014433.htm
Princeton’s AI Reveals What Fusion Sensors Can’t See,"A powerful new AI tool called Diag2Diag is revolutionizing fusion research by filling in missing plasma data with synthetic yet highly detailed information. Developed by Princeton scientists and international collaborators, this system uses sensor input to predict readings other diagnostics can’t capture, especially in the crucial plasma edge region where stability determines performance. By reducing reliance on bulky hardware, it promises to make future fusion reactors more compact, affordable, and reliable.",Physical/Tech,https://www.sciencedaily.com/releases/2025/10/251001092204.htm
Scientists Achieve Forensics’ “Holy Grail” by Recovering Fingerprints from Fired Bullets,"Researchers at Maynooth University have achieved a forensic milestone by revealing fingerprints on fired bullet casings using a safe electrochemical process. The method uses mild voltage and non-toxic materials to make hidden ridges visible within seconds. Effective even on aged casings, it could help investigators connect evidence directly to a suspect rather than just a weapon.",Physical/Tech,https://www.sciencedaily.com/releases/2025/11/251102011206.htm
The Universe’s First Radio Waves Could Reveal Dark Matter,"Researchers propose that hydrogen gas from the early Universe emitted detectable radio waves influenced by dark matter. Studying these signals, especially from the Moon’s radio-quiet environment, could reveal how dark matter clumped together before the first stars formed. This approach opens a new window into the mysterious cosmic era just 100 million years after the Big Bang.",Physical/Tech,https://www.sciencedaily.com/releases/2025/10/251024041755.htm
The Accidental Discovery That Forged the Iron Age,"Ancient copper smelters may have accidentally set the stage for the Iron Age. At a 3,000-year-old workshop in Georgia, researchers discovered that metalworkers were using iron oxide not to smelt iron but to improve copper yields. This experimentation shows how curiosity with materials could have sparked one of history’s greatest technological leaps, turning iron from a rare celestial metal into the backbone of empires and industry.",Physical/Tech,https://www.sciencedaily.com/releases/2025/09/250927031245.htm
Scientists Finally Found the “dark Matter” of Electronics,"Scientists at OIST have, for the first time, directly tracked the elusive “dark excitons” inside atomically thin materials. These quantum particles could revolutionize information technology, as they are more stable and resistant to environmental interference than current qubits.",Physical/Tech,https://www.sciencedaily.com/releases/2025/10/251003033928.htm
Heisenberg Said It Was Impossible. Scientists Just Proved Otherwise,"Researchers have reimagined Heisenberg’s uncertainty principle, engineering a trade-off that allows precise measurement of both position and momentum. Using quantum computing tools like grid states and trapped ions, they demonstrated sensing precision beyond classical limits. Such advances could revolutionize navigation, medicine, and physics, while underscoring the global collaboration driving quantum research.",Physical/Tech,https://www.sciencedaily.com/releases/2025/09/250928095633.htm
Scientists Brew “quantum Ink” to Power Next-Gen Night Vision,"Toxic metals are pushing infrared detector makers into a corner, but NYU Tandon researchers have developed a cleaner solution using colloidal quantum dots. These detectors are made like “inks,” allowing scalable, low-cost production while showing impressive infrared sensitivity. Combined with transparent electrodes, the innovation tackles major barriers in imaging systems and could bring infrared technology to cars, medicine, and consumer devices.",Physical/Tech,https://www.sciencedaily.com/releases/2025/09/250925025356.htm
Scientists Unlock the Quantum Magic Hidden in Diamonds,"Researchers have found a way to extract almost every photon from diamond color centers, a key obstacle in quantum technology. Using hybrid nanoantennas, they precisely guided light from nanodiamonds into a single direction, achieving 80% efficiency at room temperature. The innovation could make practical quantum sensors and secure communication devices much closer to reality.",Physical/Tech,https://www.sciencedaily.com/releases/2025/10/251007081833.htm
Scientists Just Made Atoms Talk to Each Other Inside Silicon Chips,"Researchers at UNSW have found a way to make atomic nuclei communicate through electrons, allowing them to achieve entanglement at scales used in today’s computer chips. This breakthrough brings scalable, silicon-based quantum computing much closer to reality.",Physical/Tech,https://www.sciencedaily.com/releases/2025/09/250920214318.htm
The Moon Could Finally Reveal Dark Matter,"Faint hydrogen signals from the cosmic Dark Ages may soon help determine the mass of dark matter particles. Simulations suggest future Moon-based observatories could distinguish between warm and cold dark matter, providing long-sought answers about the invisible backbone of the Universe.",Physical/Tech,https://www.sciencedaily.com/releases/2025/09/250917220957.htm
Quantum Breakthrough Could Revolutionize Teleportation and Computing,"Scientists in Japan have developed a new way to instantly detect elusive quantum “W states,” a major milestone for quantum technology. The breakthrough could help unlock faster quantum communication, teleportation, and powerful new computing systems.",Physical/Tech,https://www.sciencedaily.com/releases/2026/05/260513034640.htm
New Quantum Breakthrough Could Transform Teleportation and Computing,"Scientists have finally unlocked a way to identify the elusive W state of quantum entanglement, solving a decades-old problem and opening paths to quantum teleportation and advanced quantum technologies.",Physical/Tech,https://www.sciencedaily.com/releases/2025/09/250912195122.htm
The Phantom Heat of Empty Space Might Soon Be Detectable,"A Hiroshima University team has designed a feasible way to detect the Unruh effect, where acceleration turns quantum vacuum fluctuations into observable particles. By using superconducting Josephson junctions, they can achieve extreme accelerations that create a detectable Unruh temperature. This produces measurable voltage jumps, providing a clear signal of the effect. The breakthrough could transform both fundamental physics and quantum technology.",Physical/Tech,https://www.sciencedaily.com/releases/2025/09/250924012234.htm
This Tiny Power Module Could Change How the World Uses Energy,"As global energy demand surges—driven by AI-hungry data centers, advanced manufacturing, and electrified transportation—researchers at the National Renewable Energy Laboratory have unveiled a breakthrough that could help squeeze far more power from existing electricity supplies. Their new silicon-carbide-based power module, called ULIS, packs dramatically more power into a smaller, lighter, and cheaper design while wasting far less energy in the process.",Physical/Tech,https://www.sciencedaily.com/releases/2026/01/260118233604.htm
Scientists Just Built a Detector That Could Finally Catch Dark Matter,"Physicists have unveiled a new superconducting detector sensitive enough to hunt dark matter particles smaller than electrons. By capturing faint photon signals, the device pushes the search into uncharted territory.",Physical/Tech,https://www.sciencedaily.com/releases/2025/09/250910000302.htm
New Crystal Camera Lets Doctors See Inside the Body Like Never Before,"Scientists have created a perovskite-based gamma-ray detector that surpasses traditional nuclear medicine imaging technology. The device delivers sharper, faster, and safer scans at a fraction of the cost. By combining crystal engineering with pixelated sensor design, it achieves record imaging resolution. Now being commercialized, it promises to expand access to high-quality diagnostics worldwide.",Physical/Tech,https://www.sciencedaily.com/releases/2025/09/250921090850.htm
Scientists Just Made the First Time Crystal You Can See,"Physicists at the University of Colorado Boulder have created the first time crystal that humans can actually see, using liquid crystals that swirl into never-ending patterns when illuminated by light. This breakthrough builds on Nobel laureate Frank Wilczek’s 2012 theory of time crystals—structures that move forever in repeating cycles, like a perpetual motion machine or looping GIF. Under the microscope, these crystals form colorful, striped patterns that dance endlessly, opening possibilities for everything from anti-counterfeiting features in money to futuristic methods of storing digital information.",Physical/Tech,https://www.sciencedaily.com/releases/2025/09/250907024555.htm
Tiny Magnetic Spirals Unlock the Future of Spintronics,"Scientists in Korea have engineered magnetic nanohelices that can control electron spin with extraordinary precision at room temperature. By combining structural chirality and magnetism, these nanoscale helices can filter spins without complex circuitry or cooling. The breakthrough not only demonstrates a way to program handedness in inorganic nanomaterials but also opens the door to scalable, energy-efficient spintronic devices that could revolutionize computing.",Physical/Tech,https://www.sciencedaily.com/releases/2025/09/250913232933.htm
A Simple Discovery Is Shaking the Foundations of Spintronics,"A long-standing mystery in spintronics has just been shaken up. A strange electrical effect called unusual magnetoresistance shows up almost everywhere scientists look—even in systems where the leading explanation, spin Hall magnetoresistance, shouldn’t work at all. Now, new experiments reveal a far simpler origin: the way electrons scatter at material interfaces under the combined influence of magnetization and an electric field.",Physical/Tech,https://www.sciencedaily.com/releases/2026/02/260208233827.htm
Ordinary Ice Found to Have Shocking Electrical Powers,"Scientists have discovered that ordinary ice is a flexoelectric material, capable of generating electricity when bent or unevenly deformed. At very low temperatures, it can even become ferroelectric, developing reversible electric polarization. This could help explain lightning formation in storms and inspire new technologies that use ice as an active material.",Physical/Tech,https://www.sciencedaily.com/releases/2025/09/250921090846.htm
Physicists Just Found a Way to Make “something from Nothing”,"Researchers at UBC have found a way to mimic the elusive Schwinger effect using superfluid helium, where vortex pairs appear out of thin films instead of electron-positron pairs in a vacuum. Their work not only offers a cosmic laboratory for otherwise unreachable phenomena, but also changes the way scientists understand vortices, superfluids, and even quantum tunneling.",Physical/Tech,https://www.sciencedaily.com/releases/2025/09/250913232932.htm
New Rocket Fuel Compound Packs 150% More Energy,"A new boron-rich compound, manganese diboride, delivers much higher energy density than current solid-rocket materials while remaining stable until intentionally ignited. Its power comes from an unusual, strained atomic structure formed during ultra-hot synthesis, with promising uses beyond propulsion.",Physical/Tech,https://www.sciencedaily.com/releases/2025/09/250929055022.htm
Tiny Hologram Inside a Fiber Lets Scientists Control Light With Incredible Precision,"Researchers in Germany have unveiled the Metafiber, a breakthrough device that allows ultra-precise, rapid, and compact control of light focus directly within an optical fiber. Unlike traditional systems that rely on bulky moving parts, the Metafiber uses a tiny 3D nanoprinted hologram on a dual-core fiber to steer light by adjusting power between its cores. This enables seamless, continuous focus shifts over microns with excellent beam quality.",Physical/Tech,https://www.sciencedaily.com/releases/2025/08/250827010719.htm
"Scientists Turn Spin Loss Into Energy, Unlocking Ultra-Low-Power AI Chips","Scientists have discovered that electron spin loss, long considered waste, can instead drive magnetization switching in spintronic devices, boosting efficiency by up to three times. The scalable, semiconductor-friendly method could accelerate the development of ultra-low-power AI chips and memory technologies.",Physical/Tech,https://www.sciencedaily.com/releases/2025/08/250825015633.htm
A Tiny Chip May Have Solved One of Clean Energy’s Biggest Problems,"In just one afternoon, scientists used a nanoparticle “megalibrary” to find a catalyst that matches or exceeds iridium’s performance in hydrogen fuel production, at a fraction of the cost.",Physical/Tech,https://www.sciencedaily.com/releases/2025/08/250828060040.htm
Caltech Breakthrough Makes Quantum Memory Last 30 Times Longer,"While superconducting qubits are great at fast calculations, they struggle to store information for long periods. A team at Caltech has now developed a clever solution: converting quantum information into sound waves. By using a tiny device that acts like a miniature tuning fork, the researchers were able to extend quantum memory lifetimes up to 30 times longer than before. This breakthrough could pave the way toward practical, scalable quantum computers that can both compute and remember.",Physical/Tech,https://www.sciencedaily.com/releases/2025/08/250827234137.htm
Room-Temperature Quantum Breakthrough Freezes Motion Without Cooling,"ETH Zurich scientists have levitated a tower of three nano glass spheres using optical tweezers, suppressing almost all classical motion to observe quantum zero-point fluctuations with unprecedented precision. Achieving 92% quantum purity at room temperature, a feat usually requiring near absolute zero, they have opened the door to advanced quantum sensors without costly cooling.",Physical/Tech,https://www.sciencedaily.com/releases/2025/08/250810093246.htm
Einstein Was Wrong: MIT Just Settled a 100-Year Quantum Debate,"Physicists at MIT recreated the double-slit experiment using individual photons and atoms held in laser light, uncovering the true limits of light’s wave–particle duality. Their results proved Einstein’s proposal wrong and confirmed a core prediction of quantum mechanics.",Physical/Tech,https://www.sciencedaily.com/releases/2025/07/250729044705.htm
Atomic-Scale Secrets: What Really Happens Inside Your Battery,"Scientists have cracked open a mysterious layer inside batteries, using cutting-edge 3D atomic force microscopy to capture the dynamic molecular structures at their solid-liquid interfaces. These once-invisible electrical double layers (EDLs) twist, break, and reform in response to surface irregularities phenomena never seen before in real-world battery systems. The findings don t just refine our understanding of how batteries work at the microscopic level they could fundamentally change how we build and design next-generation energy storage.",Physical/Tech,https://www.sciencedaily.com/releases/2025/07/250729001223.htm
Digital Twins Are Reinventing Clean Energy — but There’s a Catch,"Researchers are exploring AI-powered digital twins as a game-changing tool to accelerate the clean energy transition. These digital models simulate and optimize real-world energy systems like wind, solar, geothermal, hydro, and biomass. But while they hold immense promise for improving efficiency and sustainability, the technology is still riddled with challenges—from environmental variability and degraded equipment modeling to data scarcity and complex biological processes.",Physical/Tech,https://www.sciencedaily.com/releases/2025/07/250729001217.htm
Building Electronics That Don’t Die: Columbia's Breakthrough at CERN,"Deep beneath the Swiss-French border, the Large Hadron Collider unleashes staggering amounts of energy and radiation—enough to fry most electronics. Enter a team of Columbia engineers, who built ultra-rugged, radiation-resistant chips that now play a pivotal role in capturing data from subatomic particle collisions. These custom-designed ADCs not only survive the hostile environment inside CERN but also help filter and digitize the most critical collision events, enabling physicists to study elusive phenomena like the Higgs boson.",Physical/Tech,https://www.sciencedaily.com/releases/2025/07/250729001219.htm
You’ve Never Seen Atoms Like This Before: A Hidden Motion Revealed,"A pioneering team at the University of Maryland has captured the first-ever images of atomic thermal vibrations, unlocking an unseen world of motion within two-dimensional materials. Their innovative electron ptychography technique revealed elusive “moiré phasons,” a long-theorized phenomenon that governs heat, electronic behavior, and structural order at the atomic level. This discovery not only confirms decades-old theories but also provides a new lens for building the future of quantum computing, ultra-efficient electronics, and advanced nanosensors.",Physical/Tech,https://www.sciencedaily.com/releases/2025/07/250724232414.htm
"Tiny Chip Could Unlock Gamma Ray Lasers, Cure Cancer, and Explore the Multiverse","A groundbreaking quantum device small enough to fit in your hand could one day answer one of the biggest questions in science — whether the multiverse is real. This tiny chip can generate extreme electromagnetic fields once only possible in massive, miles-long particle colliders. Beyond probing the fabric of reality, it could lead to powerful gamma ray lasers capable of destroying cancer cells at the atomic level, offering a glimpse into a future where the deepest mysteries of the universe and life-saving medical breakthroughs are unlocked by technology no bigger than your thumb.",Physical/Tech,https://www.sciencedaily.com/releases/2025/08/250812234617.htm
Scientists Twist DNA Into Self-Building Nanostructures That Could Transform Technology,"Scientists have used DNA&apos;s self-assembling properties to engineer intricate moiré superlattices at the nanometer scale—structures that twist and layer like never before. With clever molecular “blueprints,” they’ve created customizable lattices featuring patterns such as honeycombs and squares, all with remarkable precision. These new architectures are more than just scientific art—they open doors to revolutionizing how we control light, sound, electrons, and even spin in next-gen materials.",Physical/Tech,https://www.sciencedaily.com/releases/2025/07/250720034013.htm
Quantum Tunneling Mystery Solved After 100 Years—and It Involves a Surprise Collision,"For the first time ever, scientists have watched electrons perform a bizarre quantum feat: tunneling through atomic barriers by not just slipping through, but doubling back and slamming into the nucleus mid-tunnel. This surprising finding, led by POSTECH and Max Planck physicists, redefines our understanding of quantum tunneling—a process that powers everything from the sun to your smartphone.",Physical/Tech,https://www.sciencedaily.com/releases/2025/07/250727235835.htm
First-of-Its-Kind Crystal Laser Could Power Safer Sensors and Smarter Tech,"Researchers at the University of Illinois have pulled off a laser first: they built a new kind of eye-safe laser that works at room temperature, using a buried layer of glass-like material instead of the usual air holes. This design not only boosts laser performance but also opens the door to safer and more precise uses in defense, autonomous vehicles, and advanced sensors. It’s a breakthrough in how we build and power lasers—and it might change what lasers can do in the real world.",Physical/Tech,https://www.sciencedaily.com/releases/2025/07/250711224310.htm
This Magnetic Breakthrough Could Make AI 10x More Efficient,"A groundbreaking step in AI hardware efficiency comes from Germany, where scientists have engineered a vast spin waveguide network that processes information with far less energy. These spin waves quantum ripples in magnetic materials offer a promising alternative to power-hungry electronics.",Physical/Tech,https://www.sciencedaily.com/releases/2025/07/250710113143.htm
Forget 3D printing—DNA and Water Now Build Tiny Machines That Assemble Themselves,"Imagine if you could &quot;print&quot; a tiny skyscraper using DNA instead of steel. That’s what researchers at Columbia and Brookhaven are doing—constructing intricate 3D nanostructures by harnessing the predictable folding of DNA strands. Their new design method uses voxel-like building blocks and an algorithm called MOSES to fabricate nanoscale devices in parallel, with applications ranging from optical computing to bio-scaffolds. Unlike traditional lithography or 3D printing, this self-assembly process occurs entirely in water and could revolutionize the future of nanomanufacturing.",Physical/Tech,https://www.sciencedaily.com/releases/2025/07/250709091703.htm
"A Shocking New Way to Make Ammonia, No Fossil Fuels Needed","Australian scientists have discovered a method to produce ammonia—an essential component in fertilizers—using only air and electricity. By mimicking lightning and channeling that energy through a small device, they’ve bypassed the traditional, fossil fuel-heavy method that’s been used for over a century. This breakthrough could lead to cleaner, cheaper fertilizer and even help power the future, offering a potential alternative fuel source for industries like shipping.",Physical/Tech,https://www.sciencedaily.com/releases/2025/07/250704032934.htm
"This Breakthrough Turns Old Tech Into Pure Gold — No Mercury, No Cyanide, Just Light and Salt","At Flinders University, scientists have cracked a cleaner and greener way to extract gold—not just from ore, but also from our mounting piles of e-waste. By using a compound normally found in pool disinfectants and a novel polymer that can be reused, the method avoids toxic chemicals like mercury and cyanide. It even works on trace gold in scientific waste. Tested on everything from circuit boards to mixed-metal ores, the approach offers a promising solution to both the global gold rush and the growing e-waste crisis. The technique could be a game-changer for artisanal miners and recyclers, helping recover valuable metals while protecting people and the planet.",Physical/Tech,https://www.sciencedaily.com/releases/2025/06/250626081540.htm
Self-Lighting Chip Uses Quantum Tunneling to Spot a Trillionth of a Gram,"Imagine detecting a single trillionth of a gram of a molecule—like an amino acid—using just electricity and a chip smaller than your fingernail. That’s the power of a new quantum-enabled biosensor developed at EPFL. Ditching bulky lasers, it taps into the strange world of quantum tunneling, where electrons sneak through barriers and release light in the process. This self-illuminating sensor uses a gold nanostructure to both generate and sense light, making it incredibly compact, ultra-sensitive, and perfect for rapid diagnostics or environmental testing. With its cutting-edge design, it might just revolutionize how and where we detect disease, pollutants, and more.",Physical/Tech,https://www.sciencedaily.com/releases/2025/06/250626081537.htm
"One Shot, Game Changed: How RAVEN Captured a Petawatt Laser and Supercharged Fusion Research","Scientists have developed a groundbreaking technique called RAVEN that can capture the full complexity of an ultra-intense laser pulse in a single shot—something previously thought nearly impossible. These pulses, capable of accelerating particles to near light speed, were once too fast and chaotic to measure precisely in real time. With RAVEN, researchers can now instantly “photograph” the pulse’s shape, timing, and polarization, revealing subtle distortions that could make or break high-energy experiments. This innovation has huge implications—from perfecting particle acceleration to inching closer to controlled fusion energy and probing new physics.",Physical/Tech,https://www.sciencedaily.com/releases/2025/06/250626081535.htm
Scientists Just Recreated a 1938 Experiment That Could Rewrite Fusion History,"A groundbreaking collaboration between Los Alamos scientists and Duke University has resurrected a nearly forgotten 1938 experiment that may have quietly sparked the age of fusion energy. Arthur Ruhlig, a little-known physicist, first observed signs of deuterium-tritium (DT) fusion nearly a decade before its significance became clear in nuclear science. The modern team not only confirmed the essence of Ruhlig s original findings but also traced how his work may have inspired key Manhattan Project insights.",Physical/Tech,https://www.sciencedaily.com/releases/2025/07/250709085502.htm
Graphene Just Unlocked “impossible” Quantum Currents Without Magnets,"Researchers have achieved a major breakthrough by generating quantum spin currents in graphene—without relying on bulky magnetic fields. By pairing graphene with a magnetic material, they unlocked a powerful quantum effect that allows electrons to carry information through their spins alone. This discovery could spark a new era of faster, more energy-efficient spin-based technologies.",Physical/Tech,https://www.sciencedaily.com/releases/2025/06/250626081539.htm
Saving Energy: New Method Guides Magnetism Without Magnets,"In a leap toward greener tech, researchers at the Paul Scherrer Institute have discovered a way to control magnetic textures using electric fields no bulky magnets needed. Their star material? A strange crystal called copper oxyselenide, where magnetic patterns like helices and cones swirl at low temperatures. By zapping it with different electric fields, they could bend, twist, and even flip these patterns a first in the world of magnetoelectrics. This opens the door to ultra-efficient data storage, sensors, and computing, all while saving tons of energy.",Physical/Tech,https://www.sciencedaily.com/releases/2025/06/250617014159.htm
This Quantum Sensor Tracks 3D Movement Without GPS,"Physicists at the University of Colorado Boulder have created a groundbreaking quantum device that can measure 3D acceleration using ultracold atoms, something once thought nearly impossible. By chilling rubidium atoms to near absolute zero and splitting them into quantum superpositions, the team has built a compact atom interferometer guided by AI to decode acceleration patterns. While the sensor still lags behind traditional GPS and accelerometers, it&apos;s poised to revolutionize navigation for vehicles like submarines or spacecraft potentially offering a timeless, atomic-based alternative to aging electronics.",Physical/Tech,https://www.sciencedaily.com/releases/2025/06/250614034235.htm
This Battery Self-Destructs: Biodegradable Power Inspired by 'Mission: Impossible',"Scientists at Binghamton University are bringing a sci-fi fantasy to life by developing tiny batteries that vanish after use inspired by Mission: Impossible. Led by Professor Seokheun Choi, the team is tackling one of the trickiest parts of biodegradable electronics: the power source. Instead of using toxic materials, they re exploring probiotics friendly bacteria often found in yogurt to generate electricity. With engineered paper-based batteries that dissolve in acidic environments, this breakthrough could revolutionize safe, disposable tech for medical and environmental use.",Physical/Tech,https://www.sciencedaily.com/releases/2025/06/250607231828.htm
"Researchers Develop Recyclable, Healable Electronics",Electronics often get thrown away after use because recycling them requires extensive work for little payoff. Researchers have now found a way to change the game.,Physical/Tech,https://www.sciencedaily.com/releases/2025/06/250602190434.htm
Ultra-Thin Lenses That Make Infrared Light Visible,"Physicists have developed a lens with &apos;magic&apos; properties. Ultra-thin, it can transform infrared light into visible light by halving the wavelength of incident light.",Physical/Tech,https://www.sciencedaily.com/releases/2025/06/250602155511.htm
Self-Powered Artificial Synapse Mimics Human Color Vision,"Despite advances in machine vision, processing visual data requires substantial computing resources and energy, limiting deployment in edge devices. Now, researchers from Japan have developed a self-powered artificial synapse that distinguishes colors with high resolution across the visible spectrum, approaching human eye capabilities. The device, which integrates dye-sensitized solar cells, generates its electricity and can perform complex logic operations without additional circuitry, paving the way for capable computer vision systems integrated in everyday devices.",Physical/Tech,https://www.sciencedaily.com/releases/2025/06/250602155323.htm
Discovery Could Boost Solid-State Battery Performance,"Researchers have discovered that the mixing of small particles between two solid electrolytes can generate an effect called a &apos;space charge layer,&apos; an accumulation of electric charge at the interface between the two materials. The finding could aid the development of batteries with solid electrolytes, called solid-state batteries, for applications including mobile devices and electric vehicles.",Physical/Tech,https://www.sciencedaily.com/releases/2025/06/250602154903.htm
Engineers Develop Self-Healing Muscle for Robots,"Students recently unveiled their invention of a robotic actuator -- the &apos;muscle&apos; that converts energy into a robot&apos;s physical movement -- that has the ability to detect punctures or pressure, heal the injury and repair its damage-detecting &apos;skin.&apos;",Physical/Tech,https://www.sciencedaily.com/releases/2025/05/250530151849.htm
Electronic Tattoo Gauges Mental Strain,"Researchers gave participants face tattoos that can track when their brain is working too hard. The study introduces a non-permanent wireless forehead e-tattoo that decodes brainwaves to measure mental strain without bulky headgear. This technology may help track the mental workload of workers like air traffic controllers and truck drivers, whose lapses in focus can have serious consequences.",Physical/Tech,https://www.sciencedaily.com/releases/2025/05/250529124352.htm
A Cheap and Easy Potential Solution for Lowering Carbon Emissions in Maritime Shipping,"Reducing travel speeds and using an intelligent queuing system at busy ports can reduce greenhouse gas (GHG) emissions from oceangoing container vessels by 16-24%, according to researchers. Not only would those relatively simple interventions reduce emissions from a major, direct source of greenhouse gases, the technology to implement these measures already exists.",Physical/Tech,https://www.sciencedaily.com/releases/2025/05/250529124114.htm
Does Outdoor Air Pollution Affect Indoor Air Quality? It Could Depend on Buildings' HVAC,"Researchers determined how much outdoor particulate pollution affects indoor air quality. Their study concluded pollution from inversion and dust events is kept out of buildings, but wildfire smoke can sneak inside if efficient &apos;air-side economizers&apos; are in use.",Physical/Tech,https://www.sciencedaily.com/releases/2025/05/250529145727.htm
Groundwork Laid for Designer Hybrid 2D Materials,Materials scientists have succeeded in creating a genuine 2D hybrid material called glaphene.,Physical/Tech,https://www.sciencedaily.com/releases/2025/05/250528174911.htm
New Chiral Photonic Device Combines Light Manipulation With Memory,"Engineers have developed a multifunctional, reconfigurable component for an optical computing system that could be a game changer in electronics.",Physical/Tech,https://www.sciencedaily.com/releases/2025/05/250528131552.htm
Cryogenic Hydrogen Storage and Delivery System for Next-Generation Aircraft,"Researchers have designed a liquid hydrogen storage and delivery system that could help make zero-emission aviation a reality. Their work outlines a scalable, integrated system that addresses several engineering challenges at once by enabling hydrogen to be used as a clean fuel and also as a built-in cooling medium for critical power systems aboard electric-powered aircraft.",Physical/Tech,https://www.sciencedaily.com/releases/2025/05/250527180926.htm
The Magic of Light: Dozens of Images Hidden in a Single Screen,New technology that uses light&apos;s color and spin to display multiple images.,Physical/Tech,https://www.sciencedaily.com/releases/2025/05/250527124546.htm
New Fuel Cell Could Enable Electric Aviation,"Engineers developed a fuel cell that offers more than three times as much energy per pound compared to lithium-ion batteries. Powered by a reaction between sodium metal and air, the device could be lightweight enough to enable the electrification of airplanes, trucks, or ships.",Physical/Tech,https://www.sciencedaily.com/releases/2025/05/250527124115.htm
Nature-Inspired Breakthrough Enables Subatomic Ferroelectric Memory,A research team has discovered ferroelectric phenomena occurring at a subatomic scale in the natural mineral Brownmillerite.,Physical/Tech,https://www.sciencedaily.com/releases/2025/05/250527124640.htm
A Dental Floss That Can Measure Stress,"Scientists create a floss pick that samples cortisol within saliva as a marker of stress and quantifies it with a built-in electrode. The system uses a polymer casting technology that can be adapted to capture a wide a range of markers, such as estrogen for tracking fertility, or glucose for tracking diabetes. Ease of use allows monitoring to be incorporated into many areas of treatment.",Physical/Tech,https://www.sciencedaily.com/releases/2025/05/250523141927.htm
Quantum Eyes on Energy Loss: Diamond Quantum Imaging for Next-Gen Power Electronics,"Diamond quantum sensors can be used to analyze the magnetization response of soft magnetic materials used in power electronics; report scientists based on collaborative research. Using a novel imaging technique, they developed quantum protocols to simultaneously image both the amplitude and phase of AC stray fields over a wide frequency range up to 2.3 MHz. Their results demonstrate that quantum sensing is a powerful tool for developing advanced magnetic materials across diverse applications.",Physical/Tech,https://www.sciencedaily.com/releases/2025/05/250523120453.htm
Efficiency Upgrade for OLED Screens: A Route to Blue PHOLED Longevity,"Blue phosphorescent OLEDs can now last as long as the green phosphorescent OLEDs already in devices, researchers have demonstrated, paving the way for further improving the energy efficiency of OLED screens.",Physical/Tech,https://www.sciencedaily.com/releases/2025/05/250523120355.htm
New Biosensor Solves Old Quantum Riddle,"Researchers united insights from cellular biology, quantum computing, old-fashioned semiconductors and high-definition TVs to both create a revolutionary new quantum biosensor. In doing so, they shed light on a longstanding mystery in quantum materials.",Physical/Tech,https://www.sciencedaily.com/releases/2025/05/250523120738.htm
Researchers Make Breakthrough in Semiconductor Technology Set to Supercharge 6G Delivery,"Self-driving cars which eliminate traffic jams, getting a healthcare diagnosis instantly without leaving your home, or feeling the touch of loved ones based across the continent may sound like the stuff of science fiction. But new research could make all this and more a step closer to reality thanks to a radical breakthrough in semiconductor technology.",Physical/Tech,https://www.sciencedaily.com/releases/2025/05/250522183216.htm
"A Rule-Breaking, Colorful Silicone That Could Conduct Electricity","A newly discovered silicone variant is a semiconductor, researchers have discovered -- upending assumptions that the material class is exclusively insulating.",Physical/Tech,https://www.sciencedaily.com/releases/2025/05/250522183211.htm
New Cooling Breakthrough Nearly Doubles Efficiency,"CHESS thin-film materials nearly double refrigeration efficiency compared to traditional methods. Scalable and versatile, they promise applications from household cooling to space exploration.",Physical/Tech,https://www.sciencedaily.com/releases/2025/09/250919085242.htm
Engineers Discover a New Class of Materials That Passively Harvest Water from Air,"A serendipitous observation has led to a surprising discovery: a new class of nanostructured materials that can pull water from the air, collect it in pores and release it onto surfaces without the need for any external energy. The research describes a material that could open the door to new ways to collect water from the air in arid regions and devices that cool electronics or buildings using the power of evaporation.",Physical/Tech,https://www.sciencedaily.com/releases/2025/05/250521161126.htm
High-Quality OLED Displays Now Enabling Integrated Thin and Multichannel Audio,"A team at POSTECH has unveiled a world-first in display technology: Pixel-Based Local Sound OLEDs that allow every pixel on a screen to emit distinct sounds. By embedding ultra-thin piezoelectric exciters directly into the OLED display, they&apos;ve eliminated the need for external speakers and solved the long-standing problem of audio crosstalk. This means immersive, directional audio can now come straight from the screen.",Physical/Tech,https://www.sciencedaily.com/releases/2025/05/250521125055.htm
"Nano-Engineered Thermoelectrics Enable Scalable, Compressor-Free Cooling","Researchers have unveiled a breakthrough in solid-state cooling technology, doubling the efficiency of today&apos;s commercial systems. Driven by the Lab&apos;s patented nano-engineered thin-film thermoelectric materials and devices, this innovation paves the way for compact, reliable and scalable cooling solutions that could potentially replace traditional compressors across a range of industries.",Physical/Tech,https://www.sciencedaily.com/releases/2025/05/250521124807.htm
Major Step for Flat and Adjustable Optics,"By carefully placing nanostructures on a flat surface, researchers have significantly improved the performance of so-called optical metasurfaces in conductive plastics. This is a major step for controllable flat optics, with future applications such as video holograms, invisibility materials, and sensors, as well as in biomedical imaging.",Physical/Tech,https://www.sciencedaily.com/releases/2025/05/250521124800.htm
Scientists Invent Breakthrough Device to Detect Airborne Signs of Disease,"If you&apos;ve ever sat waiting at the doctor&apos;s office to give a blood sample, you might have wished there was a way to find the same information without needles. But for all the medical breakthroughs of the 20th century, the best way to detect molecules has remained through liquids, such as blood. New research, however, could someday put a pause on pinpricks. A group of scientists announced they have created a small, portable device that can collect and detect airborne molecules -- a breakthrough that holds promise for many areas of medicine and public health.",Physical/Tech,https://www.sciencedaily.com/releases/2025/05/250521124758.htm
Achieving a Record-High Curie Temperature in Ferromagnetic Semiconductor,"Ferromagnetic semiconductors, which combine semiconductor and magnetic properties, are key to developing spin-based devices. Previously studied materials, such as (Ga,Mn)As, have Curie temperatures below room temperature, thereby limiting their practical use. Now, researchers have overcome these limitations by utilizing the step-flow growth method, achieving a record-high Curie temperature of 530 degrees K, facilitating the development of stable, room-temperature semiconductor spintronic devices.",Physical/Tech,https://www.sciencedaily.com/releases/2025/05/250521124747.htm
Mind the Band Gap! -- Researchers Create New Nanoscale Forms of Elementary Semiconductor With Tunable Electronic Properties,"Researchers have demonstrated that by using a semiconductor with flexible bonds, the material can be moulded into various structures using nano containers, without altering its composition, the discovery could lead to the design of a variety of customised electronic devices using only a single element.",Physical/Tech,https://www.sciencedaily.com/releases/2025/05/250521124123.htm
Forgotten Property of the Electron,"The orbital angular momentum of electrons has long been considered a minor physical phenomenon, suppressed in most crystals and largely overlooked. Scientists have now discovered that in certain materials it is not only preserved but can even be actively controlled. This is due to a property of the crystal structure called chirality, which also influences many other processes in nature. The discovery has the potential to lead to a new class of electronic components capable of transmitting information with exceptional robustness and energy efficiency.",Physical/Tech,https://www.sciencedaily.com/releases/2025/05/250520121705.htm
Nimble Dimples: Agile Underwater Vehicles Inspired by Golf Balls,"Underwater or aerial vehicles with dimples like golf balls could be more efficient and maneuverable, a new prototype has demonstrated.",Physical/Tech,https://www.sciencedaily.com/releases/2025/05/250519131445.htm
Remotely Controlled Robots at Your Fingertips: Enhancing Safety in Industrial Sites,A research team has developed a novel haptic device designed to enhance both safety and efficiency for workers in industrial settings.,Physical/Tech,https://www.sciencedaily.com/releases/2025/05/250519131817.htm
Chemists Develop Compact Catenane With Tuneable Mechanical Chirality,"A team of chemists has made significant strides in the field of mechanically interlocked molecules (MIMs). Their work showcases the development of a compact catenane with tuneable mechanical chirality, offering promising applications in areas such as material science, nanotechnology, and pharmaceuticals.",Physical/Tech,https://www.sciencedaily.com/releases/2025/05/250519131808.htm
Log in to Your Computer With a Secret Message Encoded in a Molecule,"Molecules like DNA are capable of storing large amounts of data without requiring an energy source, but accessing this molecular data is expensive and time consuming. Researchers have now developed an alternative method to encode information in synthetic molecules, which they used to encode and then decode an 11-character password to unlock a computer.",Physical/Tech,https://www.sciencedaily.com/releases/2025/05/250516133232.htm
Bismuth's Mask Uncovered: Implications for Quantum Computing and Spintronics Materials,"Whether bismuth is part of a class of materials highly suitable for quantum computing and spintronics was a long-standing issue. Research has now revealed that the true nature of bismuth was masked by its surface, and in doing so uncovered a new phenomenon relevant to all such materials.",Physical/Tech,https://www.sciencedaily.com/releases/2025/05/250515191145.htm
Resistance Is Futile: Superconducting Diodes Are the Future,"Researchers have discovered the mechanism for supercurrent rectification, in which current flows primarily in one direction in a superconductor. By using a specific iron-based superconductor, they were able to observe this phenomenon over a broad range of magnetic and temperature fields. This understanding paves the way for the design and construction of superconducting diodes and other ultra-low energy electronics.",Physical/Tech,https://www.sciencedaily.com/releases/2025/05/250515132501.htm
A Novel Hybrid Charge Transfer Crystal With Reversible Color-Changing Property,"Charge transfer, or the movement of electrons, can occur either within a molecule or between two molecules. Combining the two types of charge transfer is challenging. Now, scientists have developed a hybrid charge transfer crystal using a novel pyrazinacene molecule. This crystal is capable of reacting with naphthalene to produce a reversible color shift, from greenish-blue to red-violet. Such color-changing crystals can have various potential applications in materials science.",Physical/Tech,https://www.sciencedaily.com/releases/2025/05/250515132456.htm
Researchers Develop New Metallic Materials Using Data-Driven Frameworks and Explainable AI,"Found in knee replacements and bone plates, aircraft components, and catalytic converters, the exceptionally strong metals known as multiple principal element alloys (MPEA) are about to get even stronger through to artificial intelligence. Scientists have designed a new MPEA with superior mechanical properties using a data-driven framework that leverages the supercomputing power of explainable artificial intelligence (AI).",Physical/Tech,https://www.sciencedaily.com/releases/2025/05/250515132447.htm
Engineers Tackle Sunlight Intermittency in Solar Desalination,"A team of engineers has developed a system that could transform desalination practices, making the process more adaptable, resilient and cheaper. The new system is powered by sunlight and uses a creative approach to heat recovery for extended water production -- with and without sunshine.",Physical/Tech,https://www.sciencedaily.com/releases/2025/05/250514180732.htm
Got Data? Breastfeeding Device Measures Babies' Milk Intake in Real Time,"New device can give peace of mind and reduce anxiety for breastfeeding moms. It uses bioimpedance, which is currently used to measure body fat, and streams clinical-grade data to a smartphone or tablet in real time. Developed by physicians and engineers, device was tested by new moms. Technology could particularly benefit fragile babies in the NICU, who have precise nutritional needs.",Physical/Tech,https://www.sciencedaily.com/releases/2025/05/250514111356.htm
"Eldercare Robot Helps People Sit and Stand, and Catches Them If They Fall","Engineers built E-BAR, a mobile robot designed to physically support the elderly and prevent them from falling as they move around their homes. E-BAR acts as a set of robotic handlebars that follows a person from behind, allowing them to walk independently or lean on the robot&apos;s arms for support.",Physical/Tech,https://www.sciencedaily.com/releases/2025/05/250513172033.htm
Robotic Hand Moves Objects With Human-Like Grasp,"A robotic hand can pick up 24 different objects with human-like movements that emerge spontaneously, thanks to compliant materials and structures rather than programming.",Physical/Tech,https://www.sciencedaily.com/releases/2025/05/250513112155.htm
"Scientists Innovate Mid-Infrared Photodetectors for Exoplanet Detection, Expanding Applications to Environmental and Medical Fields",Researchers have developed an innovative photodetector capable of detecting a broad range of mid-infrared spectra.,Physical/Tech,https://www.sciencedaily.com/releases/2025/05/250509122129.htm
"Amuse, a Songwriting AI-Collaborator to Help Create Music",Researchers have developed AI technology similar to a fellow songwriter who helps create music.,Physical/Tech,https://www.sciencedaily.com/releases/2025/05/250509122025.htm
Machine Learning Powers New Approach to Detecting Soil Contaminants,A team of researchers has developed a new strategy for identifying hazardous pollutants in soil -- even ones that have never been isolated or studied in a lab.,Physical/Tech,https://www.sciencedaily.com/releases/2025/05/250509121913.htm
Stability Solution Brings Unique Form of Carbon Closer to Practical Application,"Carbyne, a one-dimensional chain of carbon atoms, is incredibly strong for being so thin, making it an intriguing possibility for use in next-generation electronics, but its extreme instability made it nearly impossible to produce at all, let alone produce enough of it for advanced studies. Now, an international team of researchers may have a solution.",Physical/Tech,https://www.sciencedaily.com/releases/2025/05/250509121907.htm
A Small Bicycle Handlebar Sensor Can Help Map a Region's Riskiest Bike Routes,"Researchers have developed a system, called ProxiCycle, that logs when a passing car comes too close to a cyclist (four feet or less). A small, inexpensive sensor plugs into bicycle handlebars and tracks the passes, sending them to the rider&apos;s phone. The team tested the system for two months with 15 cyclists in Seattle and found a significant correlation between the locations of close passes and other indicators of poor safety, such as collisions.",Physical/Tech,https://www.sciencedaily.com/releases/2025/05/250509122301.htm
Turning Non-Magnetic Materials Magnetic With Atomically Thin Films,The rules about magnetic order may need to be rewritten. An international team of researchers found that it was possible to turn a non-magnetic material into a magnetic material by slicing it into thin films.,Physical/Tech,https://www.sciencedaily.com/releases/2025/05/250508112736.htm
New Microscope Reveals Heat Flow in Materials for Green Energy,Scientists have developed a new microscope that significantly improves the way heat flow in materials can be measured. This advancement could lead to better designs for electronic devices and energy systems.,Physical/Tech,https://www.sciencedaily.com/releases/2025/05/250508112604.htm
Eco-Friendly Aquatic Robot Is Made from Fish Food,"An edible robot leverages a combination of biodegradable fuel and surface tension to zip around the water&apos;s surface, creating a safe -- and nutritious -- alternative to environmental monitoring devices made from artificial polymers and electronics.",Physical/Tech,https://www.sciencedaily.com/releases/2025/05/250508112558.htm
New Chip Uses AI to Shrink Large Language Models' Energy Footprint by 50%,Researchers have developed a more efficient chip as an antidote to the vast amounts of electricity consumed by large-language-model artificial intelligence applications like Gemini and GPT-4.,Physical/Tech,https://www.sciencedaily.com/releases/2025/05/250508113141.htm
New Discovery Shows How Molecules Can Mute Heat Like Music,"Using a thermal sensor smaller than a grain of sand, engineers have measured the vibrations, or phonons, within individual molecules.",Physical/Tech,https://www.sciencedaily.com/releases/2025/05/250507152248.htm
"Groundbreaking Device Instantly Detects Dangerous Street Drugs, Offering Hope for Harm Reduction","Groundbreaking device instantly detects dangerous street drugs, offering hope for harm reduction A portable device that instantly detects illicit street drugs at very low concentrations, thereby highlighting the risks they pose. The device has the potential to address the growing global problem of people unknowingly taking drugs that have been mixed with undeclared substances, including synthetic opioids such as fentanyl and nitazenes.",Physical/Tech,https://www.sciencedaily.com/releases/2025/05/250507130615.htm
Smart Spongy Device Captures Water from Thin Air,"Engineers have invented a sponge-like device that captures water from thin air and then releases it in a cup using the sun&apos;s energy, even in low humidity where other technologies such as fog harvesting and radiative cooling have struggled. The water-from-air device remained effective across a broad range of humidity levels (30 -- 90%) and temperatures (5 -- 55 degrees Celsius).",Physical/Tech,https://www.sciencedaily.com/releases/2025/05/250507125955.htm
Smart Lactation Pads Can Monitor Safety of Breast Milk in Real Time,"Scientists have developed a lactation pad equipped with sensing technology that allows parents of newborns to monitor breast milk in real time. The device is capable of ensuring that breast milk contains safe levels of the painkiller acetaminophen, which is often prescribed after childbirth and can be transferred to breastfeeding infants.",Physical/Tech,https://www.sciencedaily.com/releases/2025/05/250507125854.htm
Vapor-Deposited Perovskite Semiconductors Power Next Generation Circuits,A research team has developed a groundbreaking technology poised to revolutionize next-generation displays and electronic devices.,Physical/Tech,https://www.sciencedaily.com/releases/2025/05/250506224414.htm
Robotic Touch Sensors Are Not Just Skin Deep,Researchers argue that the problem that has been lurking in the margins of many papers about touch sensors lies in the robotic skin itself.,Physical/Tech,https://www.sciencedaily.com/releases/2025/05/250505171017.htm
New Theory of Gravity Brings Long-Sought Theory of Everything a Crucial Step Closer,"Researchers have developed a new quantum theory of gravity which describes gravity in a way that&apos;s compatible with the Standard Model of particle physics, opening the door to an improved understanding of how the universe began.",Physical/Tech,https://www.sciencedaily.com/releases/2025/05/250505121800.htm
The Future of Brain Activity Monitoring May Look Like a Strand of Hair,"Researchers have created a hairlike device for long-term, non-invasive monitoring of the brain&apos;s electrical activity. The lightweight and flexible electrode attaches directly to the scalp and delivers stable, high-quality electroencephalography (EEG) recordings.",Physical/Tech,https://www.sciencedaily.com/releases/2025/05/250502133950.htm
Researchers Develop a Novel Vote-Based Model for More Accurate Hand-Held Object Pose Estimation,"Estimating the pose of hand-held objects is a critical and challenging problem in robotics and computer vision. While leveraging multi-modal RGB and depth data is a promising solution, existing approaches still face challenges due to hand-induced occlusions and multimodal data fusion. In a new study, researchers developed a novel deep learning framework that addresses these issues by introducing a novel vote-based fusion module and a hand-aware pose estimation module.",Physical/Tech,https://www.sciencedaily.com/releases/2025/05/250501122251.htm
Engineers Advance Toward a Fault-Tolerant Quantum Computer,"Researchers demonstrated extremely strong nonlinear light-matter coupling in a quantum circuit. Stronger coupling enables faster quantum readout and operations, ultimately improving the accuracy of quantum operations.",Physical/Tech,https://www.sciencedaily.com/releases/2025/04/250430142617.htm
Rare Earth Element Extraction Bolstered by New Research,A more efficient and environmentally friendly approach to extracting rare earth elements that power everything from electric vehicle batteries to smartphones could increase domestic supply and decrease reliance on costly imports.,Physical/Tech,https://www.sciencedaily.com/releases/2025/04/250430141837.htm
Smart Surfaces: A Powerless Solution to Multipath Signal Interference,"Multipath interference disrupts wireless signals, causing issues like TV ghosting and fading. Now, researchers have developed a passive metasurface that overcomes traditional filtering limits. Using a time-varying interlocking mechanism with field-effect transistors, it transmits the first signal while blocking delayed ones from other angles -- without power or processing. This innovation enables low-cost, reliable wireless communication, which is ideal for IoT applications and environments prone to interference.",Physical/Tech,https://www.sciencedaily.com/releases/2025/04/250428221919.htm
Dual Scalable Annealing Processors: Overcoming Capacity and Precision Limits,"Combinatorial optimization problems (COPs) arise in various fields such as shift scheduling, traffic routing, and drug development. However, they are challenging to solve using traditional computers in a practical timeframe. Alternatively, annealing processors (APs), which are specialized hardware for solving COPs, have gained significant attention. They are based on the Ising model, in which COP variables are presented as magnetic spins and constraints as interactions between spins. Solutions are obtained by finding the spin state that minimizes the energy of the system.",Physical/Tech,https://www.sciencedaily.com/releases/2025/04/250428221917.htm
"Breakthrough Extends Fuel Cell Lifespan Beyond 200,000 Hours, Paving the Way for Clean Long-Haul Trucking","Researchers have developed a new catalyst design capable of pushing the projected fuel cell catalyst lifespans to 200,000 hours. The research marks a significant step toward the widespread adoption of fuel cell technology in heavy-duty vehicles, such as long-haul tractor trailers. While platinum-alloy catalysts have historically delivered superior chemical reactions, the alloying elements leach out over time, diminishing catalytic performance. The degradation is further accelerated by the demanding voltage cycles required to power heavy-duty vehicles. To address this challenge, the team has engineered a durable catalyst architecture with a novel design that shields platinum from the degradation typically observed in alloy systems.",Physical/Tech,https://www.sciencedaily.com/releases/2025/04/250428220921.htm
Trouble Hearing in Noisy Places and Crowded Spaces? Researchers Say New Algorithm Could Help Hearing Aid Users,"BU researchers develop a brain-inspired algorithm that can help people with hearing loss pick out conversations in noisy, crowded spaces.",Physical/Tech,https://www.sciencedaily.com/releases/2025/04/250428220638.htm
Light-Based Data Made Clearer With New Machine Learning Method,"Researchers have developed a new machine learning algorithm that excels at interpreting optical spectra, potentially enabling faster and more precise medical diagnoses and sample analysis.",Physical/Tech,https://www.sciencedaily.com/releases/2025/04/250428220611.htm
"Structure Dictates Effectiveness, Safety in Nanomedicine","Historically, small molecule drugs have been precisely designed down to the atomic scale. Considering their relatively large complex structures, nanomedicines have lagged behind. Researchers argue this precise control should be applied to optimize new nanomedicines.",Physical/Tech,https://www.sciencedaily.com/releases/2025/04/250425113458.htm
Combining Signals Could Make for Better Control of Prosthetics,"Combining two different kinds of signals could help engineers build prosthetic limbs that better reproduce natural movements, according to a new study. A combination of electromyography and force myography is more accurate at predicting hand movements than either method by itself.",Physical/Tech,https://www.sciencedaily.com/releases/2025/04/250424121656.htm
Bacteria Killing Material Creates Superbug Busting Paint,"A bacteria killing coating created by scientists has been used in trials of a new paint that can be applied to a range of surfaces to effectively kill bacteria and viruses, including difficult to kill species such as MRSA, flu and COVID-19.",Physical/Tech,https://www.sciencedaily.com/releases/2025/04/250423112044.htm
Scientists Have Found a Way to 'Tattoo' Tardigrades,"If you haven&apos;t heard of a tardigrade before, prepare to be wowed. These clumsy, eight-legged creatures, nicknamed water bears, are about half a millimeter long and can survive practically anything: freezing temperatures, near starvation, high pressure, radiation exposure, outer space and more. Researchers took advantage of the tardigrade&apos;s nearly indestructible nature and gave the critters tiny &apos;tattoos&apos; to test a microfabrication technique to build microscopic, biocompatible devices.",Physical/Tech,https://www.sciencedaily.com/releases/2025/04/250423112030.htm
New Electronic 'Skin' Could Enable Lightweight Night-Vision Glasses,Engineers developed a technique to grow and peel ultrathin &apos;skins&apos; of electronic material that could be used in applications such as night-vision eyewear and autonomous driving in foggy conditions.,Physical/Tech,https://www.sciencedaily.com/releases/2025/04/250423111902.htm
Material? Robot? It's a Metabot,"The invention is a metamaterial, which is a material engineered to feature new and unusual properties that depend on the material&apos;s physical structure rather than its chemical composition. In this case, the researchers built their metamaterial using a combination of simple plastics and custom-made magnetic composites. Using a magnetic field, the researchers changed the metamaterial&apos;s structure, causing it to expand, move and deform in different directions, all remotely without touching the metamaterial.",Physical/Tech,https://www.sciencedaily.com/releases/2025/04/250423111857.htm
Crystal Clear Design for High-Performance Flexible Thermoelectric Semiconductor,Researchers have identified a new material which could be used as a flexible semiconductor in wearable devices by using a technique that focuses on the manipulation of spaces between atoms in crystals.,Physical/Tech,https://www.sciencedaily.com/releases/2025/04/250423112636.htm
"Robot See, Robot Do: System Learns After Watching How-to Videos",Researchers have developed a new robotic framework powered by artificial intelligence -- called RHyME (Retrieval for Hybrid Imitation under Mismatched Execution) -- that allows robots to learn tasks by watching a single how-to video.,Physical/Tech,https://www.sciencedaily.com/releases/2025/04/250422155938.htm
High-Tech Sticker Can Identify Real Human Emotions,"Saying one thing while feeling another is part of being human, but bottling up emotions can have serious psychological consequences like anxiety or panic attacks. To help health care providers tell the difference, a team has created a stretchable, rechargeable sticker that can detect real emotions -- by measuring things like skin temperature and heart rate -- even when users put on a brave face.",Physical/Tech,https://www.sciencedaily.com/releases/2025/04/250421162810.htm
Scientists Uncover Quantum Surprise: Matter Mediates Ultrastrong Coupling Between Light Particles,"A team of researchers has developed a new way to control light interactions using a specially engineered structure called a 3D photonic-crystal cavity that could enable transformative advancements in quantum computing, quantum communication and other quantum-based technologies.",Physical/Tech,https://www.sciencedaily.com/releases/2025/04/250418112911.htm
Researchers Demonstrate New Class of Quantum Materials That Are Both Metallic and One-Dimensional,"A study has found a rare form of one-dimensional quantum magnetism in a metallic compound, offering evidence into a phase space that has remained, until now, largely theoretical. The study comes at a time of growing global interest in quantum materials that redefine the boundaries between magnetism, conductivity, and quantum coherence.",Physical/Tech,https://www.sciencedaily.com/releases/2025/04/250417145242.htm
A Cool Fix for Hot Chips: Advanced Thermal Management Technology for Electronic Devices,Researchers have demonstrated a significant performance increase in cooling technology for high-power electronic devices. They designed novel capillary geometries that push the boundaries of thermal transfer efficiency. This study could play a crucial role in the development of next-generation technology.,Physical/Tech,https://www.sciencedaily.com/releases/2025/04/250417144927.htm
Curved Neutron Beams Could Deliver Benefits Straight to Industry,"Scientists have created the first neutron &apos;Airy beam,&apos; which has unusual capabilities that ordinary neutron beams do not. The achievement could enhance neutron-based techniques for investigating the properties of materials that are difficult to explore by other means. For example, the beams can probe characteristics of molecules such as chirality, which is important in biotechnology, chemical manufacturing, quantum computing and other fields.",Physical/Tech,https://www.sciencedaily.com/releases/2025/04/250417144904.htm
Uncovering the Relationship Between Life and Sound,"There&apos;s a sensation that you experience -- near a plane taking off or a speaker bank at a concert -- from a sound so total that you feel it in your very being. When this happens, not only do your brain and ears perceive it, but your cells may also. Technically speaking, sound is a simple phenomenon, consisting of compressional mechanical waves transmitted through substances, which exists universally in the non-equilibrated material world. Sound is also a vital source of environmental information for living beings, while its capacity to induce physiological responses at the cell level is only just beginning to be understood.",Physical/Tech,https://www.sciencedaily.com/releases/2025/04/250416135736.htm
"A Compact, Mid-Infrared Pulse Generator","Physicists have created a compact laser that emits extremely bright, short pulses of light in a useful but difficult-to-achieve wavelength range, packing the performance of larger photonic devices onto a single chip.",Physical/Tech,https://www.sciencedaily.com/releases/2025/04/250416135347.htm
Machine Learning Unlocks Superior Performance in Light-Driven Organic Crystals,"Researchers have developed a machine learning workflow to optimize the output force of photo-actuated organic crystals. Using LASSO regression to identify key molecular substructures and Bayesian optimization for efficient sampling, they achieved a maximum blocking force of 37.0 mN -- 73 times more efficient than conventional methods. These findings could help develop remote-controlled actuators for medical devices and robotics, supporting applications such as minimally invasive surgery and precision drug delivery.",Physical/Tech,https://www.sciencedaily.com/releases/2025/04/250415143647.htm
Photonic Computing Needs More Nonlinearity: Acoustics Can Help,"Neural networks are one typical structure on which artificial intelligence can be based. The term neural describes their learning ability, which to some extent mimics the functioning of neurons in our brains. To be able to work, several key ingredients are required: one of them is an activation function which introduces nonlinearity into the structure. A photonic activation function has important advantages for the implementation of optical neural networks based on light propagation. Researchers have now experimentally shown an all-optically controlled activation function based on traveling sound waves. It is suitable for a wide range of optical neural network approaches and allows operation in the so-called synthetic frequency dimension.",Physical/Tech,https://www.sciencedaily.com/releases/2025/04/250414124725.htm
Cooler Faster Better: Engineers Uncover a New Way to Stop Electronics from Overheating,"Engineers discovered a way to move heat ultrafast using crystal waves, offering a breakthrough in cooling advanced electronics.",Physical/Tech,https://www.sciencedaily.com/releases/2025/04/250414124342.htm
Reshaping Quantum Dots Production Through Continuous Flow and Sustainable Technologies,"Researchers have developed a pioneering, sustainable method for producing cadmium-based quantum dots (QDs) in water using a biocompatible chalcogen source. This fully aqueous, continuous flow process avoids harmful organic solvents and offers enhanced safety, scalability, and environmental performance. A collaboration led to the creation of a water-soluble chalcogen transfer agent inspired by peptide chemistry. Real-time Raman spectroscopy enabled detailed analysis of reaction mechanisms. The new system improves productivity while reducing waste and energy use. Although cadmium QDs are efficient, their toxicity remains a concern, prompting the team to explore greener alternatives. This innovation marks a significant step toward responsible, large-scale nanomaterial production.",Physical/Tech,https://www.sciencedaily.com/releases/2025/04/250411175713.htm
Researchers Watch a Live Catalytic Event in Real Time,"A team of scientists has directly observed catalysis in-action at the atomic level. In mesmerizing new videos, single atoms move and shake during a chemical reaction that removes hydrogen atoms from an alcohol molecule. By viewing the process in real time, the researchers discovered several short-lived intermediate molecules involved in the reaction as well as a previously hidden reaction pathway.",Physical/Tech,https://www.sciencedaily.com/releases/2025/04/250411175454.htm
A Fluid Battery That Can Take Any Shape,"Using electrodes in a fluid form, researchers have developed a battery that can take any shape. This soft and conformable battery can be integrated into future technology in a completely new way.",Physical/Tech,https://www.sciencedaily.com/releases/2025/04/250411175441.htm
A New Era in Materials Science: Antiferromagnetic Quasicrystals Unveiled,"Quasicrystals are intriguing materials with long-range atomic order that lack periodicity. It has been a longstanding question whether antiferromagnetism, while commonly found in regular crystals, is even possible in quasicrystals. In a new study, researchers have finally answered this question, providing the first definitive neutron diffraction evidence of antiferromagnetism in a real icosahedral quasicrystal. This discovery opens a new research area of quasiperiodic antiferromagnets, with potential applications in spintronics.",Physical/Tech,https://www.sciencedaily.com/releases/2025/04/250411105905.htm
Engineered Bacteria Emit Signals That Can Be Spotted from a Distance,"Engineers have made bacteria to produce hyperspectral signals that can be detected as far as 90 meters away. Their work could lead to the development of bacterial sensors for agricultural and other applications, which could be monitored by drones or satellites to monitor crop health, for example.",Physical/Tech,https://www.sciencedaily.com/releases/2025/04/250411105858.htm
Impact of Processing on Biochemical Composition of Plant-Based Products Revealed,A study showed that different processing methods significantly affect the biochemical composition of plant-based foods. Current food classification systems do not sufficiently acknowledge the biochemical composition of the product.,Physical/Tech,https://www.sciencedaily.com/releases/2025/04/250410130744.htm
3D Streaming Gets Leaner by Seeing Only What Matters,"A new approach to streaming technology may significantly improve how users experience virtual reality and augmented reality environments, according to a new study. The research describes a method for directly predicting visible content in immersive 3D environments, potentially reducing bandwidth requirements by up to 7-fold while maintaining visual quality.",Physical/Tech,https://www.sciencedaily.com/releases/2025/04/250409155041.htm
Potable Water Happy Byproduct of Low-Cost Green Hydrogen Technology,Engineers have hit the trifecta of sustainability technology: A group has developed a low-cost method to produce carbon-free &apos;green&apos; hydrogen via solar-powered electrolysis of seawater. A happy byproduct of the process? Potable water.,Physical/Tech,https://www.sciencedaily.com/releases/2025/04/250409154848.htm
A New Smartphone-Sized Device Can Test for Tuberculosis: Here's Why That Matters for Children,"This handheld device is the first that can detect tuberculosis in saliva, in addition to blood and sputum samples, an important breakthrough for testing children and HIV patients, who struggle to produce sputum. The device was found to deliver rapid, accurate results in under an hour, offering a cost-effective and accessible solution for diagnosing TB in resource-limited areas.",Physical/Tech,https://www.sciencedaily.com/releases/2025/04/250409154631.htm
Hopping Gives This Tiny Robot a Leg Up,"A hopping, insect-sized robot can jump over gaps or obstacles, traverse rough, slippery, or slanted surfaces, and perform aerial acrobatic maneuvers, while using a fraction of the energy required for flying microbots.",Physical/Tech,https://www.sciencedaily.com/releases/2025/04/250409154610.htm
Engineers Bring Sign Language to 'Life' Using AI to Translate in Real-Time,"American Sign Language (ASL) recognition systems often struggle with accuracy due to similar gestures, poor image quality and inconsistent lighting. To address this, researchers developed a system that translates gestures into text with 98.2% accuracy, operating in real time under varying conditions. Using a standard webcam and advanced tracking, it offers a scalable solution for real-world use, with MediaPipe tracking 21 keypoints on each hand and YOLOv11 classifying ASL letters precisely.",Physical/Tech,https://www.sciencedaily.com/releases/2025/04/250409114945.htm
Your Skin Is Breathing: New Wearable Device Can Measure It,"Rsearchers have developed the first wearable device for measuring gases emitted from and absorbed by the skin. By analyzing these gases, the device offers an entirely new way to assess skin health, including monitoring wounds, detecting skin infections, tracking hydration levels, quantifying exposure to harmful environmental chemicals and more.",Physical/Tech,https://www.sciencedaily.com/releases/2025/04/250409114529.htm
Serendipitous Discovery Could Lead to More Efficient Catalysts,"Preparing catalysts by sending hot, steamy car exhaust over them could improve their efficiency and reduce the amount of rare and expensive metals required in vehicle catalytic converters and many other emission control and industrial processes.",Physical/Tech,https://www.sciencedaily.com/releases/2025/04/250409114526.htm
Handheld Device Could Transform Heart Disease Screening,Researchers have developed a handheld device that could potentially replace stethoscopes as a tool for detecting certain types of heart disease.,Physical/Tech,https://www.sciencedaily.com/releases/2025/04/250408121917.htm
"Tiny, Soft Robot Flexes Its Potential as a Life Saver","A tiny, soft, flexible robot that can crawl through earthquake rubble to find trapped victims or travel inside the human body to deliver medicine may seem like science fiction, but an international team is pioneering such adaptable robots by integrating flexible electronics with magnetically controlled motion.",Physical/Tech,https://www.sciencedaily.com/releases/2025/04/250408121334.htm
How Can Science Benefit from AI? Risks?,"Researchers from chemistry, biology, and medicine are increasingly turning to AI models to develop new hypotheses. However, it is often unclear on which basis the algorithms come to their conclusions and to what extent they can be generalized. A publicationnow warns of misunderstandings in handling artificial intelligence. At the same time, it highlights the conditions under which researchers can most likely have confidence in the models.",Physical/Tech,https://www.sciencedaily.com/releases/2025/04/250404122438.htm
Polymers With Flawed Fillers Boost Heat Transfer in Plastics,"In the quest to design the next generation of materials for modern devices -- ones that are lightweight, flexible and excellent at dissipating heat -- a team of researchers made a discovery: imperfection has its upsides.",Physical/Tech,https://www.sciencedaily.com/releases/2025/04/250404122430.htm
Touchlessly Moving Cells: Biotech Automation and an Acoustically Levitating Diamond,"Engineers have created new technology that can move cells without touching them, enabling critical tasks that currently require large pieces of lab equipment to be carried out on a benchtop device.",Physical/Tech,https://www.sciencedaily.com/releases/2025/04/250403183156.htm
Nurture More Important Than Nature for Robotic Hand,"How does a robotic arm or a prosthetic hand learn a complex task like grasping and rotating a ball? Researchers address the classic &apos;nature versus nurture&apos; question. The research demonstrates that the sequence of learning, also known as the &apos;curriculum,&apos; is critical for learning to occur. In fact, the researchers note that if the curriculum takes place in a particular sequence, a simulated robotic hand can learn to manipulate with incomplete or even absent tactile sensation.",Physical/Tech,https://www.sciencedaily.com/releases/2025/04/250403183134.htm
MIT Engineers Develop a Way to Mass Manufacture Nanoparticles That Deliver Cancer Drugs Directly to Tumors,"Researchers developed a manufacturing technique that rapidly generates large quantities of nanoparticles coated with drug-delivering polymers, which hold great potential for treating cancer. The particles can be targeted directly to tumors, where they release their payload while avoiding many of the side effects of traditional chemotherapy.",Physical/Tech,https://www.sciencedaily.com/releases/2025/04/250403143847.htm
Strain 'Trick' Improves Perovskite Solar Cells' Efficiency,Researchers have found a way to dramatically reducing energy loss and boosting efficiency perovskite solar cells by incorporating rubidium using lattice strain -- a slight deformation in the atomic structure that helps keep rubidium in place.,Physical/Tech,https://www.sciencedaily.com/releases/2025/04/250403143716.htm
How GPS Helps Older Drivers Stay on the Roads,New research shows that Sat Nav systems are helping keep older drivers on the roads for longer. The study reveals that over 65s with a poorer sense of direction rely more on help from GPS navigation systems such as Sat Nav or smartphone maps. Those using GPS tended to drive more frequently -- suggesting that the technology helps older people maintain driving independence.,Physical/Tech,https://www.sciencedaily.com/releases/2025/04/250403143713.htm
"Carbon Capture Could Become Practical With Scalable, Affordable Materials","Researchers have expanded the potential of carbon capture technology that plucks CO2 directly from the air by demonstrating that there are multiple suitable and abundant materials that can facilitate direct air capture. Researchers present new, lower-cost materials to facilitate moisture-swing to catch and then release CO2 depending on the local air&apos;s moisture content, calling it &apos;one of the most promising approaches for CO2 capture.&apos;",Physical/Tech,https://www.sciencedaily.com/releases/2025/04/250403122631.htm
Smartphone Photo Sensors Transformed Into an Unprecedented Resolution Antimatter Camera,"Scientists have repurposed smartphone camera sensors to create a detector capable of tracking antiproton annihilations in real time with unprecedented resolution. This new device can pinpoint antiproton annihilations with a resolution of about 0.6 micrometers, a 35-fold improvement over previous real-time methods.",Physical/Tech,https://www.sciencedaily.com/releases/2025/04/250402181314.htm
Scientists Unveil Starfish-Inspired Wearable Tech for Heart Monitoring,"When we move, it&apos;s harder for existing wearable devices to accurately track our heart activity. But researchers found that a starfish&apos;s five-arm shape helps solve this problem. Inspired by how a starfish flips itself over -- shrinking one of its arms and using the others in a coordinated motion to right itself -- scientists have created a starfish-shaped wearable device that tracks heart health in real time.",Physical/Tech,https://www.sciencedaily.com/releases/2025/04/250402142355.htm
Transducer Could Enable Superconducting Quantum Networks,Applied physicists have created a photon router that could plug into quantum networks to create robust optical interfaces for noise-sensitive microwave quantum computers.,Physical/Tech,https://www.sciencedaily.com/releases/2025/04/250402122846.htm
World's Smallest Pacemaker Is Activated by Light,"Smaller than a grain of rice, new pacemaker is particularly suited to the small, fragile hearts of newborn babies with congenital heart defects. Tiny pacemaker is paired with a small, soft, flexible wearable patch that sits on the patient&apos;s chest. The wearable patch detects irregular heartbeats and automatically emits pulses of light. The light then flashes on and off at a rate that corresponds to the correct pacing. After the tiny pacemaker is no longer needed, it dissolves inside the body.",Physical/Tech,https://www.sciencedaily.com/releases/2025/04/250402122155.htm
Metasurfaces: Bilayer Device Can Control Many Forms of Polarized Light,"Researchers have created a bilayer metasurface made of two stacked layers of titanium dioxide nanostructures, opening new possibilities for structuring light.",Physical/Tech,https://www.sciencedaily.com/releases/2025/04/250401151633.htm
"Chance Discovery Improves Stability of Bioelectronic Material Used in Medical Implants, Computing and Biosensors","Bioelectronic devices, neural interfaces, biosensors and AI hardware are now easier to make thanks to a streamlined method for fabricating a key material.",Physical/Tech,https://www.sciencedaily.com/releases/2025/03/250331122223.htm
Efficient Light Control: Meta-Optics Replace Conventional Lenses,"Be it sensors, cameras, or displays: Metasurfaces have the potential to fundamentally improve optical systems in our everyday lives. By controlling light more precisely, they drive compact, multi-functional solutions. Researchers have now developed an optical component that enables highly efficient light control at steep angles of incidence, overcoming previous limitations.",Physical/Tech,https://www.sciencedaily.com/releases/2025/03/250330223457.htm
Smart Textiles and Surfaces: How Lightweight Elastomer Films Are Bringing Tech to Life,"Clothes that can mimic the feeling of being touched, touch displays that provide haptic feedback to users, or even ultralight loudspeakers. These are just some of the devices made possible using thin silicone films that can be precisely controlled so that they vibrate, flex, press or pull exactly as desired. And all done simply by applying an electrical voltage.",Physical/Tech,https://www.sciencedaily.com/releases/2025/03/250328112853.htm
"A Lighter, Smarter Magnetoreceptive Electronic Skin","Imagine navigating a virtual reality with contact lenses or operating your smartphone under water: This and more could soon be a reality thanks to innovative e-skins. A research team has developed an electronic skin that detects and precisely tracks magnetic fields with a single global sensor. This artificial skin is not only light, transparent and permeable, but also mimics the interactions of real skin and the brain.",Physical/Tech,https://www.sciencedaily.com/releases/2025/03/250327141727.htm
Feeling the Future: New Wearable Tech Simulates Realistic Touch,"Most haptic devices only deliver feedback as simple vibrations. New device applies dynamic forces in any direction to simulate a more realistic sense of touch. Small, lightweight device can enhance virtual reality, help individuals with visual impairments, provide tactile feedback for remote health visits and more.",Physical/Tech,https://www.sciencedaily.com/releases/2025/03/250327141411.htm
Mini Rolling Robot Takes Virtual Biopsies,"A tiny magnetic robot which can take 3D scans from deep within the body, that could revolutionize early cancer detection, has been developed by researchers. The team say this is the first time it has been possible to generate high-resolution three-dimensional ultrasound images taken from a probe deep inside the gastrointestinal tract, or gut.",Physical/Tech,https://www.sciencedaily.com/releases/2025/03/250326154441.htm
A Safe Nuclear Battery That Could Last a Lifetime,"Lithium-ion batteries, used in consumer devices and electric vehicles, typically last hours or days between charges. However, with repeated use, they degrade and need to be charged more frequently. Now, researchers are considering radiocarbon as a source for safe, small and affordable nuclear batteries that could last decades or longer without charging.",Physical/Tech,https://www.sciencedaily.com/releases/2025/03/250326123740.htm
"Making Sturdy, Semi-Transparent Wood With Cheap, Natural Materials","Can you imagine having a smartphone with a wooden touchscreen? Or a house with wooden windows? Probably not -- unless you&apos;ve heard of transparent wood. Made by modifying wood&apos;s natural structure, this material has been proposed as a sturdy, eco-friendly alternative for plastic. Researchers have created proof-of-concept transparent woods using almost entirely natural materials, and have explored making them electrically conductive, too.",Physical/Tech,https://www.sciencedaily.com/releases/2025/03/250326123738.htm
A Multimodal Light Manipulator,"Interferometers, devices that can modulate aspects of light, play the important role of modulating and switching light signals in fiber-optic communications networks and are frequently used for gas sensing and optical computing. Now, applied physicists have invented a new type of interferometer that allows precise control of light&apos;s frequency, intensity and mode in one compact package.",Physical/Tech,https://www.sciencedaily.com/releases/2025/03/250325191433.htm
E-Scooter Crashes Mainly Caused by Reckless Driving,"Crashes on electric scooters are mostly due to the behavior of the riders, with one-handed steering and riding in a group being some of the largest risk factors. The researchers are also concerned about riders who deliberately crash or cause dangerous situations when riding, a phenomenon that seems to be specific to electric scooters.",Physical/Tech,https://www.sciencedaily.com/releases/2025/03/250325115839.htm
These Electronics-Free Robots Can Walk Right Off the 3D-Printer,"This a robot can walk, without electronics, and only with the addition of a cartridge of compressed gas, right off the 3D-printer. It can also be printed in one go, from one material.",Physical/Tech,https://www.sciencedaily.com/releases/2025/03/250325115131.htm
Listen to Quantum Atoms Talk Together Thanks to Acoustics,"To get around the constraints of quantum physics, researchers have built a new acoustic system to study the way the minuscule atoms of condensed matter talk together. They hope to one day build an acoustic version of a quantum computer.",Physical/Tech,https://www.sciencedaily.com/releases/2025/03/250325115125.htm
Scientists Engineer Starfish Cells to Shape-Shift in Response to Light,"Scientists used light to control how a starfish egg cell jiggles and moves during its earliest stage of development. Their optical system could guide the design of synthetic, light-activated cells for wound healing or drug delivery.",Physical/Tech,https://www.sciencedaily.com/releases/2025/03/250324113843.htm
New AI Tool Generates High-Quality Images Faster Than State-of-the-Art Approaches,"Researchers developed a hybrid AI approach that can generate realistic images with the same or better quality than state-of-the-art diffusion models, but that runs about nine times faster and uses fewer computational resources. The tool uses an autoregressive model to quickly capture the big picture and then a small diffusion model to refine the details of the image.",Physical/Tech,https://www.sciencedaily.com/releases/2025/03/250320145449.htm
Engineer Develops New Security Protocol to Protect Miniaturized Wireless Medical Implants from Cyberthreats,"Scientists recently unveiled a first-of-its-kind authentication protocol for wireless, battery-free, ultraminiaturized implants that ensures these devices remain protected while still allowing emergency access.",Physical/Tech,https://www.sciencedaily.com/releases/2025/03/250320145034.htm
New Carbon-Negative Material Could Make Concrete and Cement More Sustainable,"Researchers injected CO2 gas into seawater while applying an electrical current. The process transformed dissolved ions, minerals in seawater into clusters of solid particles. The clusters hold over half their weight in CO2 to become a carbon sink. Material could replace sand in concrete and be used in other construction materials while trapping CO2.",Physical/Tech,https://www.sciencedaily.com/releases/2025/03/250319143654.htm
Breakthrough in Materials Science: AI Reveals Secrets of Dendritic Growth in Thin Films,"Dendritic structures that emerge during the growth of thin films are a major obstacle in large-area fabrication, a key step towards commercialization. However, current methods of studying dendrites involve crude visual inspection and subjective analysis. Moreover, growth optimization methods for controlling dendrite formation require extensive trial and error. Now, researchers have developed a new AI model that incorporates topology analysis and free energy to reveal the specific conditions and mechanisms that drive dendrite branching.",Physical/Tech,https://www.sciencedaily.com/releases/2025/03/250319143433.htm
Good Vibrations: Scientists Discover a Groundbreaking Method for Exciting Phonon-Polaritons,"Newly published research demonstrates a novel way of generating phonon-polaritons by making electrons collide with crystal lattice structures. The discovery paves the way for cheaper, smaller long-wave infrared light sources and more efficient device cooling.",Physical/Tech,https://www.sciencedaily.com/releases/2025/03/250319143020.htm
"New Platform Lets Anyone Rapidly Prototype Large, Sturdy Interactive Structures",A rapid prototyping platform called VIK (Voxel Invention Kit) enables makers without engineering expertise to create large-scale interactive devices using a series of reconfigurable electromechanical building blocks. These user-friendly components can be assembled using only a soldering iron and a pair of pliers.,Physical/Tech,https://www.sciencedaily.com/releases/2025/03/250318175127.htm
Lords of the Molecular Rings: An Innovative Shortcut to High-Performance Organic Materials,"Scientists have unveiled an innovative approach for synthesizing azaparacyclophanes (APCs), a class of highly advanced ring-shaped molecular structures with immense potential in material science. Their innovative Catalyst-Transfer Macrocyclization (CTM) method streamlines the production of these complex macrocycles, paving the way for more efficient and scalable applications in organic electronics, optoelectronics, and supramolecular chemistry -- such as displays, flexible solar cells and transistors.",Physical/Tech,https://www.sciencedaily.com/releases/2025/03/250318141607.htm
Quantum Light Source for Eco-Friendly Production of Biogas,"Biomass can be converted into valuable gases. But in order to control this process, the amount of water vapor has to be measured. This is notoriously hard, because other components of the gas can affect the measurement. Using quantum cascade lasers, this problem has now been solved.",Physical/Tech,https://www.sciencedaily.com/releases/2025/03/250318141247.htm
Revolutionary Blueprint to Fuse Wireless Technologies and AI,"Virginia Tech researchers say a true revolution in wireless technologies is only possible through endowing the system with the next generation of artificial intelligence (AI) that can think, imagine, and plan akin to humans. Doing so will allow networks to break free from traditional enablers, deliver unprecedented quality, and usher in a new phase of the AI evolution.",Physical/Tech,https://www.sciencedaily.com/releases/2025/03/250318140847.htm
Building a Safer Future: Strengthen Haiti's Earthquake Resilience,"Over the past two decades, Haiti has endured the devastation of two catastrophic earthquakes -- first in 2010 and again in 2021. Each disaster left behind widespread destruction: buildings reduced to rubble, entire communities displaced and an overwhelming loss of life. A major factor in the severity of these tragedies was the widespread structural failure of poorly designed buildings, many of which were not constructed to withstand the powerful tremors. Engineers are now exploring cost-effective retrofitting solutions that could help fortify buildings against future earthquakes.",Physical/Tech,https://www.sciencedaily.com/releases/2025/03/250318140734.htm
Scientists Tune in to Rhombohedral Graphene's Potential,Scientists are investigating how structures made from several layers of graphene stack up in terms of their fundamental physics and their potential as reconfigurable semiconductors for advanced electronics.,Physical/Tech,https://www.sciencedaily.com/releases/2025/03/250317164457.htm
Quantum Computers Just Simulated Physics Too Complex for Supercomputers,Researchers created scalable quantum circuits capable of simulating fundamental nuclear physics on more than 100 qubits. These circuits efficiently prepare complex initial states that classical computers cannot handle. The achievement demonstrates a new path toward simulating particle collisions and extreme forms of matter. It may ultimately illuminate long-standing cosmic mysteries.,Physical/Tech,https://www.sciencedaily.com/releases/2025/11/251118220104.htm
Scientists Use Light to Unlock Secret of Atoms,"Researchers have developed innovative methods to control the ionization of atoms and molecules using specially structured light beams, challenging traditional limits. This breakthrough could lead to advancements in imaging, particle acceleration, and quantum computing by precisely controlling electron ejection from atoms.",Physical/Tech,https://www.sciencedaily.com/releases/2025/03/250314170436.htm
Understanding the Origin of Magnetic Moment Enhancement in Novel Alloys,"Iridium-doped iron-cobalt (Fe-Co-Ir) alloys, previously identified through machine learning, have been shown to have enhanced magnetic properties, surpassing even the widely used pure Fe-Co alloy. However, the origin of this enhanced magnetization is poorly understood. Now, scientists employed an innovative method using high-throughput X-ray magnetic circular dichroism (XMCD) measurements, demonstrating the critical role of Ir-doping. The findings will serve as a foundation for designing new high-performance magnetic materials.",Physical/Tech,https://www.sciencedaily.com/releases/2025/03/250314113811.htm
"Spinning, Twisted Light Could Power Next-Generation Electronics","Researchers have advanced a decades-old challenge in the field of organic semiconductors, opening new possibilities for the future of electronics. The researchers have created an organic semiconductor that forces electrons to move in a spiral pattern, which could improve the efficiency of OLED displays in television and smartphone screens, or power next-generation computing technologies such as spintronics and quantum computing.",Physical/Tech,https://www.sciencedaily.com/releases/2025/03/250313151808.htm
Robotics and Spinal Stimulation Restore Movement in Paralysis,Scientists have developed an approach that combines rehabilitation robotics with spinal cord stimulation to restore movement in people with spinal cord injuries. The technology enhances rehabilitation and enables activities like cycling and walking outdoors.,Physical/Tech,https://www.sciencedaily.com/releases/2025/03/250312145730.htm
Exciting Moments on the Edge,"Researchers have demonstrated that phosphorene nanoribbons (PNRs) exhibit both magnetic and semiconducting properties at room temperature. The research establishes PNRs as a unique class of low-dimensional materials that challenges conventional views on magnetic semiconductors, and could provide a stepping stone to unlocking new quantum technologies.",Physical/Tech,https://www.sciencedaily.com/releases/2025/03/250312123844.htm
'Fishial' Recognition: Neural Network Identifies Coral Reef Sounds,"Researchers combine acoustic monitoring with a neural network to identify fish activity on coral reefs by sound. They trained the network to sort through the deluge of acoustic data automatically, analyzing audio recordings in real time. Their algorithm can match the accuracy of human experts in deciphering acoustical trends on a reef, but it can do so more than 25 times faster, and it could change the way ocean monitoring and research is conducted.",Physical/Tech,https://www.sciencedaily.com/releases/2025/03/250311121307.htm
"'Nanodot' Control Could Fine-Tune Light for Sharper Displays, Quantum Computing","Newly achieved precise control over light emitted from incredibly tiny sources, a few nanometers in size, embedded in two-dimensional materials could lead to remarkably high-resolution monitors and advances in ultra-fast quantum computing, according to an international team.",Physical/Tech,https://www.sciencedaily.com/releases/2025/03/250310131636.htm
AI Reveals New Way to Strengthen Titanium Alloys and Speed Up Manufacturing,"Producing high-performance titanium alloy parts -- whether for spacecraft, submarines or medical devices -- has long been a slow, resource-intensive process. Even with advanced metal 3D-printing techniques, finding the right manufacturing conditions has required extensive testing and fine-tuning. What if these parts could be built more quickly, stronger and with near-perfect precision? A team is leveraging artificial intelligence to make that a reality. They&apos;ve identified processing techniques that improve both the speed of production and the strength of these advanced materials -- an advance with implications from the deep sea to outer space.",Physical/Tech,https://www.sciencedaily.com/releases/2025/03/250307125716.htm
"Smart, Energy-Efficient Robot Grippers Cut Production Costs","Energy remains a significant factor in industrial production processes. High levels of energy consumption make production more expensive and exacerbate the climate crisis. A new type of robot technology needs 90% less electricity than conventional systems. The technology uses lightweight, shape memory materials to construct novel, non-pneumatic, industrial gripper systems that function without the need for additional sensors.",Physical/Tech,https://www.sciencedaily.com/releases/2025/03/250306123304.htm
Revealing Hidden Atomic Movements Through Machine Learning,"Researchers have developed the Automatic Process Explorer (APE), an approach that enhances our understanding of atomic and molecular processes. By dynamically refining simulations, APE has uncovered unexpected complexities in the oxidation of Palladium (Pd) surfaces, offering new insights into catalyst behavior.",Physical/Tech,https://www.sciencedaily.com/releases/2025/03/250306123251.htm
Touchless Tech: Control Fabrics With a Wave of Your Finger,Researchers have created washable and durable magnetic field sensing electronic textiles -- thought to be the first of their kind -- which they say paves the way to transform use in clothing. This technology will allow users to interact with everyday textiles or specialized clothing by simply pointing their finger above a sensor.,Physical/Tech,https://www.sciencedaily.com/releases/2025/03/250306121051.htm
Artificial Muscles for Tremor Suppression,"Scientists have developed a biorobotic arm that can mirror human tremors, such as those experienced by individuals that live with Parkinson&apos;s disease. Artificial muscles on either side of the forearm contract and relax to suppress the involuntary shaking of the wrist and hand. The researchers see their biorobotic arm not only as a platform for other scientists in the field to test new ideas in exoskeleton technology. The arm also serves as a test bed to see how well artificial muscles known as HASELs can one day become the building blocks of wearable devices. The vision is to one day develop a sleeve that tremor patients can comfortably wear to be able to better cope with everyday tasks such as holding a cup.",Physical/Tech,https://www.sciencedaily.com/releases/2025/03/250306120744.htm
"Feeling Is Believing: Bionic Hand 'Knows' What It's Touching, Grasps Like a Human","Engineers have developed a pioneering prosthetic hand that can grip plush toys, water bottles, and other everyday objects like a human, carefully conforming and adjusting its grasp to avoid damaging or mishandling whatever it holds.",Physical/Tech,https://www.sciencedaily.com/releases/2025/03/250305164326.htm
Single-Qubit Sensing Puts New Spin on Quantum Materials Discovery,"Working at nanoscale dimensions, billionths of a meter in size, a team of scientists revealed a new way to measure high-speed fluctuations in magnetic materials. Knowledge obtained by these new measurements could be used to advance technologies ranging from traditional computing to the emerging field of quantum computing.",Physical/Tech,https://www.sciencedaily.com/releases/2025/03/250305135144.htm
Cold Atoms on a Chip,Researchers are working to move cold atom quantum experiments and applications from the laboratory tabletop to chip-based systems.,Physical/Tech,https://www.sciencedaily.com/releases/2025/03/250304203832.htm
Quantum Properties in Atom-Thick Semiconductors Offer New Way to Detect Electrical Signals in Cells,"For decades, scientists have relied on electrodes and dyes to track the electrical activity of living cells. Now, engineers have discovered that quantum materials just a single atom thick can do the job with high speed and resolution -- using only light.",Physical/Tech,https://www.sciencedaily.com/releases/2025/03/250303191511.htm
Evidence Expanding That 40Hz Gamma Stimulation Promotes Brain Health,"A decade of studies from labs around the world provide a growing evidence base that increasing the power of the brain&apos;s gamma rhythms could help fight Alzheimer&apos;s, and perhaps other, neurological diseases.",Physical/Tech,https://www.sciencedaily.com/releases/2025/03/250303141656.htm
"Breakthrough CRISPR-Based Test Offers Faster, More Accurate Diagnosis for Fungal Pneumonia","Pneumocystis jirovecii pneumonia (PJP) is the most common fungal pneumonia in children. But current diagnostic methods can take days an require an invasive bronchoscopy procedure. Now, a new CRISPR-based test has been developed to diagnose PJP more quickly and less invasively.",Physical/Tech,https://www.sciencedaily.com/releases/2025/03/250303141103.htm
Self-Driving Cars Learn to Share Road Knowledge Through Digital Word-of-Mouth,"A research team has developed a way for self-driving vehicles to share their knowledge about road conditions indirectly, making it possible for each vehicle to learn from the experiences of others even when they rarely meet on the road.",Physical/Tech,https://www.sciencedaily.com/releases/2025/02/250227165756.htm
New Ocelot Chip Makes Strides in Quantum Computing,Scientists demonstrate a new quantum chip architecture for suppressing errors using a type of qubit known as a cat qubit.,Physical/Tech,https://www.sciencedaily.com/releases/2025/02/250227165534.htm
Leading the Charge to Better Batteries,"A research group has revealed fundamental insights into anode-free solid-state batteries, paving the way for efforts to improve their manufacturability.",Physical/Tech,https://www.sciencedaily.com/releases/2025/02/250227165410.htm
"Material's 'Incipient' Property Could Jumpstart Fast, Low-Power Electronics","Scientists have harnessed a unique property called incipient ferroelectricity to create a new type of computer memory that could revolutionize how electronic devices work, such as using much less energy and operating in extreme environments like outer space.",Physical/Tech,https://www.sciencedaily.com/releases/2025/02/250226175921.htm
New Low-Cost Challenger to Quantum Computer: Ising Machine,A low-energy challenger to the quantum computer also works at room temperature. The researchers have shown that information can be transmitted using magnetic wave motion in complex networks.,Physical/Tech,https://www.sciencedaily.com/releases/2025/02/250226142429.htm
New Method Developed to Dramatically Enhance Bioelectronic Sensors,"In a breakthrough that could transform bioelectronic sensing, an interdisciplinary team of researchers has developed a new method to dramatically enhance the sensitivity of enzymatic and microbial fuel cells using organic electrochemical transistors (OECTs).",Physical/Tech,https://www.sciencedaily.com/releases/2025/02/250226125012.htm
Researchers Create the World's Smallest Shooting Video Game Using Nanoscale Technology,"A research team demonstrated the &apos;world&apos;s smallest shooting game,&apos; a unique nanoscale game inspired by classic arcade games. This achievement was made possible by real-time control of the force fields between nanoparticles using focused electron beams. This research has practical applications, as the manipulation of nanoscale objects could revolutionize biomedical engineering and nanotechnology.",Physical/Tech,https://www.sciencedaily.com/releases/2025/02/250226142441.htm
Automatic Cell Analysis With the Help of Artificial Intelligence,"Identifying and delineating cell structures in microscopy images is crucial for understanding the complex processes of life. This task is called &apos;segmentation&apos; and it enables a range of applications, such as analyzing the reaction of cells to drug treatments, or comparing cell structures in different genotypes. It was already possible to carry out automatic segmentation of those biological structures but the dedicated methods only worked in specific conditions and adapting them to new conditions was costly. An international research team has now developed a method by retraining the existing AI-based software Segment Anything on over 17,000 microscopy images with over 2 million structures annotated by hand.",Physical/Tech,https://www.sciencedaily.com/releases/2025/02/250225201243.htm
Mesoporous Silicon: Semiconductor With New Talents,"Silicon is the best-known semiconductor material. However, controlled nanostructuring drastically alters the material&apos;s properties. Using a specially developed etching apparatus, a team has now produced mesoporous silicon layers with countless tiny pores and investigated their electrical and thermal conductivity. For the first time, the researchers elucidated the electronic transport mechanism in this mesoporous silicon. The material has great potential for applications and could also be used to thermally insulate qubits for quantum computers.",Physical/Tech,https://www.sciencedaily.com/releases/2025/02/250225122018.htm
Materials Incorporated Into Quantum Qubit Platform,"Researchers detail advances in the measurement of quantum devices that will be needed to realize a topological quantum computer. In an announcement, the team describes the operation of a device that is a necessary building block for a topological quantum computer. The published results are an important milestone along the path to construction of quantum computers that are potentially more robust and powerful than existing technologies.",Physical/Tech,https://www.sciencedaily.com/releases/2025/02/250225121643.htm
Scientists Design Battery That Runs on Atomic Waste,"Researchers have developed a battery that can convert nuclear energy into electricity via light emission, a study suggests.",Physical/Tech,https://www.sciencedaily.com/releases/2025/02/250225121528.htm
Microcomb Chips Help Pave the Way for Thousand Times More Accurate GPS Systems,"Optical atomic clocks can increase the precision of time and geographic position a thousandfold in our mobile phones, computers, and GPS systems. However, they are currently too large and complex to be widely used in society. Now, a research team has developed a technology that, with the help of on-chip microcombs, could make ultra-precise optical atomic clock systems significantly smaller and more accessible -- with significant benefits for navigation, autonomous vehicles, and geo-data monitoring.",Physical/Tech,https://www.sciencedaily.com/releases/2025/02/250221125650.htm
Highly Uniform Nanocrystals Synthesized by Liquid Crystalline Antisolvent,"A research team has developed a groundbreaking method for synthesizing perovskite nanocrystals (PNCs), a next-generation semiconductor material, in a more uniform and efficient manner. This study is expected to serve as a key breakthrough in overcoming the complexities of conventional synthesis methods and accelerating the commercialization of various optoelectronic devices, such as light-emitting diodes (LEDs) and solar cells, that utilize nanocrystals.",Physical/Tech,https://www.sciencedaily.com/releases/2025/02/250221125645.htm
"Chip-Based System for Terahertz Waves Could Enable More Efficient, Sensitive Electronics","Researchers developed a low-cost, scalable terahertz amplifier that could be used to make antenna arrays that can steer and focus high-frequency terahertz waves, for applications like high-resolution radar, high-speed communications, and medical imaging.",Physical/Tech,https://www.sciencedaily.com/releases/2025/02/250220164504.htm
"Rooftop Panels, EV Chargers, and Smart Thermostats Could Chip in to Boost Power Grid Resilience","After a cyber attack or natural disaster, a backup network of decentralized devices -- like residential solar panels, batteries, electric vehicles, heat pumps, and water heaters -- could restore electricity or relieve stress on the grid, engineers find.",Physical/Tech,https://www.sciencedaily.com/releases/2025/02/250220164402.htm
Cooling Materials -- Out of the 3D Printer,"Rapid, localized heat management is essential for electronic devices and could have applications ranging from wearable materials to burn treatment. While so-called thermoelectric materials convert temperature differences to electrical voltage and vice versa, their efficiency is often limited, and their production is costly and wasteful. Researchers have now used a 3D printing technique to fabricate high-performance thermoelectric materials, reducing production costs significantly.",Physical/Tech,https://www.sciencedaily.com/releases/2025/02/250220164241.htm
Magnetic Semiconductor Preserves 2D Quantum Properties in 3D Material,"Physicists have developed a novel approach to maintain special quantum characteristics, even in 3D materials, with potential applications in optical systems and advanced computing.",Physical/Tech,https://www.sciencedaily.com/releases/2025/02/250219111120.htm
Magnetic Switch Traps Quantum Information Carriers in One Dimension,"A quantum &apos;miracle material&apos; could support magnetic switching, a team of researchers has shown.",Physical/Tech,https://www.sciencedaily.com/releases/2025/02/250219110117.htm
Breakthrough in Wireless Charging Technology,"The efficiency of wireless charging systems is limited by power loss occurring due to frequency changes in the resonant circuits that enable power transfer. These necessary modulations reduce electromagnetic interference caused by resonant frequencies on other devices. However, conventional strategies for adapting to changing frequencies are inefficient, cost-prohibitive, and impractical. Now, scientists have designed a resonant tuning rectifier that provides a low-cost, efficient solution to stabilize power delivery in wireless power systems.",Physical/Tech,https://www.sciencedaily.com/releases/2025/02/250219110059.htm
Novel Carbon-Based Materials to Remove Hazardous 'Forever Chemicals' in Water,New research has emerged on the development of a novel membrane distillation system and an adsorbent (a substance that can trap chemicals on its surface) for the removal of hazardous perfluoroalkyl and polyfluoroalkyl substances (PFAS). Scientists utilized carbon-based materials to successfully remove PFAS from water. This innovative approach could contribute to sustainable purification technologies in the future.,Physical/Tech,https://www.sciencedaily.com/releases/2025/02/250219105939.htm
Researchers Record Ultrafast Chorus Dance of Electrons on Super-Small Particle,"It may be the smallest, shortest chorus dance ever recorded. An international team of researchers observed how electrons, excited by ultrafast light pulses, danced in unison around a particle less than a nanometer in diameter. Researchers measured this dance with unprecedented precision, achieving the first measurement of its kind at the sub-nanometer scale. The synchronized dance of electrons, known as plasmonic resonance, can confine light for brief periods of time. That light-trapping ability has been applied in a wide range of areas, from turning light into chemical energy to improving light-sensitive gadgets and even converting sunlight into electricity. While they&apos;ve been studied extensively in systems from several centimeters across to those just 10 nanometers wide, this is the first time researchers were able to break the field&apos;s &apos;nanometer barrier.&apos;",Physical/Tech,https://www.sciencedaily.com/releases/2025/02/250218203725.htm
Harnessing Failure as an Asset: How Researchers Are Innovating Smarter Wearable Tech,"In the world of soft robotics and wearable technology, sheet-based fluidic devices are revolutionizing how lightweight, flexible and multifunctional systems are designed. But with innovation comes challenges, particularly in understanding and controlling failure in these devices. A new study by mechanical engineers explores how programmed failure in heat-sealable, sheet-based systems can be used to protect devices, enable complex sequencing of actions and even streamline control mechanisms.",Physical/Tech,https://www.sciencedaily.com/releases/2025/02/250218145911.htm
New Microactuator Driving System Could Give Microdrones a Jump-Start,"An innovative circuit design could enable miniature devices, such as microdrones and other microrobotics, to be powered for longer periods of time while staying lightweight and compact. Using miniaturized solid-state batteries, the circuit combines high energy density with an ultra lightweight design.",Physical/Tech,https://www.sciencedaily.com/releases/2025/02/250218114034.htm
Terabytes of Data in a Millimeter Crystal,"Researchers have explored a &apos;quantum-inspired&apos; technique to make the &apos;ones&apos; and &apos;zeroes&apos; for classical computer memory applications out of crystal defects, each the size of an individual atom. This turns milimeter-sized crystals into computer memory devices capable of storing terabytes of data. This interdisciplinary revolution in computer memory took its inspiration from the radiation dosimeters worn by hospital employees working with X-ray machines.",Physical/Tech,https://www.sciencedaily.com/releases/2025/02/250214225032.htm
Innovative Design Techniques for Better Performance of Wireless Transmitters,"Three innovative design techniques substantially enhance wireless transmitter performance and can boost power efficiency and elevate data rates concurrently. This effectively aligns with the growing demand for speed and efficiency, accelerating the widespread deployment of wireless devices. This enables synergistic operation of wireless electronic devices and better quality of modern life.",Physical/Tech,https://www.sciencedaily.com/releases/2025/02/250214225023.htm
Fully 3D-Printed Electrospray Engine,"Researchers demonstrated the first fully 3D-printed, droplet-emitting electrospray engine. The low-cost device can be fabricated more quickly than traditional thrusters, potentially from on board a spacecraft, and could enable CubeSats to perform precise, in-orbit maneuvers, aiding space research projects.",Physical/Tech,https://www.sciencedaily.com/releases/2025/02/250214003217.htm
Combining Millions of Years of Evolution With Tech Wizardry: The Cyborg Cockroach,"A research team has developed two new autonomous navigation systems for cyborg insects to better navigate unknown, complex environments. The algorithms utilized only simple circuits that leveraged natural insect behaviors, like wall-following and climbing, to navigate challenging terrain, such as sandy, rock-strewn surfaces. For all difficulties of terrain tested, the cyborg insects were able to reach their target destination, demonstrating the potential of cyborg insects for surveillance, disaster-site exploration, and more.",Physical/Tech,https://www.sciencedaily.com/releases/2025/02/250213144629.htm
Solar-Powered Device Captures Carbon Dioxide from Air to Make Sustainable Fuel,"Researchers have developed a reactor that pulls carbon dioxide directly from the air and converts it into sustainable fuel, using sunlight as the power source.",Physical/Tech,https://www.sciencedaily.com/releases/2025/02/250213144317.htm
Scientists Discover Mechanism Driving Molecular Network Formation,"Scientists have identified a new property, interface flexibility, that controls how certain molecules naturally self-organize into crystalline supramolecular networks. This significant discovery could change the design of synthetic molecules for network growth at the nanoscale.",Physical/Tech,https://www.sciencedaily.com/releases/2025/02/250213144312.htm
Biohybrid Hand Gestures With Human Muscles,"A biohybrid hand which can move objects and do a scissor gesture has been created. The researchers used thin strings of lab-grown muscle tissue bundled into sushilike rolls to give the fingers enough strength to contract. These multiple muscle tissue actuators (MuMuTAs), created by the researchers, are a major development towards building larger biohybrid limbs. While currently limited to the lab environment, MuMuTAs have the potential to advance future biohybrid prosthetics, aid drug testing on muscle tissue and broaden the potential of biohybrid robotics to mimic real-life forms.",Physical/Tech,https://www.sciencedaily.com/releases/2025/02/250212151423.htm
Research Finds That Certain Packaging Materials Can Show 70% Lower Emissions Than Alternatives,"A comprehensive assessment sought to evaluate the potential environmental impacts of replacing polyethylene, or PE, packaging like bags, films and containers with alternative materials, including paper, glass, aluminum and steel. The findings reveal that PE packaging can have an average life cycle global warming potential, or GWP, savings of approximately 70% compared to a mix of commonly used packaging materials in the U.S. When comparing plastic packaging and alternative materials based on mineral resource use, fossil energy consumption and water scarcity, plastic packaging was generally found to have lower impacts than the alternatives.",Physical/Tech,https://www.sciencedaily.com/releases/2025/02/250212134511.htm
Turning Car and Helicopter Exhaust Into Thermoelectric Energy,"Combustion engines, the engines in gas-powered cars, only use a quarter of the fuel&apos;s potential energy while the rest is lost as heat through exhaust. Now, a study demonstrates how to convert exhaust heat into electricity. The researchers present a prototype thermoelectric generator system that could reduce fuel consumption and carbon dioxide emissions -- an opportunity for improving sustainable energy initiatives in a rapidly changing world.",Physical/Tech,https://www.sciencedaily.com/releases/2025/02/250211190231.htm
'Smaller and Better': Research Uncovers Performance Sweet Spot for Relaxor Nanomaterial,"A new study sheds light on how the extreme miniaturization of thin films affects the behavior of relaxor ferroelectrics -- materials with noteworthy energy-conversion properties used in sensors, actuators and nanoelectronics.",Physical/Tech,https://www.sciencedaily.com/releases/2025/02/250211141034.htm
Is the Metaverse a New Frontier for Human-Centric Manufacturing?,"The future of manufacturing is not just about machines and AI; it&apos;s about re-empowering humans, according to a new study.",Physical/Tech,https://www.sciencedaily.com/releases/2025/02/250211134913.htm
When Qubits Learn the Language of Fiberoptics,"Qubits -- the fundamental units of quantum information -- drive entire tech sectors. Among them, superconducting qubits could be instrumental in building a large-scale quantum computer, but they rely on electrical signals and are difficult to scale. In a breakthrough, a team of physicists has achieved a fully optical readout of superconducting qubits, pushing the technology beyond its current limitations.",Physical/Tech,https://www.sciencedaily.com/releases/2025/02/250211134910.htm
From Photons to Protons: Team Makes Breakthrough in High-Energy Particle Detection,"Researchers have discovered that superconducting nanowire photon detectors can also be used as highly accurate particle detectors, and they have found the optimal nanowire size for high detection efficiency.",Physical/Tech,https://www.sciencedaily.com/releases/2025/02/250211134156.htm
New Spin on Quantum Liquids: Quasi-1D Dynamics in Molecular Spin Systems,"Quantum spin liquids are fascinating states of matter where magnetic spins stay disordered, defying the usual rules of magnetism. Scientists have made an exciting discovery about one such material. Instead of acting like a 2D system as expected, it behaves like a 1D system. This breakthrough changes how we understand these mysterious materials, offering new insights into magnetism and opening doors to advances in quantum materials and technology.",Physical/Tech,https://www.sciencedaily.com/releases/2025/02/250205131250.htm
Stormwater Pollution Sucked Up by Specialized Sponge,"A specialized sponge that works to slurp up pollutants, and then release them as desired, may present a reusable, low-cost solution.",Physical/Tech,https://www.sciencedaily.com/releases/2025/02/250205131240.htm
Physicists Measure a Key Aspect of Superconductivity in 'Magic-Angle' Graphene,"Physicists measured how readily a current of electron pairs flows through &apos;magic-angle&apos; graphene, a major step toward understanding how this unusual material superconducts. By determining how readily electron pairs flow through this material, scientists have taken a big step toward understanding its remarkable properties.",Physical/Tech,https://www.sciencedaily.com/releases/2025/02/250205130943.htm
Why Your Headphone Battery Doesn't Last,Engineers took on the well-known battery challenge of degradation in a real-world technology that many of us use daily: wireless earbuds.,Physical/Tech,https://www.sciencedaily.com/releases/2025/02/250204141845.htm
Pushing the Boundaries of Flat Optics,A research team has developed a novel multidimensional sampling theory to overcome the limitations of flat optics. The study not only identifies the constraints of conventional sampling theories in metasurface design but also presents an innovative anti-aliasing strategy that significantly enhances optical performance.,Physical/Tech,https://www.sciencedaily.com/releases/2025/02/250204132540.htm
Flipping the Script: Inverse-Design as Game-Changer in Physics,"Physicists have achieved a breakthrough in data processing by employing an &apos;inverse-design&apos; approach. This method allows algorithms to configure a system based on desired functions, bypassing manual design and complex simulations. The result is a smart &apos;universal&apos; device that uses spin waves (&apos;magnons&apos;) to perform multiple data processing tasks with exceptional energy efficiency. This innovation marks a transformative advance in unconventional computing, with significant potential for next-generation telecommunications, computing, and neuromorphic systems.",Physical/Tech,https://www.sciencedaily.com/releases/2025/02/250204132435.htm
Scientists Develop Groundbreaking Biosensor for Rare Earth Element Detection,Synthetic biologists have developed a prototype for an innovative biosensor that can detect rare earth elements and be modified for a range of other applications.,Physical/Tech,https://www.sciencedaily.com/releases/2025/02/250204132432.htm
Nanomaterials Are Emerging as a Powerful Tool for Coastal Oil Spill Cleanup,"Advances in nanotechnology may provide solutions to oil spill cleanups in coastal regions that are more effective, safer and work much faster than current methods, according to a new paper. The paper synthesizes, reviews and analyzes between 40 and 50 studies on the subject to provide a big-picture look of the status of nanotechnologies in coastal oil spill response. The researchers also present their own suggestions and identifying research gaps between using nanomaterials in the lab and how they can be used in real-world applications.",Physical/Tech,https://www.sciencedaily.com/releases/2025/02/250204132132.htm
New Device Uses Electrically Assisted Wind to Fight Fires,"Researchers have developed a new portable tool that could improve how firefighters douse fires, making the process more efficient and far less risky.",Physical/Tech,https://www.sciencedaily.com/releases/2025/02/250204132028.htm
Shaping Future of Displays: Clay/europium-Based Technology Offers Dual-Mode Versatility,"Electrochemical reaction-based stimuli-responsive materials are shaping up the era of innovative display devices. By embedding luminescent europium(III) complexes and color-changing viologen derivatives in a layered clay matrix, the device achieves simultaneous control of light emission and color at low voltage. The use of clay-based materials also highlights an eco-friendly approach to enhancing electronic device performance. This innovation could revolutionize display technology and the development of sensors, adaptable to changing light conditions.",Physical/Tech,https://www.sciencedaily.com/releases/2025/02/250203142359.htm
Building a Circular Future: Study Reveals Key Organizational Capabilities for Sustainability,"A recent study by management scholars underscores the importance of organizations&apos; dynamic capabilities for greener business practices. Analyzing data from 139 manufacturing companies, the research reveals that financial and technological expertise combined with adaptability to regulations and evolving consumer demands, are key to advancing the green transition.",Physical/Tech,https://www.sciencedaily.com/releases/2025/02/250203142156.htm
This Multiferroic Can Take the Heat -- Up to 160?,"Researchers are breaking limits by increasing the temperature multiferroics can operate at, from room temperature up to a blistering 160 degrees Celsius.",Physical/Tech,https://www.sciencedaily.com/releases/2025/01/250131110327.htm
Lightsails Could Reach Distant Star Systems,A team of scientists has made the first experimental measurements of laser-induced motions of miniature lightsails in the lab.,Physical/Tech,https://www.sciencedaily.com/releases/2025/01/250131110710.htm
New Diagnostic Tool Will Help LIGO Hunt Gravitational Waves,"Researchers have demonstrated a new, unsupervised machine learning approach to find new patterns in the auxiliary channel data of the Laser Interferometer Gravitational-Wave Observatory.",Physical/Tech,https://www.sciencedaily.com/releases/2025/01/250130161650.htm
Scientists Shocked by Durability of Surgery-Sparing Technique,A nanotechnology-based drug delivery system developed to save patients from repeated surgeries has proved to have unexpectedly long-lasting benefits in lab tests -- a promising sign for its potential to help human patients.,Physical/Tech,https://www.sciencedaily.com/releases/2025/01/250130135644.htm
Scientists 'Mimic Real Biological Processes' Using Synthetic Neurons,A new collaboration has unlocked new potential for the field by creating a novel high-performance organic electrochemical neuron that responds within the frequency range of human neurons.,Physical/Tech,https://www.sciencedaily.com/releases/2025/01/250129162131.htm
New Acoustic Wave Phenomenon Discovered,This novel finding regarding the nonreciprocal diffraction of acoustic waves could open doors for next-generation communication devices.,Physical/Tech,https://www.sciencedaily.com/releases/2025/01/250129121353.htm
Improving the Way Flash Memory Is Made,"The narrow, deep holes required for one type of flash memory are made twice as fast with the right recipe, which includes a plasma made from hydrogen fluoride.",Physical/Tech,https://www.sciencedaily.com/releases/2025/01/250129115351.htm
Advanced Brain Circuit-Mapping Technique Reveals New Anxiety Drug Target,"Investigators have identified in a preclinical model a specific brain circuit whose inhibition appears to reduce anxiety without side effects. Their work suggests a new target for treating anxiety disorders and related conditions and demonstrates a general strategy, based on a method called photopharmacology, for mapping drug effects on the brain.",Physical/Tech,https://www.sciencedaily.com/releases/2025/01/250128221325.htm
New Avenues in Quantum Research: Supramolecular Qubit Candidates Detected,"Researchers were able to demonstrate for the first time that non-covalent bonds between spin centers are also capable of producing quartet states through spin mixing. Supramolecular chemistry is thus a valuable tool for the research, development and scaling of new materials for quantum technologies.",Physical/Tech,https://www.sciencedaily.com/releases/2025/01/250128221043.htm
How Simple Prompts Can Make Partially Automated Cars Safer,"A new study finds that prompts do a good job of getting drivers to engage with their environment and take over control of the vehicle when necessary while using partially automated driving systems -- with one exception. If drivers are deeply distracted, these system-generated prompts have little or no effect.",Physical/Tech,https://www.sciencedaily.com/releases/2025/01/250128123840.htm
A New Experimental System to Bring Quantum Technologies Closer to Students,"The world of quantum physics is experiencing a second revolution, which will drive an exponential leap in the progress of computing, the internet, telecommunications, cybersecurity and biomedicine. Quantum technologies are attracting more and more students who want to learn about concepts from the subatomic world -- such as quantum entanglement or quantum superposition -- to explore the innovative potential of quantum science. In fact, understanding the non-intuitive nature of quantum technology concepts and recognizing their relevance to technological progress is one of the challenges of 2025, declared the International Year of Quantum Science and Technology by UNESCO.",Physical/Tech,https://www.sciencedaily.com/releases/2025/01/250127124201.htm
Inconsistencies in Hospital Toxicology Screening Protocols Following Serious Motor Vehicle Collisions,A new study has found that drug screening practices may be inconsistent with potential downstream effects in reporting to the RMV.,Physical/Tech,https://www.sciencedaily.com/releases/2025/01/250127124152.htm
Progress and Challenges in Brain Implants,"A scientific team looks at the progress and challenges in the research and development of brain implants. New achievements in the field of this technology are seen as a source of hope for many patients with neurological disorders and have been making headlines recently. As neural implants have an effect not only on a physical but also on a psychological level, researchers are calling for particular ethical and scientific care when conducting clinical trials.",Physical/Tech,https://www.sciencedaily.com/releases/2025/01/250124151126.htm
Make It Worth Weyl: Engineering the First Semimetallic Weyl Quantum Crystal,"Researchers have demonstrated an ideal Weyl semimetal, marking a breakthrough in a decade-old problem of quantum materials.",Physical/Tech,https://www.sciencedaily.com/releases/2025/01/250123224030.htm
"Tiny Chip, Big Breakthrough in Spectral Sensing for Everyday Devices",Engineers have invented a microscopic spectral sensor that can identify myriad materials with unprecedented accuracy.,Physical/Tech,https://www.sciencedaily.com/releases/2025/01/250123110248.htm
Designing Proteins With Their Immediate Environment in Mind,"Researchers have developed a computational method to explicitly consider the impact of water while designing membrane receptors with enhanced stability and signaling, paving the way for novel drug discovery and protein engineering.",Physical/Tech,https://www.sciencedaily.com/releases/2025/01/250123110243.htm
New Optical Memory Unit Poised to Improve Processing Speed and Efficiency,"Researchers have developed a new type of optical memory called a programmable photonic latch that is fast and scalable, enabling temporary data storage in optical processing systems and offering a high-speed solution for volatile memory using silicon photonics.",Physical/Tech,https://www.sciencedaily.com/releases/2025/01/250123110233.htm
Compact Comb Lights the Way for Next-Gen Photonics,"Researchers have created a new ultra-broadband electro-optic comb that packs 450 nm of light precision into a chip smaller than a coin, paving the way for smarter, more efficient photonic devices.",Physical/Tech,https://www.sciencedaily.com/releases/2025/01/250122125536.htm
New Paper Creates Roadmap for the Next Generation of Bioelectronic Medicine,A new paper led by Professor Imanuel Lerman of UC San Diego provides a review of the field of bioelectronic medicine and the most promising opportunities for life-changing new therapies and diagnostics.,Physical/Tech,https://www.sciencedaily.com/releases/2025/01/250121162336.htm
Harnessing Electromagnetic Waves and Quantum Materials to Improve Wireless Communication Technologies,"A team of researchers has developed innovative methods to enhance frequency conversion of terahertz (THz) waves in graphene-based structures, unlocking new potential for faster, more efficient technologies in wireless communication and signal processing.",Physical/Tech,https://www.sciencedaily.com/releases/2025/01/250121162331.htm
"Insect-Eye-Inspired Camera Capturing 9,120 Frames Per Second",A novel bio-inspired camera capable of ultra-high-speed imaging with high sensitivity was developed by mimicking the visual structure of insect eyes.,Physical/Tech,https://www.sciencedaily.com/releases/2025/01/250117112408.htm
AI Transforms Label-Free Photoacoustic Microscopy Into Confocal Microscopy,"In life sciences, confocal fluorescence microscopy (CFM) is widely regarded for producing high-resolution cellular images. However, it requires fluorescent staining, which poses risks of photobleaching and phototoxicity, potentially damaging the cells under study. Conversely, mid-infrared photoacoustic microscopy (MIR-PAM) allows for label-free imaging, preserving cell integrity. Yet, its reliance on longer wavelengths limits spatial resolution, making it difficult to visualize fine cellular structures with precision.",Physical/Tech,https://www.sciencedaily.com/releases/2025/01/250117112320.htm
Fine-Tuned Brain-Computer Interface Makes Prosthetic Limbs Feel More Real,Two new articles document progress in neuroprosthetic technology that lets people feel the shape and movement of objects moving over the &apos;skin&apos; of a bionic hand.,Physical/Tech,https://www.sciencedaily.com/releases/2025/01/250116161334.htm
"Robots Should Be Repurposed Rather Than Recycled to Combat Rising Scale of E-Waste, Scientists Warn","The robotics industry should be creating robots that could be reprogrammed and repurposed for other tasks once its life span is completed, researchers have advised.",Physical/Tech,https://www.sciencedaily.com/releases/2025/01/250116133814.htm
A Deep Learning Pipeline for Controlling Protein Interactions,"Scientists have used deep learning to design new proteins that bind to complexes involving other small molecules like hormones or drugs, opening up a world of possibilities in the computational design of molecular interactions for biomedicine.",Physical/Tech,https://www.sciencedaily.com/releases/2025/01/250116133809.htm
A New Optical Memory Platform for Super Fast Calculations,"For decades there has been near constant progress in reducing the size, and increasing the performance, of the circuits that power computers and smartphones. But Moore&apos;s Law is ending as physical limitations -- such as the number of transistors that can fit on a chip and the heat that results from packing them ever more densely -- are slowing the rate of performance increases. Computing capacity is gradually plateauing, even as artificial intelligence, machine learning and other data-intensive applications demand ever greater computational power.",Physical/Tech,https://www.sciencedaily.com/releases/2025/01/250115165330.htm
"Engineers Develop Breakthrough Method for Aluminum Surfaces, Enabling Advancements in Cooling, Self-Cleaning and Anti-Icing Technologies","An international team of engineers has developed an innovative, scalable method for creating topography-patterned aluminum surfaces, enhancing liquid transport properties critical for applications in electronics cooling, self-cleaning technologies and anti-icing systems.",Physical/Tech,https://www.sciencedaily.com/releases/2025/01/250115125219.htm
"Researchers Invent Soft, Bioelectronic Sensor Implant","Scientists describe their construction of complementary, internal, ion-gated, organic electrochemical transistors that are more amenable chemically, biologically and electronically to living tissues than rigid, silicon-based technologies. The medical device based on these transistors can function in sensitive parts of the body and conform to organ structures even as they grow. The result is a biocompatible sensor that can monitor brain functions in pediatric patients as they develop and grow.",Physical/Tech,https://www.sciencedaily.com/releases/2025/01/250114181717.htm
"Researchers Unlock New Insights Into Tellurene, Paving the Way for Next-Gen Electronics","Researchers have published a study describing how quasiparticles called polarons behave in tellurene, a nanomaterial first synthesized in 2017 that is made up of tiny chains of tellurium atoms and has properties useful in sensing, electronic, optical and energy devices.",Physical/Tech,https://www.sciencedaily.com/releases/2025/01/250114181707.htm
Diamond Continues to Shine: New Properties Discovered in Diamond Semiconductors,"Diamond, often celebrated for its unmatched hardness and transparency, has emerged as an exceptional material for high-power electronics and next-generation quantum optics. Diamond can be engineered to be as electrically conductive as a metal, by introducing impurities such as the element boron. Researchers have now discovered another interesting property in diamonds with added boron, known as boron-doped diamonds. Their findings could pave the way for new types of biomedical and quantum optical devices -- faster, more efficient, and capable of processing information in ways that classical technologies cannot.",Physical/Tech,https://www.sciencedaily.com/releases/2025/01/250114125242.htm
"Self-Stimulated Ejection of Freezing Droplets, Unlocking Cost-Effective Applications in De-Icing","Water droplets under freezing conditions do not spontaneously detach from surfaces as they do at room temperature due to stronger droplet-surface interaction and lack of an energy transformation pathway. Since accumulated droplets or ice have to be removed manually or with mechanical equipment, which is costly and inefficient, preventing droplet accretion on surfaces is both scientifically intriguing and practically important. Researchers have now invented a ground-breaking self-powered mechanism of freezing droplet ejection that allows droplets to shoot themselves away, paving the way for cost-efficient and promising technological applications.",Physical/Tech,https://www.sciencedaily.com/releases/2025/01/250114124751.htm
Engineering Quantum Entanglement at the Nanoscale,"Researchers have developed a drastically smaller and more energy efficient method of creating coveted photon pairs that influence each other from any distance. The technology could transform computing, telecommunications, and sensing.",Physical/Tech,https://www.sciencedaily.com/releases/2025/01/250113202832.htm
DNA Nanorobots Can Alter Artificial Cells,"Scientists have succeeded in controlling the structure and function of biological membranes with the help of &apos;DNA origami&apos;. The system they developed may facilitate the transportation of large therapeutic loads into cells. This opens up a new way for the targeted administration of medication and other therapeutic interventions. Thus, a very valuable instrument can be added to the toolbox of synthetic biology.",Physical/Tech,https://www.sciencedaily.com/releases/2025/01/250113134758.htm
Harnessing Microwave Flow Reaction to Convert Biomass Into Useful Sugars,"Researchers have developed a new process that uses microwave flow reaction and recyclable solid catalysts to efficiently hydrolyze polysaccharides into simple sugars. The developed device utilizes a continuous-flow hydrolysis process, where cellobiose is passed through a sulfonated carbon catalyst that is heated using microwaves, resulting in the efficient conversion of cellobiose to glucose.",Physical/Tech,https://www.sciencedaily.com/releases/2025/01/250110121750.htm
Revealing the 'True Colors' of a Single-Atom Layer of Metal Alloys,"Researchers have demonstrated that the direction of the spin-polarized current can be restricted to only one direction in a single-atom layer of a thallium-lead alloys when irradiated at room temperature. The discovery defies conventions: single-atom layers have been thought to be almost completely transparent, in other words, negligibly absorbing or interacting with light. The one-directional flow of the current observed in this study makes possible functionality beyond ordinary diodes, paving the way for more environmentally friendly data storage, ultra-fine two-dimensional spintronic devices, in the future.",Physical/Tech,https://www.sciencedaily.com/releases/2025/01/250110121748.htm
Breakthrough Study Reveals the Secrets Behind Cordierite's Anomalous Thermal Expansion,"Cordierite, the material behind heat-resistant pizza stones, has been shown to resist changes in size despite significant temperature fluctuations. The reasons for this have been largely unexplained until now. New findings have profound implications for the design and development of advanced materials.",Physical/Tech,https://www.sciencedaily.com/releases/2025/01/250110121744.htm
"Hidden Transport Pathways in Graphene Confirmed, Paving the Way for Next-Generation Device Innovation","Electron transport in bilayer graphene exhibits a pronounced dependence on edge states and a nonlocal transport mechanism, according to a recent study.",Physical/Tech,https://www.sciencedaily.com/releases/2025/01/250109223303.htm
A Smart Ring With a Tiny Camera Lets Users Point and Click to Control Home Devices,"Researchers have developed IRIS, a smart ring that allows users to point and click to control smart devices. The prototype Bluetooth ring contains a small camera which sends an image of the selected device to the user&apos;s phone. The user can control the device clicking a small button or -- for devices with gradient controls, such as a speaker&apos;s volume -- rotating the ring.",Physical/Tech,https://www.sciencedaily.com/releases/2025/01/250109130038.htm
Brain-Inspired Nanotech Points to a New Era in Electronics,"Imagine a future where your phone, computer or even a tiny wearable device can think and learn like the human brain -- processing information faster, smarter and using less energy. A breakthrough approach brings this vision closer to reality by electrically &apos;twisting&apos; a single nanoscale ferroelectric domain wall.",Physical/Tech,https://www.sciencedaily.com/releases/2025/01/250109130028.htm
Novel Graphene Ribbons Poised to Advance Quantum Technologies,"Researchers have recently achieved a significant breakthrough in the development of next-generation carbon-based quantum materials, opening new horizons for advancements in quantum electronics. The innovation involves a novel type of graphene nanoribbon (GNR), named Janus GNR (JGNR). The material has a unique zigzag edge, with a special ferromagnetic edge state located on one of the edges. This unique design enables the realization of one-dimensional ferromagnetic spin chain, which could have important applications in quantum electronics and quantum computing.",Physical/Tech,https://www.sciencedaily.com/releases/2025/01/250109125912.htm
Electrohydraulic Wearable Devices Create Unprecedented Haptic Sensations,"Scientists have invented compact wearable devices that deliver rich, expressive, and pleasant tactile sensations that go far beyond the buzzing vibrations of today&apos;s consumer devices.",Physical/Tech,https://www.sciencedaily.com/releases/2025/01/250108144220.htm
Low-Cost System Will Improve Communications Among Industrial Machines,"Researchers have found a low-power, inexpensive way for large numbers of devices, such as machines in factories and equipment in labs, to share information by efficiently using signals at untapped high frequencies. The technology is an advanced version of a device that transmits data in a wireless system, commonly known as a tag.",Physical/Tech,https://www.sciencedaily.com/releases/2025/01/250108144023.htm
Overcoming Spasticity to Help Paraplegics Walk Again,"Thanks to new high-frequency electrical stimulation that blocks spasticity, two paralyzed patients suffering from muscle stiffness after spinal cord injury benefit from rehabilitation protocols for walking again.",Physical/Tech,https://www.sciencedaily.com/releases/2025/01/250108143350.htm
Smart Food Drying Techniques With AI Enhance Product Quality and Efficiency,"Food drying is a common process for preserving many types of food, including fruits and meat; however, drying can alter the food&apos;s quality and nutritional value. In recent years, researchers have developed precision techniques that use optical sensors and AI to facilitate more efficient drying. A new study discusses three emerging smart drying techniques, providing practical information for the food industry.",Physical/Tech,https://www.sciencedaily.com/releases/2025/01/250107161828.htm
Smarter Memory: Next-Generation RAM With Reduced Energy Consumption,"Researchers have developed a technology for voltage-controlled magnetization switching, which has the potential to be implemented in next-generation computational memory. This advanced technology enables low-energy data writing operations with non-volatility, making it scalable for future applications that require stable and reliable memory.",Physical/Tech,https://www.sciencedaily.com/releases/2025/01/250107114539.htm
Revolutionizing Data Centers: Breakthrough in Photonic Switching,"Engineers created a smaller, faster and more efficient photonic switch, which leverages principles from quantum mechanics and could accelerate everything from streaming to training AI by supercharging data centers.",Physical/Tech,https://www.sciencedaily.com/releases/2025/01/250107114302.htm
Developing Printable Droplet Laser Displays,"Researchers have developed an innovative method for rapidly creating laser light sources in large quantities using an inkjet printer that ejects laser-emitting droplets. By applying an electric field to these droplets, the researchers demonstrated that switching the emission of light on and off is possible. Furthermore, they successfully created a compact laser display by arranging these droplets on a circuit board.",Physical/Tech,https://www.sciencedaily.com/releases/2025/01/250107114545.htm
Scientists Develop Technology to Control Cyborg Insect Swarms,"Scientists have developed an advanced swarm navigation algorithm for cyborg insects that prevents them from becoming stuck while navigating challenging terrain. The new algorithm represents a significant advance in swarm robotics. It could pave the way for applications in disaster relief, search-and-rescue missions, and infrastructure inspection. Cyborg insects are real insects equipped with tiny electronic devices on their backs -- consisting of various sensors like optical and infrared cameras, a battery, and an antenna for communication -- that allow their movements to be remotely controlled for specific tasks.",Physical/Tech,https://www.sciencedaily.com/releases/2025/01/250106133235.htm
Breakthrough for 'Smart Cell' Design,Bioengineers have developed a new construction kit for building custom sense-and-respond circuits in human cells. The research could revolutionize therapies for complex conditions like autoimmune disease and cancer.,Physical/Tech,https://www.sciencedaily.com/releases/2025/01/250103124934.htm
Detecting Disease With Only a Single Molecule,"Scientists have developed a nanopore-based tool that could help diagnose illnesses much faster and with greater precision than current tests allow, by capturing signals from individual molecules.",Physical/Tech,https://www.sciencedaily.com/releases/2025/01/250102162248.htm
A Tour De Force: Engineers Discover New 'All-Optical' Nanoscale Sensors of Force,Researchers report that they have invented new nanoscale sensors of force. They are luminescent nanocrystals that can change intensity and/or color when you push or pull on them. These &apos;all-optical&apos; nanosensors are probed with light only and therefore allow for fully remote read-outs -- no wires or connections are needed.,Physical/Tech,https://www.sciencedaily.com/releases/2025/01/250101132015.htm
Solar-Powered Charging: Self-Charging Supercapacitors Developed,A research team achieves 63% energy storage efficiency and 5.17% overall efficiency by combining a supercapacitor with a solar cell.,Physical/Tech,https://www.sciencedaily.com/releases/2024/12/241230131926.htm
Engineering Researchers Develop Deep-UV microLED Display Chips for Maskless Photolithography,"In a breakthrough set to revolutionize the semiconductor industry, engineers have developed the world&apos;s first-of-its-kind deep-ultraviolet (UVC) microLED display array for lithography machines. This enhanced efficiency UVC microLED has showcased the viability of a lowered cost maskless photolithography through the provision of adequate light output power density, enabling exposure of photoresist films in a shorter time.",Physical/Tech,https://www.sciencedaily.com/releases/2024/12/241230131942.htm
Unveil the Secret of Stretchable Technology Through Color,A research team accelerates stretchable technology commercialization with world&apos;s first visualization of serpentine structures.,Physical/Tech,https://www.sciencedaily.com/releases/2024/12/241225145531.htm
"Tiny, Wireless Antennas Use Light to Monitor Cellular Communication","Researchers developed a biosensing technique that eliminates the need for wires. Instead, tiny, wireless antennas use light to detect minute electrical signals in the solution around them.",Physical/Tech,https://www.sciencedaily.com/releases/2024/12/241220153339.htm
Programming Cells: Revolutionizing Genetic Circuits With Cutting-Edge RNA Tools,Researchers have developed a new technology that improves the precision and integration density of synthetic genetic circuits.,Physical/Tech,https://www.sciencedaily.com/releases/2024/12/241220133203.htm
Generate Electricity by Attaching Device to Your Clothes,A research team has developed a highly efficient wearable energy harvester that can power electronic devices using only body movements.,Physical/Tech,https://www.sciencedaily.com/releases/2024/12/241216130147.htm
Engineering Researchers Develop Revolutionary Diamond Fabrication Technology,A research team has developed a groundbreaking method for massively producing ultrathin and ultra-flexible diamond membranes.,Physical/Tech,https://www.sciencedaily.com/releases/2024/12/241219152915.htm
Effect of Somatosensory Electrical Stimulation on Hand Choice,"Hand choice, an unconscious decision, is influenced by target-related information, but if these are non-informative, the choice will be approximately 50-50. In this equilibrium situation, non-target information may also aid in decision-making, but no research has demonstrated this. Now, researchers have investigated the effect of somatosensory stimulation on motor decisions in healthy participants. The results revealed that wrist stimulation significantly increased the likelihood of choosing the stimulated hand, highlighting its application in stroke rehabilitation.",Physical/Tech,https://www.sciencedaily.com/releases/2024/12/241219152414.htm
Researchers Discover Simple Fix to Eliminate Energy Loss in Fusion Plasma Heating,"Researchers at Princeton Plasma Physics Laboratory found a way to make plasma heating more efficient for fusion. By slightly angling a Faraday screen near the plasma antenna, they stopped unwanted “slow modes” that waste energy. The computer simulations showed that even a small five-degree tilt can make a big difference, dramatically boosting heating efficiency. This insight could help future fusion reactors generate more power with less waste.",Physical/Tech,https://www.sciencedaily.com/releases/2024/12/241219151730.htm
New Virtual Reality-Tested System Shows Promise in Aiding Navigation of People With Blindness or Low Vision,"A new study offers hope for people who are blind or have low vision (pBLV) through an innovative navigation system that was tested using virtual reality. The system, which combines vibrational and sound feedback, aims to help users navigate complex real-world environments more safely and effectively.",Physical/Tech,https://www.sciencedaily.com/releases/2024/12/241217201536.htm
Significant Advancement Made in Engineering Biology and Clean Energy,Engineers have reported a significant advancement in engineering biology and clean energy. A team of researchers has developed an innovative light-driven hybrid nanoreactor that merges natural efficiency with cutting-edge synthetic precision to produce hydrogen -- a clean and sustainable energy source.,Physical/Tech,https://www.sciencedaily.com/releases/2024/12/241217131339.htm
Physics: Current Generated by the Quantum Hall Effect Has Additional Magnetic Properties,"The quantum Hall effect, a fundamental effect in quantum mechanics, not only generates an electric but also a magnetic current. It arises from the motion of electrons on an orbit around the nuclei of atoms. These results can potentially be used to develop new types of inexpensive and energy-efficient devices.",Physical/Tech,https://www.sciencedaily.com/releases/2024/12/241217131235.htm
New Discovery by Scientists Redefines Magnetism,"Step into a world so tiny, it defies imagination -- the nanoscale. Picture a single strand of hair, now shrink it a million times. You&apos;ve arrived. Here, atoms and molecules are the architects of reality, building properties and phenomena that challenge everything we thought we knew -- until now. Researchers have now unlocked a stunning discovery on this invisible frontier: a brand-new type of quasiparticle in all magnetic materials, no matter their strength or temperature. This groundbreaking find flips the script on magnetism, revealing it to be more dynamic than scientists once believed.",Physical/Tech,https://www.sciencedaily.com/releases/2024/12/241217131006.htm
Towards Quantitative Point-of-Care Testing With Novel Bioluminescent Immunosensor,"A novel nanobody-based immunosensor, designed to function stably in undiluted biological fluids and harsh conditions, has been developed. Their innovative design leverages BRET -- bioluminescence resonance energy transfer -- and exhibits great potential for point-of-care testing, therapeutic drug monitoring, and environmental applications using paper-based devices.",Physical/Tech,https://www.sciencedaily.com/releases/2024/12/241216214645.htm
Microchips Capable of Detecting and Diagnosing Diseases,Researchers have developed microchips using field-effect transistors that can detect multiple diseases from a single air sample with high sensitivity. The technology enables rapid testing and could lead to portable diagnostic devices for home and medical use.,Physical/Tech,https://www.sciencedaily.com/releases/2024/12/241216184736.htm
Highly Sensitive Transparent Ultrasound Transducer for Photoacoustic and Ultrasound Endoscopy in Live Pigs,Scientists develop a high-performance photoacoustic endoscopy featuring a transparent ultrasound transducer.,Physical/Tech,https://www.sciencedaily.com/releases/2024/12/241216130140.htm
Physics and Emote Design: Quantifying Clarity in Digital Images,"When analyzing artworks, understanding the visual clarity of compositions is crucial. Inspired by digital artists, researchers have created a metric to quantify clarity in digital images. As a result, scientists can accurately capture changes in structure during artistic processes and physical transformations. This new metric can improve analysis and decision-making across the scientific and creative domains, potentially transforming how we understand and evaluate the structure of images. It has been tested on digital artworks and physical systems.",Physical/Tech,https://www.sciencedaily.com/releases/2024/12/241216130042.htm
"New Device Produces Critical Fertilizer Ingredient from Thin Air, Cutting Carbon Emissions",A new prototype device demonstrates an innovative approach to producing ammonia -- a key component of fertilizer -- that could transform an industry responsible for about one-third of global greenhouse gas emissions.,Physical/Tech,https://www.sciencedaily.com/releases/2024/12/241213140619.htm
AI-Powered Blood Test First to Spot Earliest Sign of Breast Cancer,"A new screening method that combines laser analysis with a type of AI is the first of its kind to identify patients in the earliest stage of breast cancer, a study suggests.",Physical/Tech,https://www.sciencedaily.com/releases/2024/12/241213125211.htm
Bringing the Power of Tabletop Precision Lasers for Quantum Science to the Chip Scale,"For experiments that require ultra-precise measurements and control over atoms -- think two-photon atomic clocks, cold-atom interferometer sensors and quantum gates -- lasers are the technology of choice, the more spectrally pure (emitting a single color/frequency), the better. Conventional lab-scale laser technology currently achieves this ultra low-noise, stable light via bulky, costly tabletop systems designed to generate, harness and emit photons within a narrow spectral range.",Physical/Tech,https://www.sciencedaily.com/releases/2024/12/241212190251.htm
Breakthrough Brings Body-Heat Powered Wearable Devices Closer to Reality,"A research team has developed an ultra-thin, flexible film that could power next-generation wearable devices using body heat, eliminating the need for batteries.",Physical/Tech,https://www.sciencedaily.com/releases/2024/12/241212145818.htm
"Researchers 3D Print Compact, Low-Cost Vortex Beam Generators","Researchers have developed a 3D-printed device that generates twisting light beams with orbital angular momentum (OAM), a form of rotational energy that can carry more data than regular beams.",Physical/Tech,https://www.sciencedaily.com/releases/2024/12/241212115844.htm
Researchers Develop New Methods to Generate and Improve Magnetism of 2D Materials,Researchers have unlocked a new method for producing one class of 2D material and for supercharging its magnetic properties.,Physical/Tech,https://www.sciencedaily.com/releases/2024/12/241212115831.htm
Unlocking Next-Gen Chip Efficiency: Confirming Thermal Insights for Tiny Circuits,"A team of researchers unlock heat flow principles in ultra-thin metals, paving the way for faster, smaller, more efficient computer chips.",Physical/Tech,https://www.sciencedaily.com/releases/2024/12/241212120242.htm
Noninvasive Imaging Method Can Penetrate Deeper Into Living Tissue,"Researchers developed a non-invasive imaging technique that enables laser light to penetrate deeper into living tissue, capturing sharper images of cells. This could help clinical biologists study disease progression and develop new medicines.",Physical/Tech,https://www.sciencedaily.com/releases/2024/12/241211143600.htm
"Fast, Rewritable Computing With DNA Origami Registers","DNA stores the instructions for life and, along with enzymes and other molecules, computes everything from hair color to risk of developing diseases. Harnessing that prowess and immense storage capacity could lead to DNA-based computers that are faster and smaller than today&apos;s silicon-based versions. As a step toward that goal, researchers report a fast, sequential DNA computing method that is also rewritable -- just like current computers.",Physical/Tech,https://www.sciencedaily.com/releases/2024/12/241211124724.htm
Uncovering the Pigments and Techniques Used to Paint the Berlin Wall,"Street art takes many forms, and the vibrant murals on the Berlin Wall both before and after its fall are expressions of people&apos;s opinions. But there was often secrecy around the processes for creating the paintings, which makes them hard to preserve. Now, researchers have uncovered information about this historic site from paint chips by combining a handheld detector and artificial intelligence (AI) data analysis.",Physical/Tech,https://www.sciencedaily.com/releases/2024/12/241211124722.htm
Rethinking the Quantum Chip,"Researchers have realized a new design for a superconducting quantum processor, aiming at a potential architecture for the large-scale, durable devices the quantum revolution demands. Unlike the typical quantum chip design that lays the information-processing qubits onto a 2-D grid, the team has designed a modular quantum processor comprising a reconfigurable router as a central hub. This enables any two qubits to connect and entangle, where in the older system, qubits can only talk to the qubits physically nearest to them.",Physical/Tech,https://www.sciencedaily.com/releases/2024/12/241210142029.htm
Breakthrough in the Precision Engineering of Four-Stranded Beta-Sheets,"A newly developed approach can precisely produce four-stranded beta-sheets through metal-peptide coordination, report researchers. Their innovative methodology overcomes long-standing challenges in controlled -sheet formation, including fibril aggregation and uncontrolled isomeric variation in the final product. This breakthrough could advance the study and application of -sheets in biotechnology and nanotechnology.",Physical/Tech,https://www.sciencedaily.com/releases/2024/12/241210115755.htm
Advancing the Synthesis of Two-Dimensional Gold Monolayers,"Nanostructured two-dimensional gold monolayers offer possibilities in catalysis, electronics, and nanotechnology.",Physical/Tech,https://www.sciencedaily.com/releases/2024/12/241210115602.htm
Shape-Changing Device Helps Visually Impaired People Perform Location Task as Well as Sighted People,"A groundbreaking piece of navigation technology that uses the ability to sense information through touch can help people with visual impairment perform a location task as well as sighted people, according to new research.",Physical/Tech,https://www.sciencedaily.com/releases/2024/12/241210115433.htm
Scientists Develop Cost-Effective Lasers for Extended SWIR Applications,"A ground-breaking study showcases a significant advancement in laser technology, promising more affordable and scalable solutions for applications ranging from environmental monitoring to biomedical imaging. Researchers have developed the first colloidal quantum dot (CQD)-based laser capable of operating across the entire extended short-wave infrared (SWIR) spectrum.",Physical/Tech,https://www.sciencedaily.com/releases/2024/12/241210115414.htm
Scientists Developed a Nanolaser: Silver Nanocubes Enable Light Generation,"Scientists have developed a unique nanolaser. Although the dimensions of this laser are so small that its structure can only be seen through a powerful microscope, its potential is vast. With applications in early medical diagnostics, data communication, and security technologies, this invention could also become a key tool for the study of light and matter interactions.",Physical/Tech,https://www.sciencedaily.com/releases/2024/12/241210114946.htm
New AI Cracks Complex Engineering Problems Faster Than Supercomputers,"Modeling how cars deform in a crash, how spacecraft responds to extreme environments, or how bridges resist stress could be made thousands of times faster thanks to new artificial intelligence that enables personal computers to solve massive math problems that generally require supercomputers.",Physical/Tech,https://www.sciencedaily.com/releases/2024/12/241209122936.htm
The Last Missing Piece of Silicon Photonics,"Scientists have developed the first electrically pumped continuous-wave semiconductor laser composed exclusively of elements from the fourth group of the periodic table -- the &apos;silicon group&apos;. Built from stacked ultrathin layers of silicon germanium-tin and germanium-tin, this new laser is the first of its kind directly grown on a silicon wafer, opening up new possibilities for on-chip integrated photonics.",Physical/Tech,https://www.sciencedaily.com/releases/2024/12/241209122746.htm
Battery-Like Computer Memory Keeps Working Above 1000°F,"Computer memory could one day withstand the blazing temperatures in fusion reactors, jet engines, geothermal wells and sweltering planets using a new solid-state memory device developed by a team of engineers.",Physical/Tech,https://www.sciencedaily.com/releases/2024/12/241209122606.htm
Faster Organic Phosphorescence for Better Display Tech,"Screens for TVs, smartphones or other displays could be made with a new kind of organic LED material. The material maintains sharp color and contrast while replacing the heavy metal with a new hybrid material.",Physical/Tech,https://www.sciencedaily.com/releases/2024/12/241209122601.htm
Observation of New Electric Field Signals Strong Potential for Assorted Devices,"A new vortex electric field with the potential to enhance future electronic, magnetic and optical devices has been observed by researchers.",Physical/Tech,https://www.sciencedaily.com/releases/2024/12/241208200143.htm
New Shape-Changing Polymer Developed,A team of scientists has created a new shape-changing polymer that could transform how future soft materials are constructed.,Physical/Tech,https://www.sciencedaily.com/releases/2024/12/241206161924.htm
"Researchers Innovate Scalable Robotic Fibers With Light-Emitting, Self-Healing and Magnetic Properties","A team of interdisciplinary scientists has developed flexible fibers with self-healing, light-emitting and magnetic properties. The Scalable Hydrogel-clad Ionotronic Nickel-core Electroluminescent (SHINE) fiber is bendable, emits highly visible light, and can automatically repair itself after being cut, regaining nearly 100 per cent of its original brightness. In addition, the fiber can be powered wirelessly and manipulated physically using magnetic forces.",Physical/Tech,https://www.sciencedaily.com/releases/2024/12/241206112224.htm
Shaking Sensor Continuously Monitors Inflammation,"First-of-its-kind sensor monitors fluctuating proteins within the body in real time. In an animal study, device accurately tracked biomarkers of inflammation. Device also could track protein markers for other illnesses, including heart failure.",Physical/Tech,https://www.sciencedaily.com/releases/2024/12/241205184449.htm
AI Helps Researchers Dig Through Old Maps to Find Lost Oil and Gas Wells,"Undocumented orphaned wells pose hazards to both the environment and the climate. Scientists are building modern tools to help locate, assess, and pave the way for ultimately plugging these forgotten relics.",Physical/Tech,https://www.sciencedaily.com/releases/2024/12/241204114023.htm
New Bioprinting Technique Creates Functional Tissue 10x Faster,"Researchers have developed a novel bioprinting technique that uses spheroids, which are clusters of cells, to create complex tissue. This new technique improves the precision and scalability of tissue fabrication, producing tissue 10-times faster than existing methods.",Physical/Tech,https://www.sciencedaily.com/releases/2024/12/241203154123.htm
Researchers Demonstrate Self-Assembling Electronics,"Researchers have demonstrated a new technique for self-assembling electronic devices. The proof-of-concept work was used to create diodes and transistors, and paves the way for self-assembling more complex electronic devices without relying on existing computer chip manufacturing techniques.",Physical/Tech,https://www.sciencedaily.com/releases/2024/12/241202123718.htm
"Temporary Tattoo Printed Directly on the Scalp Offers Easy, Hair-Friendly Solution for Measuring Brainwaves",Scientists have invented a liquid ink that doctors can print onto a patient&apos;s scalp to measure brain activity. The technology offers a promising alternative to the cumbersome process currently used for monitoring brainwaves and diagnosing neurological conditions. It also has the potential to enhance non-invasive brain-computer interface applications.,Physical/Tech,https://www.sciencedaily.com/releases/2024/12/241202123531.htm
Photonic Processor Could Enable Ultrafast AI Computations With Extreme Energy Efficiency,"Researchers developed a fully integrated photonic processor that can perform all the key computations of a deep neural network on a photonic chip, using light. This advance could improve the speed and energy-efficiency of running intensive deep learning models for demanding applications like lidar, astronomical research, and navigation.",Physical/Tech,https://www.sciencedaily.com/releases/2024/12/241202123322.htm
New Laser Technique Achieves Atomic-Scale Precision on Diamond Surfaces,Research is paving the way for advanced diamond-based technologies in electronics and quantum computing.,Physical/Tech,https://www.sciencedaily.com/releases/2024/12/241202124509.htm
Bendable Electronic Parts Heat Up by Themselves Like 'Heat Pack' and Lower the Manufacturing Temperature Barrier,A research team has developed liquid-processed thin-film transistors that can maintain high performance at low temperatures -- They are expected to be used in the next generation of high-performance flexible electronics and wearable devices as they can operate on plastic substrates and maintain stable performance under repeated mechanical bending.,Physical/Tech,https://www.sciencedaily.com/releases/2024/12/241202124236.htm
Innovative Nanostructures Pave the Way for Advanced Robotics -- And Mini Dinosaurs,Using &apos;DNA origami&apos; scientists have built innovative nanostructures that pave the way for advanced robotics that can deliver targeted drugs -- plus they made a tiny map of Australia and mini dinosaurs.,Physical/Tech,https://www.sciencedaily.com/releases/2024/11/241127165726.htm
"In Major Materials Breakthrough, Team Solves a Nearly 200-Year-Old Challenge in Polymers",Researchers&apos; new polymer strategy shifts a centuries-old engineering paradigm with a molecular design that doesn&apos;t sacrifice stretchability for stiffness.,Physical/Tech,https://www.sciencedaily.com/releases/2024/11/241127165734.htm
Nanorobot Hand Made of DNA Grabs Viruses for Diagnostics and Blocks Cell Entry,"A tiny, four-fingered &apos;hand&apos; folded from a single piece of DNA can pick up the virus that causes COVID-19 for highly sensitive rapid detection and can even block viral particles from entering cells to infect them, researchers report. Dubbed the NanoGripper, the nanorobotic hand also could be programmed to interact with other viruses or to recognize cell surface markers for targeted drug delivery, such as for cancer treatment.",Physical/Tech,https://www.sciencedaily.com/releases/2024/11/241127165721.htm
New Imaging Platform Revolutionizes 3D Visualization of Cellular Structures,"A team of researchers has developed an innovative imaging platform that promises to improve our understanding of cellular structures at the nanoscale. This platform, called soTILT3D for single-objective tilted light sheet with 3D point spread functions (PSFs), offers significant advancements in super-resolution microscopy, enabling fast and precise 3D imaging of multiple cellular structures while the extracellular environment can be controlled and flexibly adjusted.",Physical/Tech,https://www.sciencedaily.com/releases/2024/11/241126191730.htm
"Improved Catalyst Turns Harmful Greenhouse Gases Into Cleaner Fuels, Chemical Feedstocks","A chemical reaction can convert two polluting greenhouse gases into valuable building blocks for cleaner fuels and feedstocks, but the high temperature required for the reaction also deactivates the catalyst. A team has found a way to thwart deactivation. The strategy may apply broadly to other catalysts.",Physical/Tech,https://www.sciencedaily.com/releases/2024/11/241126134821.htm
Brighter and More Efficient LEDs That Don't Droop,"LEDs with low polarization in a direction similar to standard LEDs show greater efficiency at higher power by resisting &apos;efficiency droop&apos;, a new study shows. The findings open the door to a new generation of efficient, high-powered LED lighting which exceeds the capabilities of existing systems.",Physical/Tech,https://www.sciencedaily.com/releases/2024/11/241125125828.htm
Researchers Use Fitness Tracker Data and Machine Learning to Detect Bipolar Disorder Mood Swings,Investigators evaluated whether data collected from a fitness tracker could be used to accurately detect mood episodes in people with bipolar disorder.,Physical/Tech,https://www.sciencedaily.com/releases/2024/11/241125124941.htm
Reality Check: Making Indoor Smartphone-Based Augmented Reality Work,"To understand the practical challenges of indoor augmented reality applications on smartphones, researchers conducted 113 hours of extensive experiments and case studies over 316 patterns to determine the factors that degrade localization accuracy in real-world indoor environments. Landmarks for vision systems, LiDAR, and the IMU were evaluated. To solve the identified problems, the researchers suggest radio-frequency-based localization as a potential solution for practical augmented reality applications.",Physical/Tech,https://www.sciencedaily.com/releases/2024/11/241123152654.htm
New Method for Designing Artificial Proteins,"Protein design aims to create customized antibodies for therapies, biosensors for diagnostics, or enzymes for chemical reactions. An international research team has now developed a method for designing large new proteins better than before and producing them with the desired properties in the laboratory. Their approach involves a new way of using the capabilities of the AI-based software Alphafold2, for which the Nobel Prize in Chemistry was awarded in 2024.",Physical/Tech,https://www.sciencedaily.com/releases/2024/11/241121115640.htm
"Recycled Pacemakers Function as Well as New Devices, International Study Suggests","Recycled pacemakers can function as well as new devices, according to a new study. These used and reconditioned devices have the potential to increase access to pacemaker therapy in low- and middle-income countries, where many patients cannot afford the treatment.",Physical/Tech,https://www.sciencedaily.com/releases/2024/11/241120122650.htm
Physicists Develop New Method to Visualize Magnetic Nanostructures With High Resolution,"A new method enables researchers to analyse magnetic nanostructures with a high resolution. The new method achieves a resolution of around 70 nanometers, whereas normal light microscopes have a resolution of just 500 nanometers. This result is important for the development of new, energy-efficient storage technologies based on spin electronics.",Physical/Tech,https://www.sciencedaily.com/releases/2024/11/241120122319.htm
"Researchers Develop Clinically Validated, Wearable Ultrasound Patch for Continuous Blood Pressure Monitoring","A re-engineered wearable ultrasound patch for continuous and noninvasive blood pressure monitoring has undergone comprehensive clinical validation on over 100 patients, marking a major milestone in wearable technology research. The soft, stretchy patch provides precise, real-time readings of blood pressure deep within the body. It could offer a simpler and more reliable alternative to current clinical methods.",Physical/Tech,https://www.sciencedaily.com/releases/2024/11/241120122153.htm
New Method of Generating Eco-Friendly Energy,Researchers have developed a new method of growing organic crystals that can be used for energy-harvesting applications.,Physical/Tech,https://www.sciencedaily.com/releases/2024/11/241119132836.htm
Detecting Cancer in Urine: Nanowire-Based Capture of Micro-Ribonucleic Acids,The detection of cancer-associated micro-ribonucleic acids (miRNAs) in urine through a combination of nanowire-based miRNA extraction and machine learning (ML) analysis can fuel the development of early-stage cancer diagnostic tools.,Physical/Tech,https://www.sciencedaily.com/releases/2024/11/241114125603.htm
Leaner Large Language Models Could Enable Efficient Local Use on Phones and Laptops,"Researchers have introduced a technique for compressing a large language model&apos;s reams of data, which could increase privacy, save energy and lower costs. The new algorithm works by trimming redundancies and reducing the precision of an LLM&apos;s layers of information. This type of leaner LLM could be stored and accessed locally on a device like a phone or laptop and could provide performance nearly as accurate and nuanced as an uncompressed version.",Physical/Tech,https://www.sciencedaily.com/releases/2024/11/241118170859.htm
Deciphering the Anomalous Properties of Water,"Water, a molecule essential for life, has unusual properties -- known as anomalies -- that define its behavior. However, there are still many enigmas about the molecular mechanisms that would explain the anomalies that make the water molecule unique. Deciphering and reproducing this particular behavior of water in different temperature ranges is still a major challenge for the scientific community. Now, a study presents a new theoretical model capable of overcoming the limitations of previous methodologies to understand how water behaves in extreme conditions.",Physical/Tech,https://www.sciencedaily.com/releases/2024/11/241114161415.htm
"AI Headphones Create a 'Sound Bubble,' Quieting All Sounds More Than a Few Feet Away","Researchers have created a headphone prototype that allows listeners to hear people speaking within a bubble with a programmable radius of 3 to 6 feet. Voices and sounds outside the bubble are quieted an average of 49 decibels, even if they&apos;re louder than those in the bubble.",Physical/Tech,https://www.sciencedaily.com/releases/2024/11/241114161302.htm
How 'Clean' Does a Quantum Computing Test Facility Need to Be?,How to keep stray radiation from &apos;shorting&apos; superconducting qubits; a pair of studies shows where ionizing radiation is lurking and how to banish it.,Physical/Tech,https://www.sciencedaily.com/releases/2024/11/241113123408.htm
Robot Identifies Plants by 'Touching' Their Leaves,Researchers have developed a robot that identifies different plant species at various stages of growth by &apos;touching&apos; their leaves with an electrode. The robot can measure properties such as surface texture and water content that cannot be determined using existing visual approaches. The robot identified ten different plant species with an average accuracy of 97.7% and identified leaves of the flowering bauhinia plant with 100% accuracy at various growth stages.,Physical/Tech,https://www.sciencedaily.com/releases/2024/11/241113123308.htm
Giving Robots Superhuman Vision Using Radio Signals,"Researchers have developed PanoRadar, a new tool to give robots superhuman vision by transforming simple radio waves into detailed, 3D views of the environment.",Physical/Tech,https://www.sciencedaily.com/releases/2024/11/241112123749.htm
Blood Vessel-Like Coating Could Make Medical Devices Safer for Patients,"Researchers have developed a groundbreaking coating that could make medical devices safer for millions of patients, reducing the risks associated with blood clots and dangerous bleeding. The new material is designed to mimic the natural behavior of blood vessels so that catheters, stents, blood-oxygenation machines and dialysis machines won&apos;t trigger clotting by activating certain proteins in the blood.",Physical/Tech,https://www.sciencedaily.com/releases/2024/11/241112123428.htm
Researchers Develop Nanofiber Patch for Treatment of Psoriasis,Researchers have developed a patch for easier and more effective treatment of psoriasis. The method may also be used in treatment of other inflammatory skin diseases.,Physical/Tech,https://www.sciencedaily.com/releases/2024/11/241112123220.htm
"Discovery Taps 'Hot Carriers' for on-Demand, Emissions-Free Hydrogen and Catalyst Regeneration",Researchers have developed a new photocatalyst that could render steam methane reforming entirely emissions-free and extend catalyst lifetimes.,Physical/Tech,https://www.sciencedaily.com/releases/2024/11/241111122838.htm
New Material to Make Next Generation of Electronics Faster and More Efficient,"Researchers have created a new material that will be pivotal in making the next generation of high-power electronics faster, transparent and more efficient.",Physical/Tech,https://www.sciencedaily.com/releases/2024/11/241108113453.htm
Robot Learns How to Clean a Washbasin,"Scientists have created a robot that can learn tasks like cleaning a washbasin just by watching humans. A special sponge with sensors is used to show the robot how to clean. Using an advanced machine learning system, the robot learns how it is supposed to behave and can apply this knowledge to cleaning different washbasins.",Physical/Tech,https://www.sciencedaily.com/releases/2024/11/241107193009.htm
New PFAS Testing Method Created,"Researchers have discovered a new way to detect per- and polyfluoroalkyl substances (PFAS) in water. This marks an important step forward in creating testing devices that are simpler, more cost-effective, faster and generally more accessible than existing methods.",Physical/Tech,https://www.sciencedaily.com/releases/2024/11/241106142605.htm
AI-Driven Mobile Robots Team Up to Tackle Chemical Synthesis,"Researchers have developed AI-driven mobile robots that can carry out chemical synthesis research with extraordinary efficiency. Researchers show how mobile robots that use AI logic to make decisions were able to perform exploratory chemistry research tasks to the same level as humans, but much faster.",Physical/Tech,https://www.sciencedaily.com/releases/2024/11/241106132220.htm
New Haptic Patch Transmits Complexity of Touch to the Skin,"Thin, flexible device could help people with visual impairments &apos;feel&apos; surroundings. Device comprises a hexagonal array of 19 actuators encapsulated in soft silicone. Device only uses energy when actuators change position, operating for longer periods of time on a single battery charge.",Physical/Tech,https://www.sciencedaily.com/releases/2024/11/241106132217.htm
Breakthrough in Energy-Efficient Avalanche-Based Amorphization Could Revolutionize Data Storage,Researchers have developed a new method for disrupting the crystal structure of a semiconductor that requires as little as one billion times less power density. This advancement could unlock wider applications for phase-change memory (PCM) -- a promising memory technology that could transform data storage in devices from cell phones to computers.,Physical/Tech,https://www.sciencedaily.com/releases/2024/11/241106132133.htm
The Secrets of Baseball's Magic Mud,"The unique properties of baseball&apos;s famed &apos;magic&apos; mud, which MLB equipment managers applied to every ball in the World Series, have never been scientifically quantified -- until now. Researchers now reveal what makes the magic mud so special.",Physical/Tech,https://www.sciencedaily.com/releases/2024/11/241104150622.htm
Nanoscale Transistors Could Enable More Efficient Electronics,"Nanoscale 3D transistors made from ultrathin semiconductor materials can operate more efficiently than silicon-based devices, leveraging quantum mechanical properties to potentially enable ultra-low-power AI applications.",Physical/Tech,https://www.sciencedaily.com/releases/2024/11/241104112321.htm
New Methods for Whale Tracking and Rendezvous Using Autonomous Robots,"Today, a research team has proposed a new reinforcement learning framework with autonomous drones to find sperm whales and predict where they will surface.",Physical/Tech,https://www.sciencedaily.com/releases/2024/10/241031151718.htm
Immune System Review Provides Insight Into More Effective Biotechnology,"As critical responders, macrophages can perceive helpful biotechnology as threats. If not created with the right materials or mechanical forces, these devices can trigger an immune response that can cause inflammation, scar tissue or device failure.",Physical/Tech,https://www.sciencedaily.com/releases/2024/10/241031151709.htm
A Novel Neural Network for Preserving Cultural Heritage Via 3D Image Reconstruction,"Relief-type cultural heritage objects are commonly found in many historical sites worldwide, but often suffer from varying levels of damage and deterioration. Traditional methods for image reconstruction require extensive manual labor and specialized knowledge. Now, researchers have developed a novel neural network model that can reconstruct these reliefs as three-dimensional digital images from old photographs containing their pre-damage information. This innovative technology paves the way for accurate digital preservation of valuable cultural heritage objects.",Physical/Tech,https://www.sciencedaily.com/releases/2024/10/241031131044.htm
'Wearable' Devices for Cells,"Researchers developed tiny wearable devices for cells that can snugly enfold neurons and neuronal processes without damaging the cell. These thin-film wearables, made from a soft polymer, could enable scientists to measure and modulate neurons at a subcellular level.",Physical/Tech,https://www.sciencedaily.com/releases/2024/10/241031130622.htm
A Trick of Light: Researchers Turn Silicon Into Direct Bandgap Semiconductor,"Researchers have come up with a way to turn silicon into a direct bandgap semiconductor, opening the door to the manufacture of ultrathin silicon solar cells.",Physical/Tech,https://www.sciencedaily.com/releases/2024/10/241031130403.htm
Wearable Ultrasound Tech for Muscle Monitoring Opens New Possibilities in Healthcare and Human-Machine Interfaces,"Researchers have developed a compact, wearable ultrasound device that monitors muscle activity. Attachable to the skin with an adhesive and powered by a small battery, the device wirelessly captures high-resolution images of muscle movements, enabling continuous, long-term monitoring. When worn on the rib cage, it effectively monitored diaphragm function for respiratory health assessments. When worn on the forearm, it accurately captured hand gestures, allowing users to control a robotic arm and even navigate virtual games. This new technology has potential applications in healthcare for conditions affecting muscle function, as well as in human-machine interfaces for more natural robotic control.",Physical/Tech,https://www.sciencedaily.com/releases/2024/10/241031124459.htm
The Silk Thread That Can Turn Clothes Into Charging Stations,"Imagine a sweater that powers electronics to monitor your health or charge your mobile phone while running. This development faces challenges because of the lack of materials that both conduct electricity stably and are well suited for textiles. Now a research group presents an ordinary silk thread, coated with a conductive plastic material, that shows promising properties for turning textiles into electricity generators.",Physical/Tech,https://www.sciencedaily.com/releases/2024/10/241031124438.htm
"Off the Clothesline, on the Grid: MXene Nanomaterials Enable Wireless Charging in Textiles","The next step for fully integrated textile-based electronics to make their way from the lab to the wardrobe is figuring out how to power the garment gizmos without unfashionably toting around a solid battery. Researchers have taken a new approach to the challenge by building a full textile energy grid that can be wirelessly charged. In their recent study, the team reported that it can power textile devices, including a warming element and environmental sensors that transmit data in real-time.",Physical/Tech,https://www.sciencedaily.com/releases/2024/10/241031124314.htm
Spin Current Observations from Organic Semiconductor Side,"Researchers have succeeded in observing the effects of spin current transfer and spin current generation from the non-magnetic side of a device, using a multilayer device consisting of a ferromagnetic layer and an organic semiconductor material.",Physical/Tech,https://www.sciencedaily.com/releases/2024/10/241030150819.htm
Scientists Develop Cellulose Recycling Method With Applications Ranging from Textiles to Medical Devices,"In the search for more sustainable uses of cellulose, scientists have developed a production method for a nanofibrous cellulose matrix, which has the potential to replace non-renewable industrial even in biomedical applications.",Physical/Tech,https://www.sciencedaily.com/releases/2024/10/241030150323.htm
Quantum Simulator Could Help Uncover Materials for High-Performance Electronics,"Researchers created a synthetic magnetic field using a superconducting quantum processor, which could enable them to precisely study complex phenomena in materials, like phase changes. This could shed light on properties of unique materials that may be used to create faster or more powerful electronics.",Physical/Tech,https://www.sciencedaily.com/releases/2024/10/241030145739.htm
Ultrasound Can Be Used as Search and Rescue Tool for the Brain,Scientists highlighted the potential for ultrasound to treat some of the more complex health conditions affecting the human brain.,Physical/Tech,https://www.sciencedaily.com/releases/2024/10/241029143822.htm
New Solvent-Free 3D Printing Material Could Enable Biodegradable Implants,"Researchers have invented a new solvent-free polymer for digital light printing (DLP), a type of 3D printing that essentially pulls solid objects out of a shallow pool of resin one layer at a time. Besides eliminating a well-known issue of finished objects shrinking after printing, the lack of solvent also results in improved mechanical properties of the part while maintaining the ability to degrade in the body.",Physical/Tech,https://www.sciencedaily.com/releases/2024/10/241028164529.htm
Enhancing the Accuracy of Wearables That Measure Blood Glucose Levels,"Wearable electronic devices are potential tools to monitor blood glucose levels (BGLs) among people with diabetes, but their limited size and power lead to noticeable measurement errors. In a recent study, researchers developed a screening technique that can filter out low-quality data in a preprocessing step, enhancing the accuracy of BGL estimations. Their findings could pave the way to convenient glucose monitoring using consumer electronics, eliminating the need for finger pricks.",Physical/Tech,https://www.sciencedaily.com/releases/2024/10/241028164245.htm
Major Development Successes in Diamond Spin Photon Quantum Computers,"Lower cooling requirements, longer operating times, lower error rates: Quantum computers based on spin photons and diamond promise significant advantages over competing quantum computing technologies. The consortium of the BMBF project SPINNING coordinated by Fraunhofer IAF has succeeded in decisively advancing the development of spin-photon-based quantum computers.",Physical/Tech,https://www.sciencedaily.com/releases/2024/10/241028132358.htm
Quality Control in Artificial Photosynthesis: Validating Natural Antenna Mimicry,"Researchers have revealed the 3D structure of lab-made light-harvesting complex II (LHCII), a key component in photosynthesis. Using cryo-electron microscopy, they found that artificial LHCII closely mirrors the natural version, advancing research into solar energy harnessing and artificial photosynthesis technologies.",Physical/Tech,https://www.sciencedaily.com/releases/2024/10/241028132141.htm
Ultraprecise Method of Aligning 3D Semiconductor Chips Invented,"Researchers have invented a new way to align 3D semiconductor chips by shining a laser through concentric metalenses patterned on the chips to produce a hologram. Their work can help to lower the cost of producing 2D semiconductor chips, enable 3D photonic and electronic chips, and may pave the way for other low-cost, compact sensors.",Physical/Tech,https://www.sciencedaily.com/releases/2024/10/241028132055.htm
Developing New High-Performance and Recyclable Materials,Researchers have developed a groundbreaking new material poised to advance high-sensitivity recyclable sensor technology. The team created a recyclable high-sensitivity sensor based on the dynamic polymer network. This next-generation material is garnering attention for its ability to combine environmental sustainability with high performance.,Physical/Tech,https://www.sciencedaily.com/releases/2024/10/241025122750.htm
Ultra-Sensitive Electronic Skin Modeled After the Human Brain,"Researchers have successfully developed an ultra-sensitive pressure sensor for electronic skin modeled after the nervous system in the human brain. This technology is applicable to future devices, including AI-based digital healthcare devices, and is expected to be utilized across various fields, such as transparent displays and wearable devices, due to its transparency and physical flexibility.",Physical/Tech,https://www.sciencedaily.com/releases/2024/10/241025122747.htm
The Evolution of Green Energy Technology: Developing Three-Dimensional Smart Energy Devices With Radiant Cooling and Solar Absorption,"- DGIST, KAIST, and Korea University collaborated to develop a three-dimensional device with reversible heating/cooling based on the thermal radiation phenomenon -- Research published as a cover article in Advanced Materials",Physical/Tech,https://www.sciencedaily.com/releases/2024/10/241025122740.htm
Researchers Develop Low-Cost Device That Detects Cancer in an Hour,"Researchers have created a portable device that can detect colorectal and prostate cancer more cheaply and quickly than prevailing methods. The team believes the device may be especially helpful in developing countries, which experience higher cancer mortality rates due in part to barriers to medical diagnosis.",Physical/Tech,https://www.sciencedaily.com/releases/2024/10/241024154147.htm
A New Hydrogel Semiconductor Represents a Breakthrough for Tissue-Interfaced Bioelectronics,"The ideal material for interfacing electronics with living tissue is soft, stretchable, and just as water-loving as the tissue itself--in short, a hydrogel. Semiconductors, the key materials for bioelectronics such as pacemakers, biosensors, and drug delivery devices, on the other hand, are rigid, brittle, and water-hating, impossible to dissolve in the way hydrogels have traditionally been built. Scientists have now solved this challenge that has long stymied researchers, reimagining the process of creating hydrogels to build a powerful semiconductor in hydrogel form. The result is a bluish gel that flutters like a sea jelly in water but retains the immense semiconductive ability needed to transmit information between living tissue and machine.",Physical/Tech,https://www.sciencedaily.com/releases/2024/10/241024145233.htm
Non-Electric Touchpad Takes Sensor Technology to Extreme Conditions,"Researchers have developed the world&apos;s first soft touchpad that can sense the force, area and location of contact without electricity. The device utilizes pneumatic channels, enabling its use in environments such as MRI machines and other conditions that are unsuitable for electronic devices. Soft devices like soft robots and rehabilitation aids could also benefit from this new technology.",Physical/Tech,https://www.sciencedaily.com/releases/2024/10/241024131917.htm
New Method of Flexing on Electronics,"If a phone or other electronic device was made of soft materials, how would that change its use? Would it be more durable? If hospital health monitoring equipment was made of less rigid components, would it make it easier for patients to wear? While electronics of that type may still be far in the future, researchers have developed an innovative method for constructing the soft electronic components that make them up.",Physical/Tech,https://www.sciencedaily.com/releases/2024/10/241024131742.htm
"No Significant PFAS Emissions Caused by Waste Incineration, Study Finds","Fluoropolymers have become an integral part of modern society, both in industrial and consumer applications. When these high-performance materials reach the end of their useful life, they can end up in both industrial and household waste. Researchers analyzed the contribution of waste incineration of fluoropolymers to the release of low-molecular, non-polymeric fluorinated compounds. Their experiments showed nearly complete destruction of fluoropolymers in combustion at the temperatures and residence times typical of European incinerators.",Physical/Tech,https://www.sciencedaily.com/releases/2024/10/241024131442.htm
"From Accessibility Upgrades to a Custom Cat-Food Bowl, This Mobile 3D Printer Can Autonomously Add Features to a Room","Researchers created MobiPrint, a mobile 3D printer that can automatically measure a room and print objects onto the floor. The team&apos;s graphic interface lets users design objects in a space that the robot has mapped out. The prototype, which the team built on a modified consumer vacuum robot, can add a range of objects to rooms.",Physical/Tech,https://www.sciencedaily.com/releases/2024/10/241024132117.htm
Implantable Device May Prevent Death from Opioid Overdose,"A team has developed a device that may rescue people from overdose without bystander help. In animal studies, the researchers found that the implantable device detects an overdose, rapidly delivers naloxone to prevent death and can alert emergency first responders.",Physical/Tech,https://www.sciencedaily.com/releases/2024/10/241023141809.htm
"Thread-Like, Flexible Thermoelectric Materials Applicable for Extreme Environments","A team of researchers developed a thermoelectric material that can be used in wearable devices, such as smart clothing, and while maintaining stable thermal energy performance even in extreme environments.",Physical/Tech,https://www.sciencedaily.com/releases/2024/10/241023131212.htm
"Ultra-Small Spectrometer Yields the Power of a 1,000 Times Bigger Device","Researchers are designing new ways to make spectrometers that are ultra-small but still very powerful, to be used for anything from detecting disease to observing stars in distant galaxies.",Physical/Tech,https://www.sciencedaily.com/releases/2024/10/241023130905.htm
Researchers Develop Method to 'Hear' Defects in Promising Nanomaterial,"An international research team has pioneered a new technique to identify and characterize atomic-scale defects in hexagonal boron nitride (hBN), a two-dimensional (2D) material often dubbed &apos;white graphene&apos; for its remarkable properties. This advance could accelerate the development of next-generation electronics and quantum technologies.",Physical/Tech,https://www.sciencedaily.com/releases/2024/10/241023130744.htm
NASA Reveals Prototype Telescope for Gravitational Wave Observatory,"NASA has revealed the first look at a full-scale prototype for six telescopes that will enable, in the next decade, the space-based detection of gravitational waves.",Physical/Tech,https://www.sciencedaily.com/releases/2024/10/241022154141.htm
New Fingerprint Mass Spectrometry Method Paves the Way to Solving the Proteome,"A new data-driven technique, called fingerprint mass spectrometry, provides a method for measuring the mass of individual proteins using nanoscale devices.",Physical/Tech,https://www.sciencedaily.com/releases/2024/10/241022153832.htm
Soft Microelectronics Technologies Enabling Wearable AI for Digital Health,"Developing edge-computing and AI capabilities from wearable sensors enhances their intelligence, critical for the AI of Things, and reduces power consumption by minimizing data exchange between sensory terminals and computing units. This enables wearable devices to process data locally, offering real-time processing, faster feedback, and decreased reliance on network connectivity and external devices, thereby enhancing efficiency, privacy, and responsiveness in applications like health monitoring, activity tracking, and smart wearable technology.",Physical/Tech,https://www.sciencedaily.com/releases/2024/10/241022133034.htm
Novel 2D Electro-Polaritonic Platform for Future Miniaturized Spectrometers,"Researchers present the integration of a detector system and a polaritonic platform in the same 2D material, enabling for the first time the detection of 2D polaritonic nanoresonators with spectral resolution. The device is suitable for miniaturization and shows record levels of lateral confinement and high-quality factors simultaneously.",Physical/Tech,https://www.sciencedaily.com/releases/2024/10/241022132827.htm
Dangers of the Metaverse and VR for US Youth Revealed in New Research,"Research of online victimization in the metaverse is sorely lacking. A new study explored harm in the metaverse and VR devices among a sample of 5,005 U.S. teens aged 13 to 17. Findings show a significant percentage of youth reported harm in these spaces, including hate speech, bullying, harassment, sexual harassment, grooming behaviors (predators building trust with minors), and unwanted exposure to violent or sexual content. The study also revealed notable gender differences in experiences, emphasizing the need for protective strategies in virtual environments.",Physical/Tech,https://www.sciencedaily.com/releases/2024/10/241022104454.htm
Controlling Prosthetic Hands More Precisely by the Power of Thought,"Researchers have developed a novel training protocol for brain-computer interfaces in a study with rhesus monkeys. The method enables precise control of prosthetic hands using signals from the brain alone. Researchers were able to show that the neural signals that control the different hand postures in the brain are primarily important for this control, and not, as previously assumed, signals that control the movement&apos;s velocity. The results are essential for improving the fine control of neural hand prostheses, which could give paralyzed patients back some or all of their mobility (Neuron).",Physical/Tech,https://www.sciencedaily.com/releases/2024/10/241017112732.htm
Life-Saving Spongelike 'Bandage' Rapidly Stops Hemorrhaging and Mitigates Risk of Infection,Researchers created a liquid gel that quickly transforms into a spongelike antimicrobial foam to stymie severe bleeding and ultimately preserve lives.,Physical/Tech,https://www.sciencedaily.com/releases/2024/10/241017113907.htm
Innovating in the Corners Where Atoms Meet,"Research explores how tiny features in nanomaterials, known as triple junctions, play a crucial role in maintaining the stability of these materials under high temperatures.",Physical/Tech,https://www.sciencedaily.com/releases/2024/10/241017113856.htm
New Device Could Deliver Bedside Blood Test Results in an Hour,"Researchers have developed a handheld, sound-based diagnostic system able to deliver precise results in an hour with a mere finger-prick of blood.",Physical/Tech,https://www.sciencedaily.com/releases/2024/10/241017113707.htm
Researchers Develop Janus-Like Metasurface Technology That Acts According to the Direction of Light,Researchers have overcome the limitations of existing metasurface technologies and successfully designed a Janus metasurface capable of perfectly controlling asymmetric light transmission.,Physical/Tech,https://www.sciencedaily.com/releases/2024/10/241016120315.htm
Invention Quickly Detects Earliest Sign of Heart Attack,"With heart attacks, every second counts. A new blood test diagnoses them in minutes rather than hours and could be adapted as a tool for first responders and people at home.",Physical/Tech,https://www.sciencedaily.com/releases/2024/10/241016120141.htm
New Diamond Bonding Technique a Breakthrough for Quantum Devices,"A paper has solved a major hurdle facing researchers working with diamond by creating a novel way of bonding diamonds directly to materials that integrate easily with either quantum or conventional electronics. With this technique, the team directly bonded diamond with materials including silicon, fused silica, sapphire, thermal oxide, and lithium niobate without an intermediary substance to act as &apos;glue.&apos; Instead of the several-hundred microns thick bulk diamonds typically used to study quantum qubits, the team bonded crystalline membranes as thin as 100 nanometers while still maintaining a spin coherence suitable for advanced quantum applications.",Physical/Tech,https://www.sciencedaily.com/releases/2024/10/241016115609.htm
Engineers Set New Record on How Fast Data Can Be Sent Wirelessly,"A new world record in wireless transmission, promising faster and more reliable wireless communications, has been set by researchers. The total bandwidth of 145GHz is more than five times higher than the previous wireless transmission world record.",Physical/Tech,https://www.sciencedaily.com/releases/2024/10/241016120544.htm
"New App Performs Real-Time, Full-Body Motion Capture With a Smartphone","Engineers have developed a new system for full-body motion capture -- and it doesn&apos;t require specialized rooms, expensive equipment, bulky cameras or an array of sensors. Instead, it requires only a smartphone, smartwatch or earbuds.",Physical/Tech,https://www.sciencedaily.com/releases/2024/10/241015183529.htm
Major Step Toward Fully 3D-Printed Active Electronics,"Researchers produced 3D-printed, semiconductor-free logic gates, which perform computations in active electronic devices. As they don&apos;t require semiconductor materials, they represent a step toward 3D printing an entire active electronic device.",Physical/Tech,https://www.sciencedaily.com/releases/2024/10/241015141022.htm
"Ancient 3D Paper Art, Kirigami, Could Shape Modern Wireless Technology","The future of wireless technology -- from charging devices to boosting communication signals -- relies on the antennas that transmit electromagnetic waves becoming increasingly versatile, durable and easy to manufacture. Researchers believe kirigami, the ancient Japanese art of cutting and folding paper to create intricate three-dimensional designs, could provide a model for manufacturing the next generation of antennas.",Physical/Tech,https://www.sciencedaily.com/releases/2024/10/241014210337.htm
"Let There Be Light: Bright Future for Solar Panels, TV Screens and More","From brighter TV screens to better medical diagnostics and more efficient solar panels, new research has discovered how to make more molecules stick to the surface of tiny nanocrystals, in a breakthrough that could lead to improvements in everyday technology.",Physical/Tech,https://www.sciencedaily.com/releases/2024/10/241014210359.htm
Illuminating Quantum Magnets: Light Unveils Magnetic Domains,"Scientists have used light to visualize magnetic domains, and manipulated these regions using an electric field, in a quantum antiferromagnet. This method allows real-time observation of magnetic behaviors, paving the way for advancements in next-generation electronics and memory devices, as well as a deeper understanding of quantum materials.",Physical/Tech,https://www.sciencedaily.com/releases/2024/10/241011141548.htm
A Methodology to Read QR Codes on Uneven Surfaces,"Sometimes, we try to capture a QR code with a good digital camera on a smartphone, but the reading eventually fails. This usually happens when the QR code itself is of poor image quality, or if it has been printed on surfaces that are not flat -- deformed or with irregularities of unknown pattern -- such as the wrapping of a courier package or a tray of prepared food. Now, a team has designed a methodology that facilitates the recognition of QR codes in these physical environments where reading is more complicated.",Physical/Tech,https://www.sciencedaily.com/releases/2024/10/241011141147.htm
Scientists Cut Harmful Pollution from Hydrogen Engines,"Scientists have discovered a low-cost method to significantly reduce this pollution from hydrogen internal combustion engines by improving the efficiency of their catalytic converters. The researchers found that infusing platinum in catalytic converters with a highly porous material called Y zeolites greatly enhances the reactions between nitrogen oxides and hydrogen, converting unhealthful nitrogen oxides into harmless nitrogen gas and water vapor.",Physical/Tech,https://www.sciencedaily.com/releases/2024/10/241010205911.htm
Researchers Create the First Ever Visualization of Photoexcited Charges Traveling Across the Interface of Two Semiconductor Materials,"Researchers have observed electric charges traveling across the interface of two different semiconductor materials. Using scanning ultrafast electron (SUEM) techniques, the research team has directly visualized the fleeting phenomenon for the first time.",Physical/Tech,https://www.sciencedaily.com/releases/2024/10/241010205909.htm
"Ordered Defects May Be Key for Solution-Deposited Semiconductors, Enabling High-Speed Printable Circuits and Next-Generation Displays","A new solution deposition process for semiconductors yields high-performing transistors by introducing more defects, counterintuitively. Researchers used these devices to construct high- speed logic circuits and an operational high-resolution inorganic LED display.",Physical/Tech,https://www.sciencedaily.com/releases/2024/10/241010142542.htm
"Inspired by Spider-Man, a Lab Recreates Web-Slinging Technology","Researchers took the imaginary scenes from Spider-Man seriously and created the first web-slinging technology in which a fluid material can shoot from a needle, immediately solidify as a string, and adhere to and lift objects.",Physical/Tech,https://www.sciencedaily.com/releases/2024/10/241009215417.htm
Researchers Develop New Technique to Measure Previously Undetected Airborne PFAS,"For decades, scientists knew there was a huge swath of undetected and unaccounted for per- and polyfluoroalkyl substances (PFAS) in the atmosphere, often referred to as PFAS dark matter, but no one knew how much was missing or how to measure them. Now, an atmospheric chemistry research team has devised a way to test for one of the most ubiquitous elements of these potent greenhouse gases.",Physical/Tech,https://www.sciencedaily.com/releases/2024/10/241009145000.htm
Nature and Plastics Inspire Breakthrough in Soft Sustainable Materials,"Using peptides and a snippet of the large molecules in plastics, materials scientists have developed materials made of tiny, flexible nano-sized ribbons that can be charged just like a battery to store energy or record digital information.",Physical/Tech,https://www.sciencedaily.com/releases/2024/10/241009121344.htm
"New Breakthrough Helps Free Up Space for Robots to 'Think', Say Scientists","Engineers have worked out how to give robots complex instructions without electricity, which could free up more space in the robotic &apos;brain&apos; for them to &apos;think&apos;. Mimicking how some parts of the human body work, researchers have transmitted a series of commands to devices with a new kind of compact circuit, using variations in pressure from a fluid inside it.",Physical/Tech,https://www.sciencedaily.com/releases/2024/10/241008201404.htm
Holographic 3D Printing Has the Potential to Revolutionize Multiple Industries,"Researchers have developed a novel method of 3D printing that uses acoustic holograms. The process is called holographic direct sound printing (HDSP). It builds on a method introduced in 2022 that described how sonochemical reactions in microscopic cavitations regions -- tiny bubbles -- create extremely high temperatures and pressure for trillionths of a second to harden resin into complex patterns. Now, by embedding the technique in acoustic holograms that contain cross-sectional images of a particular design, polymerization occurs much more quickly. It can create objects simultaneously rather than voxel-by-voxel.",Physical/Tech,https://www.sciencedaily.com/releases/2024/10/241008122240.htm
Solar-Powered Desalination System Requires No Extra Batteries,"Engineers built a solar-powered desalination system that produces large quantities of clean water despite variations in sunlight throughout the day. Because it requires no extra batteries, it offers a much more affordable way to produce drinking water, compared to other solar-driven designs.",Physical/Tech,https://www.sciencedaily.com/releases/2024/10/241008103809.htm
AI Speeds Up the Discovery of Energy and Quantum Materials,"Unearthing new LEDs, solar cells, and photodetectors requires extensive knowledge surrounding the optical properties of materials. Calculating these takes time and resources. Yet researchers unveiled a new AI tool that can accurately, and crucially much faster than quantum simulations, for predicting optical properties.",Physical/Tech,https://www.sciencedaily.com/releases/2024/10/241007222754.htm
AI and Quantum Mechanics Team Up to Accelerate Drug Discovery,"SMU have created SmartCADD. This open-source virtual tool combines artificial intelligence, quantum mechanics and Computer Assisted Drug Design (CADD) techniques to speed up the screening of chemical compounds, significantly reducing drug discovery timelines.",Physical/Tech,https://www.sciencedaily.com/releases/2024/10/241007134022.htm
Achieving Precise Timing for DNA Droplet Division: A Step Towards Artificial Cells,"A time-delay circuit enables precise control over the division of synthetic DNA droplets, which mimic biological Liquid-Liquid Phase Separation (LLPS) droplets found in cells. By utilizing a combination of microRNAs (miRNAs) and the enzyme RNase H, researchers have successfully regulated the timing of droplet division. This breakthrough paves the way for creating artificial cells with advanced functions, such as drug delivery and molecular computing.",Physical/Tech,https://www.sciencedaily.com/releases/2024/09/240926131904.htm
Engineers Create a Chip-Based Tractor Beam for Biological Particles,"A chip-based &apos;tractor beam&apos; can trap and manipulate biological particles using a tightly focused beam of light emitted from a silicon-photonics chip. The device could help biologists and clinicians study DNA, classify cells, and investigate the mechanisms of disease.",Physical/Tech,https://www.sciencedaily.com/releases/2024/10/241003123242.htm
Nanopillars Create Tiny Openings in the Nucleus Without Damaging Cells,"Researchers have created an array of nanopillars that can breach the nucleus of a cell -- the compartment that houses our DNA -- without damaging the cell&apos;s outer membrane. This new &apos;gateway into the nucleus&apos; could open new possibilities in gene therapy, where genetic material needs to be delivered directly into the nucleus, as well as drug delivery and other forms of precision medicine.",Physical/Tech,https://www.sciencedaily.com/releases/2024/10/241002104707.htm
Siloxane Nanoparticles Unlock Precise Organ Targeting for mRNA Therapy,"Engineers have discovered a simple and inexpensive means of directing lipid nanoparticles (LNPs), the revolutionary molecules that delivered the COVID-19 vaccines, to target specific tissues, presaging a new era in personalized medicine and gene therapy. The key is making small changes to the chemical structure of LNPs, including the incorporation of siloxane, a chemical group that includes silicon, whose wider atomic radius increases membrane flexibility and improves mRNA uptake by target cells.",Physical/Tech,https://www.sciencedaily.com/releases/2024/10/241001115016.htm
Researchers Integrate Fast OCT System Into Neurosurgical Microscope,Clinical study of microscope-integrated system lays groundwork for using OCT to define tumor margins and reveal subsurface brain anatomy.,Physical/Tech,https://www.sciencedaily.com/releases/2024/10/241001152958.htm
Watch Water Form out of Thin Air,"Palladium, a rare metallic element, can rapidly generate water from hydrogen and oxygen. Researchers witnessed this process at the nanoscale for the first time with an electron microscope. By viewing the process with extreme precision, researchers discovered how to optimize it to generate water at a faster rate. Process could be used to generate water on-demand in arid environments, including on other planets.",Physical/Tech,https://www.sciencedaily.com/releases/2024/09/240930160507.htm
"New Imaging Technique Brings Us Closer to Simplified, Low-Cost Agricultural Quality Assessment","Hyperspectral imaging is a useful technique for analyzing the chemical composition of food and agricultural products. However, it is a costly and complicated procedure, which limits its practical application. A team of researchers has developed a method to reconstruct hyperspectral images from standard RGB images using deep machine learning.",Physical/Tech,https://www.sciencedaily.com/releases/2024/09/240930160206.htm
'Squeezing' Increased Accuracy of Quantum Measurements,"Scientists have explored how quantum squeezing can improve measurement precision in complex quantum systems, with potential applications in quantum sensing, imaging, and radar technologies. These findings may lead to advancements in areas like GPS accuracy and early disease detection through more sensitive biosensors.",Physical/Tech,https://www.sciencedaily.com/releases/2024/09/240930123043.htm
Global Fusion Breakthrough: U.S. and Spanish Scientists Unite to Build SMART Tokamak for Next-Gen Clean Energy,"Scientists from the U.S. and Spain are uniting to create SMART, a compact spherical tokamak testing a novel plasma shape that could transform fusion energy. Their collaboration blends advanced simulations, diagnostics, and cutting-edge design to move closer to harnessing the power of the stars.",Physical/Tech,https://www.sciencedaily.com/releases/2024/09/240930122923.htm
Temporarily Apart,"Extremely thin materials consisting of just a few atomic layers promise applications for electronics and quantum technologies. Researchers have now made remarkable progress with a new experiment: The experts were able to induce an extremely fast switching process between electrically neutral and charged luminescent particles in an ultra-thin, effectively two-dimensional material. The result opens up new perspectives for research as well as for optical data processing and flexible detectors.",Physical/Tech,https://www.sciencedaily.com/releases/2024/09/240927173547.htm
Orbitronics: New Material Property Advances Energy-Efficient Tech,"Orbital angular momentum monopoles have been the subject of great theoretical interest as they offer major practical advantages for the emerging field of orbitronics, a potential energy-efficient alternative to traditional electronics. Now, through a combination of robust theory and experiments, their existence has been demonstrated.",Physical/Tech,https://www.sciencedaily.com/releases/2024/09/240927173115.htm
Shrinking AR Displays Into Eyeglasses to Expand Their Use,"Augmented reality (AR) takes digital images and superimposes them onto real-world views. But AR is more than a new way to play video games; it could transform surgery and self-driving cars. To make the technology easier to integrate into common personal devices, researchers report how to combine two optical technologies into a single, high-resolution AR display. In an eyeglasses prototype, the researchers enhanced image quality with a computer algorithm that removed distortions.",Physical/Tech,https://www.sciencedaily.com/releases/2024/09/240925122923.htm
New Milestone in Plant Magnetic Resonance Imaging,"Magnetic resonance imaging (MRI) is a versatile technique in the biomedical field, but its application to the study of plant metabolism in vivo remains challenging. A research team reports the establishment of chemical exchange saturation transfer (CEST) for plant MRI. This method enables noninvasive access to the metabolism of sugars and amino acids in complex sink organs (seeds, fruits, taproots, and tubers) of major crops (maize, barley, pea, potato, sugar beet, and sugarcane).",Physical/Tech,https://www.sciencedaily.com/releases/2024/09/240925122144.htm
Rates of E-Bike Injuries Rise Fourfold and Powered Scooter Injuries Nearly Double,"The rate of e-bike and powered scooter injuries surged between 2019 and 2022 -- by 293 percent and 88 percent, respectively. The research adds to the existing information and gap in knowledge on the sociodemographic and risk factor variables that might be contributing to micro-mobility vehicle-related injuries.",Physical/Tech,https://www.sciencedaily.com/releases/2024/09/240924165749.htm
Thermal Effects in Spintronics Systematically Assessed for First Time,"Spintronics -- devices that use microscopic magnetism in conjunction with electric current -- could lead to computing technology as fast as conventional electronics but much more energy efficient. As such devices are developed and studied, an important unresolved question is how device operation is affected by heating.",Physical/Tech,https://www.sciencedaily.com/releases/2024/09/240924165402.htm
Extinct Volcanoes a 'Rich' Source of Rare Earth Elements,"A mysterious type of iron-rich magma entombed within extinct volcanoes is likely abundant with rare earth elements and could offer a new way to source these in-demand metals, according to new research. Rare earth elements are found in smartphones, flat screen TVs, magnets, and even trains and missiles. They are also vital to the development of electric vehicles and renewable energy technologies such as wind turbines.",Physical/Tech,https://www.sciencedaily.com/releases/2024/09/240924123051.htm
New Battery Cathode Material Could Revolutionize EV Market and Energy Storage,"A research team has developed a low-cost iron chloride cathode for all-solid-state lithium-ion batteries, which could significantly reduce costs and improve performance for electric vehicles and large-scale energy storage systems.",Physical/Tech,https://www.sciencedaily.com/releases/2024/09/240923212540.htm
New Origami-Inspired System Turns Flat-Pack Tubes Into Strong Building Materials,Engineers have designed an innovative tubular structural system that can be packed flat for easier transport and pop up into strong building materials. This breakthrough is made possible by a self-locking system inspired by curved-crease origami -- a technique that uses curved crease lines in paper folding.,Physical/Tech,https://www.sciencedaily.com/releases/2024/09/240923151754.htm
BESSY II: Heterostructures for Spintronics,Spintronic devices work with spin textures caused by quantum-physical interactions. Scientists have now studied graphene-cobalt-iridium heterostructures at BESSY II. The results show how two desired quantum-physical effects reinforce each other in these heterostructures. This could lead to new spintronic devices based on these materials.,Physical/Tech,https://www.sciencedaily.com/releases/2024/09/240920122206.htm
Revolutionary Visible-Light-Antenna Ligand Enhances Samarium-Catalyzed Reactions,"Divalent samarium compounds are important reagents for reductive transformations in organic chemistry. However, currently, a high amount of this reagent is required in most reactions, and it also necessitates the use of harmful chemicals. To address this issue, researchers have developed a visible-light-antenna ligand that coordinates with stable trivalent samarium compounds, which, upon exposure to visible light, are reduced to divalent samarium, enabling milder conditions and smaller amounts of samarium for reactions.",Physical/Tech,https://www.sciencedaily.com/releases/2024/09/240919115242.htm
"Origami Paper Sensors Could Help Early Detection of Infectious Diseases in New Simple, Low-Cost Test","Researchers have developed an innovative new method for identifying biomarkers in wastewater using origami-paper sensors, enabling the tracking of infectious diseases using the camera in a mobile phone. The new test device is low-cost and fast and could dramatically change how public health measures are directed in any future pandemics.",Physical/Tech,https://www.sciencedaily.com/releases/2024/09/240919115217.htm
Adhesive Cortical Device Enables Artifact-Free Neuromodulation for Closed-Loop Epilepsy Treatment,Researchers have developed a groundbreaking soft cortical device that could revolutionize the treatment of epilepsy and other neurological disorders.,Physical/Tech,https://www.sciencedaily.com/releases/2024/09/240919115129.htm
New Organic Thermoelectric Device That Can Harvest Energy at Room Temperature,Thermoelectric devices are devices that can convert heat into electrical energy. Researchers have now developed a thermoelectric device composed of organic materials that can generate electricity from ambient temperature alone. The device is made from copper phthalocyanine and copper hexadecafluoro phthalocyanine as charge transfer materials and was combined with fullerenes and BCP as electron transport layers.,Physical/Tech,https://www.sciencedaily.com/releases/2024/09/240919115027.htm
Flexible Circuits Made With Silk and Graphene on the Horizon,Ultra-thin layers of silk deposited on graphene in perfect alignment represent a key advance for the control needed in microelectronics and advanced neural network development.,Physical/Tech,https://www.sciencedaily.com/releases/2024/09/240918142412.htm
Homemade 'Play-Putty' Can Read the Body's Electric Signals,"Researchers demonstrates the effectiveness of homemade play putty at reading brain, heart, muscle and eye activity. The research outlines the conductive properties of this material, so-named &apos;squishy circuits.&apos;",Physical/Tech,https://www.sciencedaily.com/releases/2024/09/240918125110.htm
"An OLED for Compact, Lightweight Night Vision","A new type of OLED (organic light emitting diode) could replace bulky night vision goggles with lightweight glasses, making them cheaper and more practical for prolonged use, according to researchers.",Physical/Tech,https://www.sciencedaily.com/releases/2024/09/240917162342.htm
A Smoother Way to Study 'Twistronics',"A new article describes a fingernail-sized machine that can twist thin materials at will, replacing the need to fabricate twisted devices one by one.",Physical/Tech,https://www.sciencedaily.com/releases/2024/09/240917162317.htm
New Age Electrode With Densely Functionalized Polymeric Binder for High-Performance Lithium and Sodium-Ion Batteries,"Rising demand for electronic devices and electric vehicles has increased the dependence on secondary ion batteries. While lithium-ion batteries are already popular, a promising alternative sodium-ion batteries (SIB) are struggling to get wider acceptance due to slow ion kinetics affecting their performance. A new polymer-based binder called PMAI addresses this issue by forming a functionalized solid electrolyte interphase. The study demonstrated that SIB with PMAI as an anode binder can have exceptional performance and cyclic stability.",Physical/Tech,https://www.sciencedaily.com/releases/2024/09/240917130353.htm
New Understanding of the Limits on Nano-Noise,"Thanks to nanoscale devices as small as human cells, researchers can create groundbreaking material properties, leading to smaller, faster, and more energy-efficient electronics. However, to fully unlock the potential of nanotechnology, addressing noise is crucial. A research team has taken a significant step toward unraveling fundamental constraints on noise, paving the way for future nanoelectronics.",Physical/Tech,https://www.sciencedaily.com/releases/2024/09/240917130332.htm
"In Step Toward Solar Fuels, Durable Artificial Photosynthesis Setup Chains Two Carbons Together","A key step toward reusing CO2 to make sustainable fuels is chaining carbon atoms together, and an artificial photosynthesis system can bind two of them into hydrocarbons with field-leading performance.",Physical/Tech,https://www.sciencedaily.com/releases/2024/09/240917125335.htm
"Beneath the Brushstrokes, Van Gogh's Sky Is Alive With Real-World Physics","Van Gogh&apos;s brushstrokes in &apos;The Starry Night&apos; create an illusion of sky movement so convincing it led researchers to wonder how closely it aligns with the physics of real skies. Marine sciences and fluid dynamics specialists analyzed the painting to uncover what they call the hidden turbulence in the artwork. They used brushstrokes to examine the shape, energy, and scaling of atmospheric characteristics of the otherwise invisible atmosphere and used the relative brightness of the varying paint colors as a stand-in for the kinetic energy of physical movement.",Physical/Tech,https://www.sciencedaily.com/releases/2024/09/240917125301.htm
Physics Team Electrifies the Quantum World,Researchers have developed a method to model a central theory of quantum gravity in the laboratory. Their goal: to decipher previously unexplained phenomena in the quantum world.,Physical/Tech,https://www.sciencedaily.com/releases/2024/09/240916115514.htm
Beyond Displays: Liquid Crystals in Motion Mimic Biological Systems,"Under the right conditions, liquid crystals condense into astonishing structures, spontaneously generating filaments and flattened discs that can transport material from one place to another, much like complex biological systems. The insight may lead to self-assembling materials, new ways to model cellular activity and more.",Physical/Tech,https://www.sciencedaily.com/releases/2024/09/240916115441.htm
New Research Solves Crystal Palace Mystery,"New research has solved the mystery of how the Crystal Palace in London, which at the time was the world&apos;s largest building, was constructed in only 190 days and completed just in time for the start of the Great Exhibition of 1851. The study has discovered that the Crystal Palace was the first building known to have made use of a standard screw thread -- something that&apos;s now taken for granted in modern construction and engineering. Before this, no two nuts and bolts were the same.",Physical/Tech,https://www.sciencedaily.com/releases/2024/09/240916115434.htm
"Folded or Cut, This Lithium-Sulfur Battery Keeps Going","Most rechargeable batteries that power portable devices, such as toys, handheld vacuums and e-bikes, use lithium-ion technology. But these batteries can have short lifetimes and may catch fire when damaged. To address stability and safety issues, researchers have designed a lithium-sulfur (Li-S) battery that features an improved iron sulfide cathode. One prototype remains highly stable over 300 charge-discharge cycles, and another provides power even after being folded or cut.",Physical/Tech,https://www.sciencedaily.com/releases/2024/09/240913105258.htm
New Discovery Aims to Improve the Design of Microelectronic Devices,"A new study is providing new insights into how next-generation electronics, including memory components in computers, breakdown or degrade over time.",Physical/Tech,https://www.sciencedaily.com/releases/2024/09/240913105253.htm
Researchers Explain the Organization of DNA in Chromosomes from Repetitive Interactions Between Nucleosomes,"A new article analyzes in depth the physical problems associated with DNA packaging that have often been neglected in structural models of chromosomes. The study demonstrates that the multilaminar organization of DNA, proposed from previous experimental research, is fully compatible with the structural and functional properties of chromosomes. This organization can be explained by weak interactions between nucleosomes, which are the repetitive blocks that fold the DNA double helix.",Physical/Tech,https://www.sciencedaily.com/releases/2024/09/240912135801.htm
Mass Production of Metal Nanowires Possible by Breakthrough Technique,"Pure metal nanowires (NWs) are nanomaterials with distinctive properties that make them useful for various applications. However, their utilization in modern electronics has been limited by the lack of a mass-production method. Researchers have now succeeded in the mass growth of aluminum NWs. The underlying growth process could in principle be extended to other metals, removing the limitations to the mass production of NWs and ushering in a new era of nanotechnology.",Physical/Tech,https://www.sciencedaily.com/releases/2024/09/240910121047.htm
Smartphone-Based Microscope Rapidly Reconstructs 3D Holograms,"Researchers developed a new smartphone-based digital holographic microscope that enables precision 3D measurements. The highly portable and inexpensive microscope could help bring 3D measurement capabilities to a broader range of applications, including educational uses and point-of-care diagnostics in resource-limited settings.",Physical/Tech,https://www.sciencedaily.com/releases/2024/09/240911142103.htm
Wearable Brain Imaging Device Shines a Light on How Babies Respond in Real-World Situations,"A technology which uses harmless light waves to measure activity in babies&apos; brains has provided the most complete picture to date of brain functions like hearing, vision and cognitive processing outside a conventional, restrictive brain scanner.",Physical/Tech,https://www.sciencedaily.com/releases/2024/09/240911142122.htm
"Researchers Develop a Stretchable, Wearable Device That Lights Up an LED Using Only the Warmth of Your Skin","Researchers have developed a flexible, durable electronic prototype that can harvest energy from body heat and turn it into electricity that can be used to power small electronics, such as batteries, sensors or LEDs. This device is also resilient -- it still functions even after being pierced several times and then stretched 2,000 times.",Physical/Tech,https://www.sciencedaily.com/releases/2024/09/240911142112.htm
"Solving a Memristor Mystery to Develop Efficient, Long-Lasting Memory Devices","Phase separation, when molecules part like oil and water, works alongside oxygen diffusion to help memristors -- electrical components that store information using electrical resistance -- retain information even after the power is shut off, according to a recent study.",Physical/Tech,https://www.sciencedaily.com/releases/2024/09/240910155924.htm
Molecular Level Changes Translate to Big Efficiency Gains for Organic Solar Cells,"Researchers have designed and synthesized a new organic semiconductor for organic solar cells (OSCs). By adding specific side units to their structure, they achieved separation between the frontier molecular orbitals, leading to lower exciton binding energy and increased power conversion efficiency. This tuning of the design of an acceptor component is expected to increase the performance of OSCs leading to more effective large-scale photovoltaic systems and new devices.",Physical/Tech,https://www.sciencedaily.com/releases/2024/09/240910121050.htm
"Strongest Battery Paves Way for Light, Energy-Efficient Vehicles","When cars, planes, ships or computers are built from a material that functions as both a battery and a load-bearing structure, the weight and energy consumption are radically reduced. A research group is now presenting an advance in so-called massless energy storage -- a structural battery that could halve the weight of a laptop, make the mobile phone as thin as a credit card or increase the driving range of an electric car by up to 70 percent on a single charge.",Physical/Tech,https://www.sciencedaily.com/releases/2024/09/240910121001.htm
Electrically Modulated Light Antenna Points the Way to Faster Computer Chips,Physicists present a nanometer-sized light antenna with electrically modulated surface properties -- a breakthrough that could pave the way for faster computer chips.,Physical/Tech,https://www.sciencedaily.com/releases/2024/09/240909160323.htm
Starting a Fluorescent Biosensor Revolution,"A major step forward toward biosensor devices that can provide fast, high-contrast detection of biomarkers in almost any environment are &apos;binding-activated fluorescent biosensors.&apos; Now, a research collaboration has developed a synthetic biology platform that streamlines their up-until-now tedious and expensive discovery, as well as their molecular evolution and cost-effective manufacturing, opening a plethora of new biomedical and environmental opportunities.",Physical/Tech,https://www.sciencedaily.com/releases/2024/09/240905120857.htm
New Tool to Analyze Embodied Carbon in More Than 1 Million Buildings in Chicago,"The impact of embodied carbon in the built environment has been difficult to assess, due to a lack of data. To address that knowledge gap civil and environmental engineers have created a new tool to analyze the embodied carbon in more than 1 million buildings in Chicago. Their recently published research identifies 157 different architectural housing types in the city and provides the first ever visual analysis tool to evaluate embodied carbon at a granular level and to help inform policymakers seeking to strategically plan for urban carbon mitigation.",Physical/Tech,https://www.sciencedaily.com/releases/2024/09/240904184530.htm
Major Leap for Nuclear Clock Paves Way for Ultraprecise Timekeeping,"Nuclear clocks would measure time based on changes inside an atom&apos;s nucleus, which would make them less sensitive to external disturbances and potentially more accurate than atomic clocks. These clocks could lead to improved timekeeping and navigation, faster internet speeds, and advances in fundamental physics research. Scientists have demonstrated key components of a nuclear clock, such as precise frequency measurements of an energy jump in a thorium-229 nucleus.",Physical/Tech,https://www.sciencedaily.com/releases/2024/09/240904130817.htm
A Sensory Pen Which Can Read Braille Could Improve Literacy Amongst the Visually Impaired,A pen which can transform Braille into English text has been developed.,Physical/Tech,https://www.sciencedaily.com/releases/2024/09/240903194417.htm
Finger Wrap Uses Sweat to Provide Health Monitoring at Your Fingertips--Literally,"A sweat-powered wearable has the potential to make continuous, personalized health monitoring as effortless as wearing a Band-Aid. Engineers have developed an electronic finger wrap that monitors vital chemical levels -- such as glucose, vitamins, and even drugs -- present in the same fingertip sweat from which it derives its energy.",Physical/Tech,https://www.sciencedaily.com/releases/2024/09/240903144927.htm
Breakthrough in Semiconductor Patterning: New Block Copolymer Achieves 7.6 Nm Line Width,"A recently developed block copolymer could help push the limits of integration and miniaturization in semiconductor manufacturing, report scientists. Chemically tailored for reliable directed self-assembly, the proposed compound can arrange itself into perpendicular lamellar structures whose half-pitch width is less than 10 nanometers, outperforming conventional and widely used block copolymers.",Physical/Tech,https://www.sciencedaily.com/releases/2024/08/240828224232.htm
Wearable Heart Monitor Increases Diagnosis of Irregular Heart Rhythm,"Wearable, long-term continuous heart monitors helped identify 52% more cases of atrial fibrillation compared to usual care, but that did not lead to a reduction in hospitalizations due to stroke, according to a new study.",Physical/Tech,https://www.sciencedaily.com/releases/2024/09/240901181812.htm
Novel Chemical Tool Aims to Streamline Drug-Making Process,The invention of a tool capable of unlocking previously impossible organic chemical reactions has opened new pathways in the pharmaceutical industry to create effective drugs more quickly.,Physical/Tech,https://www.sciencedaily.com/releases/2024/08/240830110913.htm
Smart Mask Monitors Breath for Signs of Health,"Researchers have developed a prototype for a smart mask that can be used to monitor a range of medical conditions, including respiratory ailments, such as asthma, COPD (chronic obstructive pulmonary disease), and post-COVID-19 infections.",Physical/Tech,https://www.sciencedaily.com/releases/2024/08/240829140757.htm
"Tiny New Lasers Fill a Long-Standing Gap in the Rainbow of Visible-Light Colors, Opening New Applications","It&apos;s not easy being green. Scientists for years have made small red and blue lasers, but other colors, including green, have been a challenge. A team has now filled this technology gap by creating orange, yellow and green lasers tiny enough to fit on a chip, opening up a wide range of applications in quantum sensing, communications and information processing.",Physical/Tech,https://www.sciencedaily.com/releases/2024/08/240829132412.htm
Ultrasound Device Shows Promise for Treating Chronic Pain,"Engineers have developed a device that noninvasively stimulates deep brain regions, potentially disrupting the faulty signals that lead to chronic pain. Preliminary trials show the therapy relieves pain after a single treatment.",Physical/Tech,https://www.sciencedaily.com/releases/2024/08/240828155021.htm
NREL Advances Method for Recyclable Wind Turbine Blades,"Researchers see a realistic path forward to the manufacture of bio-derivable wind blades that can be chemically recycled and the components reused, ending the practice of old blades winding up in landfills at the end of their useful life.",Physical/Tech,https://www.sciencedaily.com/releases/2024/08/240827140705.htm
How Much Microplastic Are You Drinking? New Tool Can Tell You in Minutes,"Micro- and nanoplastics are in our food, water and the air we breathe. They are showing up in our bodies, too. Now, researchers have developed a low-cost, portable tool to accurately measure plastic released from everyday sources like disposable cups and water bottles.",Physical/Tech,https://www.sciencedaily.com/releases/2024/08/240827105019.htm
"Controlling Molecular Electronics With Rigid, Ladder-Like Molecules","As electronic devices continue to get smaller and smaller, physical size limitations are beginning to disrupt the trend of doubling transistor density on silicon-based microchips approximately every two years according to Moore&apos;s law. Molecular electronics -- the use of single molecules as the building blocks for electronic components -- offers a potential pathway for the continued miniaturization of small-scale electronic devices. Devices that utilize molecular electronics require precise control over the flow of electrical current. However, the dynamic nature of these single molecule components affects device performance and impacts reproducibility.",Physical/Tech,https://www.sciencedaily.com/releases/2024/08/240826182912.htm
Toward a Code-Breaking Quantum Computer,"Building on a landmark algorithm, researchers propose a way to make a smaller and more noise-tolerant quantum factoring circuit for cryptography.",Physical/Tech,https://www.sciencedaily.com/releases/2024/08/240823120024.htm
New Nano-Device Could Mean Your Run Could Power Your Electrical Wearables,"Your early morning run could soon help harvest enough electricity to power your wearable devices, thanks to new nanotechnology.",Physical/Tech,https://www.sciencedaily.com/releases/2024/08/240822130010.htm
DNA Tech Offers Both Data Storage and Computing Functions,"Researchers have demonstrated a technology capable of a suite of data storage and computing functions -- repeatedly storing, retrieving, computing, erasing or rewriting data -- that uses DNA rather than conventional electronics. Previous DNA data storage and computing technologies could complete some but not all of these tasks.",Physical/Tech,https://www.sciencedaily.com/releases/2024/08/240822125956.htm
Self-Improving AI Method Increases 3D-Printing Efficiency,"An artificial intelligence algorithm can allow researchers to more efficiently use 3D printing to manufacture intricate structures. The development could allow for more seamless use of 3D printing for complex designs in everything from artificial organs to flexible electronics and wearable biosensors. As part of the study, the algorithm learned to identify, and then print, the best versions of kidney and prostate organ models, printing out 60 continually improving versions.",Physical/Tech,https://www.sciencedaily.com/releases/2024/08/240822125947.htm
Eco-Friendly Cooling Device With Record-Breaking Efficiency,"Researchers have developed an eco-friendly refrigeration device with record-breaking cooling performance in the world, setting to transform industries reliant on cooling and reduce global energy use. With a boost in efficiency of over 48%, the new elastocaloric cooling technology opens a promising avenue for accelerating the commercialization of this disruptive technology and addressing the environmental challenges associated with traditional cooling systems.",Physical/Tech,https://www.sciencedaily.com/releases/2024/08/240821124418.htm
Enhancing Electron Transfer for Highly Efficient Upconversion OLEDs,"Electron transfer is enhanced by minimal energetic driving force at the organic-semiconductor interface in upconversion (UC) organic light emitting diodes (OLEDs), resulting in efficient blue UC-OLEDs with low extremely turn-on voltage, scientists show. Their findings deepen the understanding of electron transfer mechanisms in organic optoelectronic devices and can lead to the development of efficient new optoelectronics without energy loss.",Physical/Tech,https://www.sciencedaily.com/releases/2024/08/240815124201.htm
Scientists Harness Quantum Microprocessor Chips for Revolutionary Molecular Spectroscopy Simulation,Engineering researchers have successfully developed a quantum microprocessor chip for molecular spectroscopy simulation of actual large-structured and complex molecules.,Physical/Tech,https://www.sciencedaily.com/releases/2024/08/240820124440.htm
"Wearable, Stretchable Sensor for Quick, Continuous, and Non-Invasive Detection of Solid-State Skin Biomarkers","Detecting diseases early requires the rapid, continuous and convenient monitoring of vital biomarkers. Researchers have now developed a novel sensor that enables the continuous, and real-time detection of solid-state epidermal biomarkers, a new category of health indicators. The team&apos;s wearable, stretchable, hydrogel-based sensor overcomes the limitations of current methods that rely on biofluid samples, such as blood, urine and sweat. This makes it a promising alternative for wearable, continuous, and real-time health monitoring, facilitating the early detection of conditions such as cardiovascular diseases and stroke.",Physical/Tech,https://www.sciencedaily.com/releases/2024/08/240819130751.htm
Taming Parkinson's Disease With Intelligent Brain Pacemakers,Two new studies are pointing the way toward round-the-clock personalized care for people with Parkinson&apos;s disease through an implanted device that can treat movement problems during the day and insomnia at night.,Physical/Tech,https://www.sciencedaily.com/releases/2024/08/240819130520.htm
New Research Shows Unprecedented Atmospheric Changes During May's Geomagnetic Superstorm,"On May 11, a gorgeous aurora surprised stargazers across the southern United States. That same weekend, a tractor guided by GPS missed its mark. What do the visibility of the northern lights have in common with compromised farming equipment in the Midwest? A uniquely powerful geomagnetic storm, according to new research.",Physical/Tech,https://www.sciencedaily.com/releases/2024/08/240816121458.htm
Engineers Design Tiny Batteries for Powering Cell-Sized Robots,"A zinc-air microbattery could enable the deployment of cell-sized, autonomous robots for drug delivery within in the human body, as well as other applications such as locating leaks in gas pipelines.",Physical/Tech,https://www.sciencedaily.com/releases/2024/08/240816121453.htm
Research Provides a Roadmap for Improving Electrochemical Performance,A study expands understanding on how electrons move through the conductive parts of complex fluids found in electrochemical devices such as batteries. This work can help overcome existing knowledge gaps for engineers seeking to improve the performance of these devices.,Physical/Tech,https://www.sciencedaily.com/releases/2024/08/240815190018.htm
New Technique Prints Metal Oxide Thin Film Circuits at Room Temperature,"Researchers have demonstrated a technique for printing thin metal oxide films at room temperature, and have used the technique to create transparent, flexible circuits that are both robust and able to function at high temperatures.",Physical/Tech,https://www.sciencedaily.com/releases/2024/08/240815163628.htm
New Insight Into Behavior of Electrons,"Physicists have uncovered new states of matter by exploring the behavior of flatland electrons in extreme conditions, revealing insights that could impact quantum computing and advanced materials.",Physical/Tech,https://www.sciencedaily.com/releases/2024/08/240815163608.htm
Advancing Modular Quantum Information Processing,A team of physicists envisions a modular system for scaling quantum processors with a flexible way of linking qubits over long distances to enable them to work in concert to perform quantum operations. The ability to carry out such correlated or &apos;entangling&apos; operations between linked qubits is the basis of the enhanced power quantum computing holds compared with current computers.,Physical/Tech,https://www.sciencedaily.com/releases/2024/08/240815124135.htm
New Brain-Computer Interface Allows Man With ALS to 'Speak' Again,A new brain-computer interface translates brain signals into speech with up to 97 percent accuracy. Researchers implanted sensors in the brain of a man with severely impaired speech due to amyotrophic lateral sclerosis (ALS). The man was able to communicate his intended speech within minutes of activating the system.,Physical/Tech,https://www.sciencedaily.com/releases/2024/08/240814170129.htm
Physicists Throw World's Smallest Disco Party,A new milestone has been set for levitated optomechanics as a group of scientists observed the Berry phase of electron spins in nano-sized diamonds levitated in vacuum.,Physical/Tech,https://www.sciencedaily.com/releases/2024/08/240814160717.htm
An Implantable Sensor Could Reverse Opioid Overdoses,A new implantable sensor could reverse opioid overdoses. The device rapidly releases naloxone when an overdose is detected.,Physical/Tech,https://www.sciencedaily.com/releases/2024/08/240814124451.htm
The Mother of All Motion Sensors,"Researchers have used silicon photonic microchip components to perform a quantum sensing technique called atom interferometry, an ultra-precise way of measuring acceleration. It is the latest milestone toward developing a kind of quantum compass for navigation when GPS signals are unavailable.",Physical/Tech,https://www.sciencedaily.com/releases/2024/08/240813131917.htm
"Engineers Make Tunable, Shape-Changing Metamaterial Inspired by Vintage Toys","Common push puppet toys in the shapes of animals and popular figures can move or collapse with the push of a button at the bottom of the toys&apos; base. Now, a team of engineers has created a new class of tunable dynamic material that mimics the inner workings of push puppets, with applications for soft robotics, reconfigurable architectures and space engineering.",Physical/Tech,https://www.sciencedaily.com/releases/2024/08/240812165449.htm
Engineers Bring Efficient Optical Neural Networks Into Focus,"Researchers have published a programmable framework that overcomes a key computational bottleneck of optics-based artificial intelligence systems. In a series of image classification experiments, they used scattered light from a low-power laser to perform accurate, scalable computations using a fraction of the energy of electronics.",Physical/Tech,https://www.sciencedaily.com/releases/2024/08/240812123155.htm
Electric Bandage Holds Promise for Treating Chronic Wounds,"Researchers have developed an inexpensive bandage that uses an electric field to promote healing in chronic wounds. In animal testing, wounds that were treated with these electric bandages healed 30% faster than wounds treated with conventional bandages.",Physical/Tech,https://www.sciencedaily.com/releases/2024/08/240807225532.htm
First Noninvasive Method to Continually Measure True Blood Pressure,"The new device uses sound waves to gather blood pressure data from blood vessels, monitoring the response with ultrasound. The new technique, called resonance sonomanometry, holds the promise to enable better vital-sign monitoring at home, in hospitals, and possibly even in remote locations.",Physical/Tech,https://www.sciencedaily.com/releases/2024/08/240807225523.htm
Turning Unused Signals Such as Wi-Fi Into Energy for Electronics,We are constantly surrounded by electromagnetic waves such as Wi-Fi. Researchers tested a device to convert this ambient energy into energy for electronic devices.,Physical/Tech,https://www.sciencedaily.com/releases/2024/08/240807122841.htm
"Walking the Walk, Scientists Develop Motion-Compatible Brain Scanner","An upright neuroimaging device developed by neuroscientists, physicists and engineers allows patients to move around while undergoing a brain scan.",Physical/Tech,https://www.sciencedaily.com/releases/2024/08/240807122727.htm
Dozing at the Wheel? Not With These Fatigue-Detecting Earbuds,"To help protect drivers and machine operators from the dangers of drifting off, engineers have created prototype earbuds that can detect the signs of drowsiness in the brain. In a new study, the researchers show that their Ear EEG platform is sensitive enough to detect alpha waves, a pattern of brain activity that increases when you close your eyes or start to fall asleep.",Physical/Tech,https://www.sciencedaily.com/releases/2024/08/240806205706.htm
Stacking Molecules Like Plates Improves Organic Solar Device Performance,"Researchers found that how well light-converting molecules stack together in a solid is important for how well they convert light into electric current. A rigid molecule that stacked well showed excellent electricity generation in an organic solar cell and photocatalyst, easily outperforming a similar flexible molecule that did not stack well. This new way of improving the design of molecules could be used to pioneer the next generation of light-converting devices.",Physical/Tech,https://www.sciencedaily.com/releases/2024/08/240806131319.htm
Soft Gold Enables Connections Between Nerves and Electronics,"Gold does not readily lend itself to being turned into long, thin threads. But researchers have now managed to create gold nanowires and develop soft electrodes that can be connected to the nervous system. The electrodes are soft as nerves, stretchable and electrically conductive, and are projected to last for a long time in the body.",Physical/Tech,https://www.sciencedaily.com/releases/2024/08/240806131311.htm
Researchers Solve Long-Standing Challenge for Piezoelectric Materials,"Heat and pressure can deteriorate the properties of piezoelectric materials that make state-of-the-art ultrasound and sonar technologies possible -- and fixing that damage has historically required disassembling devices and exposing the materials to even higher temperatures. Now researchers have developed a technique to restore those properties at room temperature, making it easier to repair these devices -- and paving the way for new ultrasound technologies.",Physical/Tech,https://www.sciencedaily.com/releases/2024/08/240806131222.htm
New Substrate Material for Flexible Electronics Could Help Combat E-Waste,"A new material for flexible electronics could enable multilayered, recyclable electronic devices and help limit e-waste.",Physical/Tech,https://www.sciencedaily.com/releases/2024/08/240806130254.htm
Solving the Doping Problem: Enhancing Performance in Organic Semiconductors,"Physicists have discovered two new ways to improve organic semiconductors. They found a way to remove more electrons from the material than previously possible and used unexpected properties in an environment known as the non-equilibrium state, boosting its performance for use in electronic devices.",Physical/Tech,https://www.sciencedaily.com/releases/2024/08/240802132846.htm
Stacked Up Against the Rest,"Scientists have hypothesized that moir excitons -- electron-hole pairs confined in moir interference fringes which overlap with slightly offset patterns -- may function as qubits in next-generation nano-semiconductors. However, due to diffraction limits, it has not been possible to focus light enough in measurements, causing optical interference from many moir excitons. To solve this, researchers have developed a new method of reducing these moir excitons to measure the quantum coherence time and realize quantum functionality.",Physical/Tech,https://www.sciencedaily.com/releases/2024/08/240801121930.htm
Engineering Researchers Crack the Code to Boost Solar Cell Efficiency and Durability,"Photovoltaic (PV) technologies, which convert light into electricity, are increasingly applied worldwide to generate renewable energy. Researchers have now developed a molecular treatment that significantly enhances the efficiency and durability of perovskite solar cells. Their breakthrough will potentially accelerate the large-scale production of this clean energy.",Physical/Tech,https://www.sciencedaily.com/releases/2024/08/240801121900.htm
Electrical Impedance Tomography--Extracellular Voltage Activation Technique Simplifies Drug Screening,"Recently, researchers developed a non-invasive method combining electrical impedance tomography and extracellular voltage activation to evaluate drug effects on ion channels. The resulting printed circuit board sensor allows real-time monitoring of how newly developed drugs can affect ion flow in channels, providing a cost-effective and accurate alternative to traditional methods like patch-clamp techniques and paving the way toward more efficient and shorter preclinical testing in the drug discovery process.",Physical/Tech,https://www.sciencedaily.com/releases/2024/08/240801121851.htm
'Smarter' Semiconductor Technology for Training 'Smarter' Artificial Intelligence,"A research team has recently demonstrated that analog hardware using ECRAM devices can maximize the computational performance of artificial intelligence, showcasing its potential for commercialization.",Physical/Tech,https://www.sciencedaily.com/releases/2024/08/240801121936.htm
Pursuing the Middle Path to Scientific Discovery,"Scientists have made significant strides in understanding the properties of a ferroelectric material under an electric field. This breakthrough holds potential for advances in computer memory, lasers and sensors for ultraprecise measurements.",Physical/Tech,https://www.sciencedaily.com/releases/2024/08/240801004053.htm
'Smarter' Semiconductor Technology for Training 'Smarter' Artificial Intelligence,"Scientists develop next-generation semiconductor technology for high-efficiency, low-power artificial intelligence.",Physical/Tech,https://www.sciencedaily.com/releases/2024/08/240801003935.htm
Physicists Use Light to Probe Deeper Into the 'Invisible' Energy States of Molecules,"Physicists have experimentally demonstrates a novel physical effect that was predicted 45 years ago. The effect will result in a new chemical analysis technique, to simultaneously identify molecular bonds and their 3D arrangement in space. This new technique will find applications in pharmaceutical science, security, forensics, environmental science, art conservation, and medicine.",Physical/Tech,https://www.sciencedaily.com/releases/2024/07/240731140939.htm
"Super-Black Wood Can Improve Telescopes, Optical Devices and Consumer Goods","Thanks to an accidental discovery, researchers have created a new super-black material that absorbs almost all light, opening potential applications in fine jewelry, solar cells and precision optical devices.",Physical/Tech,https://www.sciencedaily.com/releases/2024/07/240730140539.htm
"Study Finds Lasting, Reliable Performance for Wireless Pacemaker","A dual-chamber wireless pacemaker provides reliable performance over three months, bolstering evidence for this new pacemaker option.",Physical/Tech,https://www.sciencedaily.com/releases/2024/07/240730134812.htm
Dark Matter: A Camera Trap for the Invisible,AI-powered image recognition could give researchers a new tool in hunt for dark matter.,Physical/Tech,https://www.sciencedaily.com/releases/2024/07/240729173405.htm
"Researchers Trap Atoms, Forcing Them to Serve as Photonic Transistors",Researchers have developed a means to realize cold-atom integrated nanophotonic circuits.,Physical/Tech,https://www.sciencedaily.com/releases/2024/07/240729173322.htm
Optical Fibers Fit for the Age of Quantum Computing,A new generation of specialty optical fibers has been developed by physicists to cope with the challenges of data transfer expected to arise in the future age of quantum computing.,Physical/Tech,https://www.sciencedaily.com/releases/2024/07/240729104227.htm
Scientists Work to Build 'Wind-Up' Sensors,"An international team of scientists has shown that twisted carbon nanotubes can store three times more energy per unit mass than advanced lithium-ion batteries. The finding may advance carbon nanotubes as a promising solution for storing energy in devices that need to be lightweight, compact, and safe, such as medical implants and sensors.",Physical/Tech,https://www.sciencedaily.com/releases/2024/07/240726133006.htm
'Kink State' Control May Provide Pathway to Quantum Electronics,"The key to developing quantum electronics may have a few kinks. According to researchers, that&apos;s not a bad thing when it comes to the precise control needed to fabricate and operate such devices, including advanced sensors and lasers. The researchers fabricated a switch to turn on and off the presence of kink states, which are electrical conduction pathways at the edge of semiconducting materials.",Physical/Tech,https://www.sciencedaily.com/releases/2024/07/240725193911.htm
'Miracle' Filter Turns Store-Bought LEDs Into Spintronic Devices,"Scientists transformed existing optoelectronic devices into ones that can control electron spin at room temperature, without a ferromagnet or magnetic field. Researchers replaced the electrodes of store-bought LEDs with a patented spin filter made from hybrid organic-inorganic halide perovskite.",Physical/Tech,https://www.sciencedaily.com/releases/2024/07/240725165419.htm
Save Your Data on Printable Magnetic Devices? New Laser Technique's Twist Might Make This Reality,"A team has been developing a new type of laser-induced forward transfer (LIFT) for laser printing using an optical vortex, which has been dubbed OV-LIFT. The team succeeded in printing crystals with helix-like twisted structures, which could hold promise in creating printable magnetic devices for high-density data storage.",Physical/Tech,https://www.sciencedaily.com/releases/2024/07/240725154821.htm
Indoor Solar Cells That Maximize the Use of Light Energy,"Chemists have synthesized materials that can improve solar elements for indoor use. Such photovoltaic cells, which can also be integrated into various electronic devices, generate electricity even in low-light conditions.",Physical/Tech,https://www.sciencedaily.com/releases/2024/07/240725154808.htm
Quantum Sensor for the Atomic World,"In a scientific breakthrough, an international research team has developed a quantum sensor capable of detecting minute magnetic fields at the atomic length scale. This pioneering work realizes a long-held dream of scientists: an MRI-like tool for quantum materials.",Physical/Tech,https://www.sciencedaily.com/releases/2024/07/240725154759.htm
Researchers Explore the Interplay Between High-Affinity DNA and Carbon Nanotubes,"Single-walled carbon nanotubes (SWCNTs) hold promise for biomedicine and nanoelectronics, yet the functionalization with single-stranded DNA (ssDNA) remains a challenge. Researchers using high-affinity ssDNA sequences identified through high-throughput selection. They demonstrated the effectivity and stability of these constructs using molecular dynamics simulations. Machine-learning models were used to accurately predict patterns that govern ssDNA-SWCNT binding affinity. These findings provide valuable insights into the interactions between ssDNA and SWCNTs.",Physical/Tech,https://www.sciencedaily.com/releases/2024/07/240725154743.htm
"New Study Shows at-Home Colon Cancer Screening Test Reduces Risk of Colorectal Cancer Death, as Effective as Screening Colonoscopy","A noninvasive colorectal cancer screening test that can be done at home could reduce the risk of colorectal cancer death by 33%, according to a new study.",Physical/Tech,https://www.sciencedaily.com/releases/2024/07/240725154658.htm
Next-Gen Cooling System to Help Data Centers Become More Energy Efficient,Artificial intelligence (AI) is hot right now. Also hot: the data centers that power the technology. And keeping those centers cool requires a tremendous amount of energy. The problem is only going to grow as high-powered AI-based computers and devices become commonplace. That&apos;s why researchers are devising a new type of cooling system that promises to dramatically reduce energy demands.,Physical/Tech,https://www.sciencedaily.com/releases/2024/07/240725154656.htm
New Battery-Free Technology to Power Electronic Devices Using Ambient Radiofrequency Signals,"Researchers demonstrated a novel technique to efficiently convert ambient low-power radiofrequency signals into DC power. This &apos;rectifier&apos; technology can be easily integrated into energy harvesting modules to power electronic devices and sensors, enabling battery-free operation.",Physical/Tech,https://www.sciencedaily.com/releases/2024/07/240725154834.htm
Could Wearable Devices Adversely Affect Health?,"For patients with Afib, using a wearable device can lead to higher rates of anxiety about their Afib symptoms and treatment, doctor visits, and use of informal healthcare resources, according to a new study.",Physical/Tech,https://www.sciencedaily.com/releases/2024/07/240724171606.htm
It's Got Praying Mantis Eyes,The praying mantis is one of the few insects with compound eyes and the ability to perceive 3D space. Engineers are replicating their visual systems to make machines see better.,Physical/Tech,https://www.sciencedaily.com/releases/2024/07/240724171556.htm
Foam Fluidics Showcase Lab's Creative Approach to Circuit Design,"Engineers have shown that something as simple as the flow of air through open-cell foam can be used to perform digital computation, analog sensing and combined digital-analog control in soft textile-based wearable systems.",Physical/Tech,https://www.sciencedaily.com/releases/2024/07/240724171551.htm
"Nanoscale Device Simultaneously Steers and Shifts Frequency of Optical Light, Pointing the Way to Future Wireless Communication Channels","A tunable metasurface can control optical light in space and time, offering a path toward new ways of wirelessly and securely transmitting large amounts of data both on Earth and in space.",Physical/Tech,https://www.sciencedaily.com/releases/2024/07/240724123052.htm
How Rembrandt Combined Special Pigments for Golden Details of The Night Watch,Chemists have for the first time established how Rembrandt applied special arsenic sulfide pigments to create a &apos;golden&apos; paint.,Physical/Tech,https://www.sciencedaily.com/releases/2024/07/240724123031.htm
Drawing Water from Dry Air,"A prototype device harvests drinking water from the atmosphere, even in arid places.",Physical/Tech,https://www.sciencedaily.com/releases/2024/07/240723182005.htm
Manufacturing Perovskite Solar Panels With a Long-Term Vision,"Researchers working at the forefront of an emerging photovoltaic (PV) technology are thinking ahead about how to scale, deploy, and design future solar panels to be easily recyclable. Solar panels made of perovskites may eventually play an important role amid global decarbonization efforts to reduce greenhouse gas emissions. As the technology emerges from the testing stages, it is a perfect time to think critically about how best to design the solar panels to minimize their impact on the environment decades from now.",Physical/Tech,https://www.sciencedaily.com/releases/2024/07/240723162513.htm
Foldable Pouch Actuator Improves Finger Extension in Soft Rehabilitation Gloves,"Hand rehabilitation research has markedly benefited from the introduction of soft actuators in gloves. However, existing soft rehabilitation glove designs have several limitations in finger movements. In this regard, researchers recently succeeded in adding finger straightening or extension to soft rehabilitation gloves through a novel foldable pouch actuator without compromising the already existing functionality of finger bending or flexion. Their findings represent a significant leap in comprehensive hand rehabilitation.",Physical/Tech,https://www.sciencedaily.com/releases/2024/07/240722155047.htm
Organs on Demand? Scientists Print Voxel Building Blocks,"Scientists are bioprinting 3D structures with a material that is a close match for human tissue, paving the way for true biomanufacturing.",Physical/Tech,https://www.sciencedaily.com/releases/2024/07/240722155019.htm
Researchers Develop New Method for Achieving Controllable Tuning and Assessing Instability in 2D Materials for Engineering Applications,"Two-dimensional (2D) materials have atomic-level thickness and excellent mechanical and physical properties, with broad application prospects in fields such as semiconductors, flexible devices, and composite materials.",Physical/Tech,https://www.sciencedaily.com/releases/2024/07/240722155131.htm
Revolutionizing the Abilities of Adaptive Radar With AI,"Engineers have shown that using a type of AI that revolutionized computer vision can greatly enhance modern adaptive radar systems. And in a move that parallels the impetus of the computer vision boom, they have released a large dataset of digital landscapes for others to build on their work.",Physical/Tech,https://www.sciencedaily.com/releases/2024/07/240719180320.htm
Waste Styrofoam Can Now Be Converted Into  Polymers for Electronics,"A new study describes a chemical reaction that can convert Styrofoam into a high-value conducting polymer known as PEDOT:PSS. Researchers also noted that the upgraded plastic waste can be successfully incorporated into functional electronic devices, including silicon-based hybrid solar cells and organic electrochemical transistors.",Physical/Tech,https://www.sciencedaily.com/releases/2024/07/240719180317.htm
'Secret' Hidden Structure Paves New Way of Making More Efficient and Stable Perovskite Solar Cells,"Researchers has revealed the existence of surface concavities on individual crystal grains -- which are the fundamental blocks -- of perovskite thin films, and have unraveled their significant effects on the film properties and reliability. Based on this discovery, the team pioneered a new way of making perovskite solar cells more efficient and stable via a chemo-elimination of these grain surface concavities.",Physical/Tech,https://www.sciencedaily.com/releases/2024/07/240719123814.htm
Ant Insights Lead to Robot Navigation Breakthrough,"Have you ever wondered how insects are able to go so far beyond their home and still find their way? The answer to this question is not only relevant to biology but also to making the AI for tiny, autonomous robots. Drone-researchers felt inspired by biological findings on how ants visually recognize their environment and combine it with counting their steps in order to get safely back home. They have used these insights to create an insect-inspired autonomous navigation strategy for tiny, lightweight robots. It allows such robots to come back home after long trajectories, while requiring extremely little computation and memory (0.65 kiloByte per 100 m). In the future, tiny autonomous robots could find a wide range of uses, from monitoring stock in warehouses to finding gas leaks in industrial sites.",Physical/Tech,https://www.sciencedaily.com/releases/2024/07/240717162408.htm
New Technique Pinpoints Nanoscale 'Hot Spots' in Electronics to Improve Their Longevity,Researchers engineered a new technique to identify at the nanoscale level what components are overheating in electronics and causing their performance to fail.,Physical/Tech,https://www.sciencedaily.com/releases/2024/07/240717162357.htm
Aussie Innovation Spearheads Cheaper Seafloor Test for Offshore Wind Farms,Australian engineers have unveiled a clever new device -- based on a modified speargun -- as a cheap and efficient way to test seabed soil when designing offshore wind farms.,Physical/Tech,https://www.sciencedaily.com/releases/2024/07/240717121104.htm
Completely Stretchy Lithium-Ion Battery for Flexible Electronics,"When you think of a battery, you probably don&apos;t think stretchy. But batteries will need this shape-shifting quality to be incorporated into flexible electronics, which are gaining traction for wearable health monitors. Now, researchers report a lithium-ion battery with entirely stretchable components, including an electrolyte layer that can expand by 5000%, and it retains its charge storage capacity after nearly 70 charge/discharge cycles.",Physical/Tech,https://www.sciencedaily.com/releases/2024/07/240717121030.htm
The Magnet Trick: New Invention Makes Vibrations Disappear,"Damping vibrations is crucial for precision experiments, for example in astronomy. A new invention uses a special kind of magnets to achieve this -- electropermanent magnets. They consist of a permanent magnet and a coil. In contrast to electromagnets, they do not have to be permanently supplied with energy. In contrast to permanent magnets, their strength can be tuned: Whenever necessary, a strong electric pulse is sent through the coil, adapting the properties of the magnet.",Physical/Tech,https://www.sciencedaily.com/releases/2024/07/240717120357.htm
Compact and Scalable Multiple-Input Multiple-Output Systems for Future 5G Networks,"A 28GHz time-division multiple-input multiple-output (MIMO) receiver with eight radio frequency elements, each occupying just 0.1 mm, has been developed using 65nm CMOS technology. This innovative design reduces chip size for beam-forming. Achieving -23.5 dB error vector magnitude in 64-quadrature amplitude modulation and data rates up to 9.6 Gbps, this receiver offers the highest area efficiency and fastest beam switching among reported MIMO receivers.",Physical/Tech,https://www.sciencedaily.com/releases/2024/07/240710130936.htm
Want Privacy? You're Just a Stick Figure to This Camera,A new camera could prevent companies from collecting embarrassing and identifiable photos and videos from devices like smart home cameras and robotic vacuums. It&apos;s called PrivacyLens.,Physical/Tech,https://www.sciencedaily.com/releases/2024/07/240718131155.htm
Biodegradable Electronics May Advance With Ability to Control Dissolve Rate,"Biodegradable electronics allow for medical devices -- such as drug delivery systems, pacemakers or neural implants -- to safely degrade into materials that are absorbed by the body after they are no longer needed. But if the water-soluble devices degrade too quickly, they cannot accomplish their purpose. Now, researchers have developed the ability to control the dissolve rate of these biodegradable electronics by experimenting with dissolvable elements, like inorganic fillers and polymers, that encapsulate the device.",Physical/Tech,https://www.sciencedaily.com/releases/2024/07/240715170833.htm
Neutrons Give a Hot New Way to Measure the Temperature of Electronic Components,"A new study presents a method to record the temperature of materials with exceptional temporal resolution, using a Doppler broadening effect in neutron resonance absorption. Using a high-powered laser to generate pulses of neutrons 100 nanoseconds long, a test on samples of silver and tantalum successfully returned characteristic information for both materials and their temperatures.",Physical/Tech,https://www.sciencedaily.com/releases/2024/07/240712124128.htm
A Comprehensive Derivative Synthesis Method for Development of New Antimicrobial Drugs,A method to screen a wide variety of drug candidates without laborious purification steps could advance the fight against drug-resistant bacteria.,Physical/Tech,https://www.sciencedaily.com/releases/2024/07/240711215634.htm
"Engineers' Probe Could Help Advance Treatment for Spinal Cord Disease, Injury","Neuroscientists have used a nanosized sensor to record spinal cord neurons in free-moving mice, a feat that could lead to the development of better treatments for spinal cord disease and injury.",Physical/Tech,https://www.sciencedaily.com/releases/2024/07/240711215520.htm
Study Finds Health Risks in Switching Ships from Diesel to Ammonia Fuel,"Without additional regulation, burning ammonia in ship engines could cause serious impacts on air quality that could result in more than 600,000 additional premature deaths per year, according to new research.",Physical/Tech,https://www.sciencedaily.com/releases/2024/07/240711132027.htm
Hydrogen Flight Looks Ready for Take-Off With New Advances,"The possibility of hydrogen-powered flight means greater opportunities for fossil-free travel, and the technological advances to make this happen are moving fast. New studies show that almost all air travel within a 750-mile radius (1200 km) could be made with hydrogen-powered aircraft by 2045, and with a novel heat exchanger currently in development, this range could be even further.",Physical/Tech,https://www.sciencedaily.com/releases/2024/07/240711111519.htm
High-Speed Electron Camera Uncovers a New 'Light-Twisting' Behavior in an Ultrathin Material,"Using an instrument for ultrafast electron diffraction (MeV-UED), researchers discovered how an ultrathin material can circularly polarize light. This discovery sets up a promising approach to manipulate light for applications in optoelectronic devices.",Physical/Tech,https://www.sciencedaily.com/releases/2024/07/240710195346.htm
Researchers Show Promising Material for Solar Energy Gets Its Curious Boost from Entropy,Researchers discovered a microscopic mechanism that solves in part the outstanding performance achieved by a new class of organic semiconductors known as non-fullerene acceptors (NFAs).,Physical/Tech,https://www.sciencedaily.com/releases/2024/07/240710130750.htm
Implantable LED Device Uses Light to Treat Deep-Seated Cancers,"Certain types of light have proven to be an effective, minimally invasive treatment for cancers located on or near the skin when combined with a light-activated drug. But deep-seated cancers have been beyond the reach of light&apos;s therapeutic effects. To change this, engineers and scientists have devised a wireless LED device that can be implanted. This device, when combined with a light-sensitive dye, not only destroys cancer cells, but also mobilizes the immune system&apos;s cancer-targeting response.",Physical/Tech,https://www.sciencedaily.com/releases/2024/07/240709184149.htm
Progress in Development of a New High-Tech Kidney Disease Urine Test,Development of a new way to accurately measure human serum albumin (HSA) levels in people with chronic kidney disease has progressed in recent testing.,Physical/Tech,https://www.sciencedaily.com/releases/2024/07/240709121721.htm
Key Electronic Device Developed for the Massive Arrival of 6G Networks,"Researchers were involved in the development of a switch, an essential device in telecommunications, capable of operating at very high frequency with lower power consumption than conventional technologies. The technology has applications in the new 6G mass communication systems and is more sustainable in terms of energy consumption than current devices.",Physical/Tech,https://www.sciencedaily.com/releases/2024/07/240709121659.htm
Researcher Finds Lithium Ion Batteries a Growing Source of Pollution,The use of certain substances in batteries is polluting air and water.,Physical/Tech,https://www.sciencedaily.com/releases/2024/07/240708222418.htm
New Bio-Based Tool Quickly Detects Concerning Coronavirus Variants,"Researchers have developed a bioelectric device that can detect and classify new variants of coronavirus to identify those that are most harmful. It has the potential to do the same with other viruses, as well.",Physical/Tech,https://www.sciencedaily.com/releases/2024/07/240708221415.htm
A 2D Device for Quantum Cooling,"Engineers have created a device that can efficiently convert heat into electrical voltage at temperatures lower than that of outer space. The innovation could help overcome a significant obstacle to the advancement of quantum computing technologies, which require extremely low temperatures to function optimally.",Physical/Tech,https://www.sciencedaily.com/releases/2024/07/240705101138.htm
Single Atoms Show Their True Color,A new technique reveals single atom misfits and could help design better semiconductors used in modern and future electronics.,Physical/Tech,https://www.sciencedaily.com/releases/2024/07/240704122219.htm
Scientists Discover Way to 'Grow' Sub-Nanometer Sized Transistors,"A research team has implemented a novel method to achieve epitaxial growth of 1D metallic materials with a width of less than 1 nm. The group applied this process to develop a new structure for 2D semiconductor logic circuits. Notably, they used the 1D metals as a gate electrode of the ultra-miniaturized transistor.",Physical/Tech,https://www.sciencedaily.com/releases/2024/07/240703131811.htm
A Genetic Algorithm for Phononic Crystals,Researchers tested phononic nanomaterials designed with an automated genetic algorithm that responded to light pulses with controlled vibrations. This work may help in the development of next-generation sensors and computer devices.,Physical/Tech,https://www.sciencedaily.com/releases/2024/07/240703131750.htm
Clever Clothes! Seams in Clothing Capture Body Movement,Everyday clothing may soon be able to capture and record body movements according to new research.,Physical/Tech,https://www.sciencedaily.com/releases/2024/07/240702200410.htm
Optoelectronics Gain Spin Control from Chiral Perovskites and III-V Semiconductors,A research effort has made advances that could enable a broader range of currently unimagined optoelectronic devices.,Physical/Tech,https://www.sciencedaily.com/releases/2024/07/240702135546.htm
"Researchers Unlock 'Materials Genome', Opening Possibilities for Next-Generation Design",A new microscopy method has allowed researchers to detect tiny changes in the atomic-level architecture of crystalline materials -- like advanced steels for ship hulls and custom silicon for electronics. The technique could advance our ability to understand the fundamental origins of materials properties and behavior.,Physical/Tech,https://www.sciencedaily.com/releases/2024/07/240702135503.htm
Moving Beyond the 80-Year-Old Solar Cell Equation,Physicists have made a significant breakthrough in solar cell technology by developing a new analytical model that improves the understanding and efficiency of thin-film photovoltaic (PV) devices.,Physical/Tech,https://www.sciencedaily.com/releases/2024/07/240702135436.htm
Implantable Microphone Could Lead to Fully Internal Cochlear Implants,"Researchers developed a prototype of an implantable microphone for a cochlear implant. Their device, which senses the movement of the ear drum in the inner ear, performed as well as commercial hearing aids and could someday enable a fully internalized cochlear implant.",Physical/Tech,https://www.sciencedaily.com/releases/2024/07/240702135420.htm
"Self-Assembling, Highly Conductive Sensors Could Improve Wearable Devices","To advance soft robotics, skin-integrated electronics and biomedical devices, researchers have developed a 3D-printed material that is soft and stretchable -- traits needed for matching the properties of tissues and organs -- and that self-assembles. Their approach employs a process that eliminates many drawbacks of previous fabrication methods, such as less conductivity or device failure, the team said.",Physical/Tech,https://www.sciencedaily.com/releases/2024/07/240701162218.htm
Scientists Probe Chilling Behavior of Promising Solid-State Cooling Material,A research team has bridged a knowledge gap in atomic-scale heat motion. This new understanding holds promise for enhancing materials to advance an emerging technology called solid-state cooling.,Physical/Tech,https://www.sciencedaily.com/releases/2024/07/240701131759.htm
How Researchers Are Using Digital City-Building Games to Shape the Future,"Researchers have come up with exciting and sophisticated new mapping technology enabling future generations to get involved in creating their own future built landscape. They say that planners are missing a real trick when it comes to encouraging and involving the public to help shape their own towns, cities and counties for the future. They also say that games platforms can be used to plan future cities and also help the public immerse themselves in these future worlds.",Physical/Tech,https://www.sciencedaily.com/releases/2024/07/240701131729.htm
"Soft, Stretchy Electrode Simulates Touch Sensations Using Electrical Signals","A team of researchers has developed a soft, stretchy electronic device capable of simulating the feeling of pressure or vibration when worn on the skin. This device represents a step towards creating haptic technologies that can reproduce a more varied and realistic range of touch sensations for applications such as virtual reality, medical prosthetics and wearable technology.",Physical/Tech,https://www.sciencedaily.com/releases/2024/06/240628125235.htm
Wireless Receiver Blocks Interference for Better Mobile Device Performance,"Researchers developed a new wireless receiver that can block strong interference signals at the earliest opportunity, which could improve the performance of a mobile device.",Physical/Tech,https://www.sciencedaily.com/releases/2024/06/240628125227.htm
Materials Research Revolutionized by a Small Change,Scientists develop the next generation of highly efficient memory materials with atom-level control.,Physical/Tech,https://www.sciencedaily.com/releases/2024/06/240627172255.htm
Solar Technology: Innovative Light-Harvesting System Works Very Efficiently,Researchers are reporting progress on the road to more efficient utilization of solar energy: They have developed an innovative light-harvesting system.,Physical/Tech,https://www.sciencedaily.com/releases/2024/06/240626152221.htm
A New Study Highlights Potential of Ultrafast Laser Processing for Next-Gen Devices,"A new study uncovers the remarkable potential of ultrafast lasers that could provide innovative solutions in 2D materials processing for many technology developers such as high-speed photodetectors, flexible electronics, biohybrids, and next-generation solar cells.",Physical/Tech,https://www.sciencedaily.com/releases/2024/06/240626152044.htm
Study Finds Innovative Cuffless Blood Pressure Device Streamlines and Enhances Hypertension Management,"A study evaluated a cuffless monitor that uses optical sensors to record blood pressure continually and efficiently, without disruption to the patient.",Physical/Tech,https://www.sciencedaily.com/releases/2024/06/240626152038.htm
"Small, Adsorbent 'Fins' Collect Humidity Rather Than Swim Through Water","Clean, safe water is a limited resource and access to it depends on local bodies of water. But even dry regions have some water vapor in the air. To harvest small amounts of humidity, researchers developed a compact device with absorbent-coated fins that first trap moisture and then generate potable water when heated. They say the prototype could help meet growing demands for water, especially in arid locations.",Physical/Tech,https://www.sciencedaily.com/releases/2024/06/240626151959.htm
"Researchers Discover New Flat Electronic Bands, Paving Way for Advanced Quantum Materials","Scientists predict the existence of flat electronic bands at the Fermi level, a finding that could enable new forms of quantum computing and electronic devices.",Physical/Tech,https://www.sciencedaily.com/releases/2024/06/240625205943.htm
Scientists Finally Solved a 150-Year-Old Gallium Mystery,"Scientists have rewritten the story of gallium after discovering that its unusual atomic bonds re-form at high temperatures, contradicting decades of accepted theory. The finding changes how researchers explain why the metal melts so easily and behaves unlike almost any other metal. Beyond solving a long-standing scientific mystery, the work could lead to advances in semiconductors, nanotechnology, and liquid metal engineering.",Physical/Tech,https://www.sciencedaily.com/releases/2026/07/260707054119.htm
"Meet CARMEN, a Robot That Helps People With Mild Cognitive Impairment","Meet CARMEN, short for Cognitively Assistive Robot for Motivation and Neurorehabilitation -- a small, tabletop robot designed to help people with mild cognitive impairment (MCI) learn skills to improve memory, attention, and executive functioning at home.",Physical/Tech,https://www.sciencedaily.com/releases/2024/06/240624125640.htm
Novel Blood-Powered Chip Offers Real-Time Health Monitoring,Researchers develop the first-ever device powered by blood to measure blood electrical conductivity.,Physical/Tech,https://www.sciencedaily.com/releases/2024/06/240624125445.htm
Innovative 3D Printing Method Streamlines Multi-Materials Manufacturing,"Researchers have developed a way to create complex devices with multiple materials -- including plastics, metals and semiconductors -- all with a single machine. The research outlines a novel 3D printing and laser process to manufacture multi-material, multi-layered sensors, circuit boards and even textiles with electronic components.",Physical/Tech,https://www.sciencedaily.com/releases/2024/06/240624125422.htm
Towards Wider 5G Network Coverage: Novel Wirelessly Powered Relay Transceiver,"A novel 256-element wirelessly powered transceiver array for non-line-of-sight 5G communication, featuring efficient wireless power transmission and high-power conversion efficiency, has been designed. The innovative design can enhance the 5G network coverage even to places with link blockage, improving flexibility and coverage area, and potentially making high-speed, low-latency communication more accessible.",Physical/Tech,https://www.sciencedaily.com/releases/2024/06/240617173708.htm
Breakthrough Approach Enables Bidirectional BCI Functionality,"Brain-computer interfaces or BCIs hold immense potential for individuals with a wide range of neurological conditions, but the road to implementation is long and nuanced for both the invasive and noninvasive versions of the technology. Scientists have now successfully integrated a novel focused ultrasound stimulation to realize bidirectional BCI that both encodes and decodes brain waves using machine learning in a study with 25 human subjects. This work opens up a new avenue to significantly enhance not only the signal quality, but also, overall nonivasive BCI performance by stimulating targeted neural circuits.",Physical/Tech,https://www.sciencedaily.com/releases/2024/06/240617173427.htm
Wirelessly Powered Relay Will Help Bring 5G Technology to Smart Factories,"A recently developed wirelessly powered 5G relay could accelerate the development of smart factories, report scientists. By adopting a lower operating frequency for wireless power transfer, the proposed relay design solves many of the current limitations, including range and efficiency. In turn, this allows for a more versatile and widespread arrangement of sensors and transceivers in industrial settings.",Physical/Tech,https://www.sciencedaily.com/releases/2024/06/240617173700.htm
New Approach to Identifying Altermagnetic Materials,An international team has discovered a spectrum characteristic of an altermagnetic material with X-ray magnetic circular dichroism.,Physical/Tech,https://www.sciencedaily.com/releases/2024/06/240614141921.htm
Self-Assembling and Disassembling Swarm Molecular Robots Via DNA Molecular Controller,"Researchers have succeeded in developing a DNA-based molecular controller. Crucially, this controller enables the autonomous assembly and disassembly of molecular robots, as opposed to manually directing it.",Physical/Tech,https://www.sciencedaily.com/releases/2024/06/240614141857.htm
Scientists Preserve DNA in an Amber-Like Polymer,"With their &apos;T-REX&apos; method, researchers developed a glassy, amber-like polymer that can be used for long-term storage of DNA, such as entire human genomes or digital files such as photos.",Physical/Tech,https://www.sciencedaily.com/releases/2024/06/240613161153.htm
New Dart Launcher May Be Better Way to Inject Animals With Drugs,A new type of dart launcher has been developed as a safer and more cost-effective alternative to firearms or air guns to inject animals with drugs or tracking chips.,Physical/Tech,https://www.sciencedaily.com/releases/2024/06/240613161144.htm
Technologies Enable 3D Imaging of Whole Human Brain Hemispheres at Subcellular Resolution,"A suite of three innovations enables high-resolution, high-throughput imaging of human brain tissue at a full range of scales and mapping connectivity of neurons at single cell resolution. To demonstrate the advance, researchers compared a brain region in an Alzheimer&apos;s and a control sample.",Physical/Tech,https://www.sciencedaily.com/releases/2024/06/240613161138.htm
Nanosized Blocks Spontaneously Assemble in Water to Create Tiny Floating Checkerboards,Researchers have engineered nanosized cubes that spontaneously form a two-dimensional checkerboard pattern when dropped on the surface of water. The work presents a simple approach to create complex nanostructures through a technique called self-assembly.,Physical/Tech,https://www.sciencedaily.com/releases/2024/06/240613140320.htm
Mobile Monitoring for an Airborne Carcinogen in Louisiana's 'Cancer Alley',"Louisiana&apos;s southeastern corridor is sometimes known colloquially as &apos;Cancer Alley&apos; for its high cancer incidence rates connected to industrial air pollution. Most of the region&apos;s air pollution-related health risks are attributed to ethylene oxide, a volatile compound used to make plastics and sterilize medical equipment. Researchers measured concerning levels of ethylene oxide in this area with mobile optical instruments, a technique they say could improve health risk assessments.",Physical/Tech,https://www.sciencedaily.com/releases/2024/06/240612140928.htm
"To Heal Skin, Scientists Invent Living Bioelectronics",Engineers have created a patch that combines sensors and bacteria to interact with the body.,Physical/Tech,https://www.sciencedaily.com/releases/2024/06/240612140815.htm
Researchers Leverage Inkjet Printing to Make a Portable Multispectral 3D Camera,"Researchers have used inkjet printing to create a compact multispectral version of a light field camera. The camera, which fits in the palm of the hand, could be useful for many applications including autonomous driving, classification of recycled materials and remote sensing.",Physical/Tech,https://www.sciencedaily.com/releases/2024/06/240612140812.htm
Breakthrough in Next-Generation Memory Technology!,Scientists maximize the efficiency of hafnia-based ferroelectric memory devices.,Physical/Tech,https://www.sciencedaily.com/releases/2024/06/240612113338.htm
Uncovering the Nature of Emergent Magnetic Monopoles,"To understand the unique physical phenomena associated with the properties of magnetic hedgehogs and antihedgehogs, which behave as virtual magnetic monopoles and antimonopoles respectively, it is essential to study their intrinsic excitations. In a new study, researchers revealed the dynamical nature of collective excitation modes in hedgehog lattices in itinerant chiral magnets. Their findings serve as the foundation for studying the dynamics of emergent magnetic monopoles in magnets.",Physical/Tech,https://www.sciencedaily.com/releases/2024/06/240612113316.htm
An AI-Powered Wearable System Tracks the 3D Movement of Smart Pills in the Gut,"Scientists have developed an artificial intelligence (AI)-powered system to track tiny devices that monitor markers of disease in the gut. Devices using the novel system may help at-risk individuals monitor their gastrointestinal (GI) tract health at home, without the need for invasive tests in hospital settings.",Physical/Tech,https://www.sciencedaily.com/releases/2024/06/240612113307.htm
Virtual Reality as a Reliable Shooting Performance-Tracking Tool,"Virtual reality technology can do more than teach weaponry skills in law enforcement and military personnel, a new study suggests: It can accurately record shooting performance and reliably track individuals&apos; progress over time.",Physical/Tech,https://www.sciencedaily.com/releases/2024/06/240611171431.htm
Semiconductor Doping and Electronic Devices: Heating Gallium Nitride and Magnesium Forms Superlattice,"A study revealed that a simple thermal reaction of gallium nitride with metallic magnesium results in the formation of a distinctive superlattice structure. This represents the first time researchers have identified the insertion of 2D metal layers into a bulk semiconductor. By carefully observing materials through various cutting-edge characterization techniques, the researchers uncovered new insights into the process of semiconductor doping and elastic strain engineering.",Physical/Tech,https://www.sciencedaily.com/releases/2024/06/240611130345.htm
Switching Nanomagnets Using Infrared Lasers,"Physicists have calculated how suitable molecules can be stimulated by infrared light pulses to form tiny magnetic fields. If this is also successful in experiments, the principle could be used in quantum computer circuits.",Physical/Tech,https://www.sciencedaily.com/releases/2024/06/240611130317.htm
New Computer Vision Method Helps Speed Up Screening of Electronic Materials,"A new computer vision technique developed by engineers significantly speeds up the characterization of newly synthesized electronic materials. Such materials might be used in novel solar cells, transistors, LEDs, and batteries.",Physical/Tech,https://www.sciencedaily.com/releases/2024/06/240611130301.htm
Researchers Demonstrate the First Chip-Based 3D Printer,"Researchers have demonstrated the first chip-based 3D printer, a tiny device that emits reconfigurable beams of visible light into a well of resin that rapidly cures into a solid shape. The advance could enable a 3D printer small enough to fit in the palm of a person&apos;s hand.",Physical/Tech,https://www.sciencedaily.com/releases/2024/06/240610170911.htm
Researchers Create Skin-Inspired Sensory Robots to Provide Medical Treatment,"Scientists have created innovative soft robots equipped with electronic skins and artificial muscles, allowing them to sense their surroundings and adapt their movements in real-time.",Physical/Tech,https://www.sciencedaily.com/releases/2024/06/240610140335.htm
Miniaturizing a Laser on a Photonic Chip,"Scientists have successfully miniaturized a powerful erbium-based biber laser on a silicon-nitride photonic chip. Since typical erbium-based fiber lasers are large and difficult to scale down, the breakthrough promises major advances in optical communications and sensing technologies.",Physical/Tech,https://www.sciencedaily.com/releases/2024/06/240610140244.htm
'Quantum Optical Antennas' Provide More Powerful Measurements on the Atomic Level,"A multi-institutional team has created atomic optical antennas in solids. The team used germanium vacancy centers in diamonds to create an optical energy enhancement of six orders of magnitude, a regime challenging to reach with conventional atomic antenna structures.",Physical/Tech,https://www.sciencedaily.com/releases/2024/06/240610140156.htm
"With Programmable Pixels, Novel Sensor Improves Imaging of Neural Activity",New camera chip design allows for optimizing each pixel&apos;s timing to maximize signal to noise ratio when tracking real-time visual indicator of neural voltage.,Physical/Tech,https://www.sciencedaily.com/releases/2024/06/240607121431.htm
Discovery Highlights 'Critical Oversight' in Perceived Security of Wireless Networks,"A research team has uncovered an eavesdropping security vulnerability in high-frequency and high-speed wireless backhaul links, widely employed in critical applications such as 5G wireless cell phone signals and low-latency financial trading on Wall Street.",Physical/Tech,https://www.sciencedaily.com/releases/2024/06/240606184305.htm
Liquid Metal-Based Electronic Logic Device That Mimics Intelligent Prey-Capture Mechanism of Venus Flytrap,"A research team has developed a liquid metal-based electronic logic device that mimics the intelligent prey-capture mechanism of Venus flytraps. Exhibiting memory and counting properties, the device can intelligently respond to various stimulus sequences without the need for additional electronic components. The intelligent strategies and logic mechanisms in the device provide a fresh perspective on understanding &apos;intelligence&apos; in nature and offer inspiration for the development of &apos;embodied intelligence&apos;.",Physical/Tech,https://www.sciencedaily.com/releases/2024/06/240606152322.htm
Better Farming Through Nanotechnology,Advanced technologies enable the controlled release of medicine to specific cells in the body. Scientists argue these same technologies must be applied to agriculture if growers are to meet increasing global food demands.,Physical/Tech,https://www.sciencedaily.com/releases/2024/06/240606152255.htm
Crystal Engineering Modifies 2D Metal Halide Perovskites Into 1D Nanowires,Engineers have created a patent-pending method that creates layered perovskite nanowires with exceptionally well-defined and flexible cavities that exhibit a wide range of unusual optical properties beyond conventional perovskites.,Physical/Tech,https://www.sciencedaily.com/releases/2024/06/240606152212.htm
People Feel More Connected to 'Tweezer-Like' Bionic Tools That Don't Resemble Human Hands,"Some say the next step in human evolution will be the integration of technology with flesh. Now, researchers have used virtual reality to test whether humans can feel embodiment -- the sense that something is part of one&apos;s body -- toward prosthetic &apos;hands&apos; that resemble a pair of tweezers. They report that participants felt an equal degree of embodiment for the tweezer-hands and were also faster and more accurate in completing motor tasks in virtual reality than when they were equipped with a virtual human hand.",Physical/Tech,https://www.sciencedaily.com/releases/2024/06/240606152145.htm
Towards Next-Gen Functional Materials: Direct Observation of Electron Transfer in Solids,"Nanoscale electron transfer (ET) in solids is fundamental to the development of multifunctional materials. However, ET in solids is not yet clearly understood. Now, researchers achieved a direct observation of solid-state ET through X-ray crystal analysis by fabricating a novel double-walled non-covalent crystalline nanotube, which can absorb electron donor molecules and maintain its crystalline structure during ET. This innovative approach can lead to the design of novel functional materials soon.",Physical/Tech,https://www.sciencedaily.com/releases/2024/06/240604132051.htm
Shining a Light on Molecules: L-Shaped Metamaterials Can Control Light Direction,"Polarized light waves spin clockwise or counterclockwise as they travel, with one direction behaving differently than the other as it interacts with molecules. This directionality, called chirality or handedness, could provide a way to identify and sort specific molecules for use in biomedicine applications, but researchers have had limited control over the direction of the waves -- until now.",Physical/Tech,https://www.sciencedaily.com/releases/2024/06/240604132006.htm
Development of Revolutionary Color-Tunable Photonic Devices,Team develops a flexible and stretchable device capable of omnidirectional color wavelength control.,Physical/Tech,https://www.sciencedaily.com/releases/2024/06/240603114259.htm
Designing Environments That Are Robot-Inclusive,"To overcome issues associated with real-life testing, researchers successfully demonstrated the use of digital twin technology within robot simulation software in assessing a robot&apos;s suitability for deployment in simulated built environments.",Physical/Tech,https://www.sciencedaily.com/releases/2024/05/240531122530.htm
Combining Simulations and Experiments to Get the Best out of Fe3Al,Researchers combined computer simulations and transmission electron microscopy experiments to better understand the ordering mobility and formation of microstructure domains in Fe3Al alloy. They were able to correlate structural changes with heat treatment to understand how particular mechanical behavior can be achieved. This is expected to allow the superelastic properties of Fe3Al to harnessed for the 3D printing of construction materials for absorbing seismic activity.,Physical/Tech,https://www.sciencedaily.com/releases/2024/05/240530132649.htm
"Rewritable, Recyclable 'Smart Skin' Monitors Biological Signals on Demand",A team recently developed an adhesive sensing device that seamlessly attaches to human skin to detect and monitor the wearer&apos;s health.,Physical/Tech,https://www.sciencedaily.com/releases/2024/05/240530132301.htm
"Public Have No Difficulty Getting to Grips With an Extra Thumb, Study Finds","Researchers have shown that members of the public have little trouble in learning very quickly how to use a third thumb -- a controllable, prosthetic extra thumb -- to pick up and manipulate objects. The team tested the robotic device on a diverse range of participants, which they say is essential for ensuring new technologies are inclusive and can work for everyone.",Physical/Tech,https://www.sciencedaily.com/releases/2024/05/240529142939.htm
How a Tiny Device Could Lead to Big Physics Discoveries and Better Lasers,"Researchers have fabricated a device no wider than a human hair that will help physicists investigate the fundamental nature of matter and light. Their findings could also support the development of more efficient lasers, which are used in fields ranging from medicine to manufacturing.",Physical/Tech,https://www.sciencedaily.com/releases/2024/05/240524115304.htm
Charge Your Laptop in a Minute or Your EV in 10? Supercapacitors Can Help,Imagine if your dead laptop or phone could charge in a minute or if an electric car could be fully powered in 10 minutes. New research could lead to such advances.,Physical/Tech,https://www.sciencedaily.com/releases/2024/05/240524171435.htm
More Than Spins: Exploring Uncharted Territory in Quantum Devices,"Many of today&apos;s quantum devices rely on collections of qubits, also called spins. These quantum bits have only two energy levels, the &apos;0&apos; and the &apos;1&apos;. However, spins in real devices also interact with light and vibrations known as bosons, greatly complicating calculations. Researchers now demonstrate a way to describe spin-boson systems and use this to efficiently configure quantum devices in a desired state.",Physical/Tech,https://www.sciencedaily.com/releases/2024/05/240524115319.htm
Imperceptible Sensors Made from 'Electronic Spider Silk' Can Be Printed Directly on Human Skin,"Researchers have developed a method to make adaptive and eco-friendly sensors that can be directly and imperceptibly printed onto a wide range of biological surfaces, whether that&apos;s a finger or a flower petal.",Physical/Tech,https://www.sciencedaily.com/releases/2024/05/240524115309.htm
To 6G and Beyond: Engineers Unlock the Next Generation of Wireless Communications,Engineers have developed a new tool that could unlock 6G and the next generation of wireless networks: an adjustable filter that can successfully prevent interference in high-frequency bands of the electromagnetic spectrum.,Physical/Tech,https://www.sciencedaily.com/releases/2024/05/240524114938.htm
Electromechanical Material Doesn't Get 'Clamped' Down,A new study finds that a class of electromechanically active materials called antiferroelectrics may hold the key to overcoming performance limitations due to clamping in miniaturized electromechanical systems.,Physical/Tech,https://www.sciencedaily.com/releases/2024/05/240523205052.htm
Team Enhances Stereotactic Neurosurgery Precision Using MRI-Guided Multi-Stage Robotic Positioner,A research team developed an interactive multi-stage robotic positioner specifically designed for magnetic resonance imaging (MRI)-guided stereotactic neurosurgery.,Physical/Tech,https://www.sciencedaily.com/releases/2024/05/240523112554.htm
Producing Novel Liquid Crystals by Stacking Antiaromatic Units,"In a recent study, researchers developed modified norcorrole molecules whose side chains favored the formation of columnar -stacking structures. Using these compounds, they produced liquid crystals with high electrical conductivity and thermotropic properties. Their findings open up new design avenues for materials useful in electronics, sensing, optics, and biomedicine.",Physical/Tech,https://www.sciencedaily.com/releases/2024/05/240523112515.htm
Wearable Devices Get Signal Boost from Innovative Material,"An international team have developed a new material that moves like skin while preserving signal strength in electronics. The technology could enable the development of next-generation wearable devices with continuous, consistent wireless and battery-free functionality.",Physical/Tech,https://www.sciencedaily.com/releases/2024/05/240522225234.htm
"Wearable Ultrasound Patch Enables Continuous, Non-Invasive Monitoring of Cerebral Blood Flow","Engineers have developed a wearable ultrasound patch that can offer continuous, non-invasive monitoring of blood flow in the brain. The soft and stretchy patch can be comfortably worn on the temple to provide three-dimensional data on cerebral blood flow--a first in wearable technology.",Physical/Tech,https://www.sciencedaily.com/releases/2024/05/240522225226.htm
Adhesive Coatings Can Prevent Scarring Around Medical Implants,"Engineers have found a way to eliminate the buildup of scar tissue around implantable devices, by coating them with a hydrogel adhesive. The material binds the device to tissue and prevents the immune system from attacking the device.",Physical/Tech,https://www.sciencedaily.com/releases/2024/05/240522130429.htm
Strings That Can Vibrate Forever (Kind Of),Researchers have engineered string-like resonators capable of vibrating longer at ambient temperature than any previously known solid-state object -- approaching what is currently only achievable near absolute zero temperatures. Their study pushes the edge of nanotechnology and machine learning to make some of the world&apos;s most sensitive mechanical sensors.,Physical/Tech,https://www.sciencedaily.com/releases/2024/05/240522130402.htm
Streamlined Microcomb Design Provides Control With the Flip of a Switch,Researchers describe new microcomb lasers they have developed that overcome previous limitations and feature a simple design that could open the door to a broad range of uses.,Physical/Tech,https://www.sciencedaily.com/releases/2024/05/240522130303.htm
New Crystal Production Method Could Enhance Quantum Computers and Electronics,Scientists describe a new method to make very thin crystals of the element bismuth -- a process that may aid the manufacturing of cheap flexible electronics an everyday reality.,Physical/Tech,https://www.sciencedaily.com/releases/2024/05/240521204322.htm
Innovative 3D Printing Could Revolutionize Treatment for Cataracts and Other Eye Conditions,"Rsearchers have developed the first 3D printable ocular resins, marking a significant breakthrough in manufacturing specialist lenses for implantation in the human eye.",Physical/Tech,https://www.sciencedaily.com/releases/2024/05/240520122828.htm
Airborne Technology Brings New Hope to Map Shallow Aquifers in Earth's Most Arid Deserts,"The new technique will map the top of the aquifer, called the &apos;water table,&apos; spanning areas as large as hundreds of kilometers using a radar mounted on a high-altitude aircraft. According to the researchers, Desert-SEA will measure the variabilities in the depth of the water table on a large scale, allowing water scientists to assess the sustainability of these aquifers without the limitations associated with in-situ mapping in harsh and inaccessible environments.",Physical/Tech,https://www.sciencedaily.com/releases/2024/05/240516205152.htm
"To Optimize Guide-Dog Robots, First Listen to the Visually Impaired","What features does a robotic guide dog need? Ask the blind, say researchers. A new study identifies how to develop robot guide dogs with insights from guide dog users and trainers.",Physical/Tech,https://www.sciencedaily.com/releases/2024/05/240516122623.htm
Automated News Video Production Is Better With a Human Touch,AI-generated videos for short messages are only as well received as manually created ones if they are edited by humans.,Physical/Tech,https://www.sciencedaily.com/releases/2024/05/240516122602.htm
Robotic 'SuperLimbs' Could Help Moonwalkers Recover from Falls,"SuperLimbs, a system of wearable robotic limbs, can physically support an astronaut and lift them back on their feet after a fall, helping them conserve energy for other essential tasks.",Physical/Tech,https://www.sciencedaily.com/releases/2024/05/240515164312.htm
Robots' and Prosthetic Hands' Sense of Touch Could Be as Fast as Humans,Research could pave the way for a prosthetic hand and robot to be able to feel touch like a human hand. The technology could also be used to help restore lost functionality to patients after a stroke.,Physical/Tech,https://www.sciencedaily.com/releases/2024/05/240515122740.htm
Researchers Use Artificial Intelligence to Boost Image Quality of Metalens Camera,"Researchers have leveraged deep learning techniques to enhance the image quality of a metalens camera. The new approach uses artificial intelligence to turn low-quality images into high-quality ones, which could make these cameras viable for a multitude of imaging tasks including intricate microscopy applications and mobile devices.",Physical/Tech,https://www.sciencedaily.com/releases/2024/05/240515122715.htm
Next-Generation Sustainable Electronics Are Doped With Air,"Semiconductors are the foundation of all modern electronics. Now, researchers have developed a new method where organic semiconductors can become more conductive with the help of air as a dopant. The study is a significant step towards future cheap and sustainable organic semiconductors.",Physical/Tech,https://www.sciencedaily.com/releases/2024/05/240515122654.htm
Promising New Development in Solar Cell Technology,"Researchers who contributed to the development of record-breaking solar cells a few years ago, expanded their invention. The self-assembled monolayers can now be applied not only in inverted but also in regular structure perovskite solar cells.",Physical/Tech,https://www.sciencedaily.com/releases/2024/05/240515122642.htm
Counterfeit Coins Can Be Detected More Easily Thanks to a Novel Approach,"Researchers present a novel framework that uses image-mining techniques and machine learning algorithms to identify flaws in counterfeit coins. The researchers&apos; framework uses fuzzy association rules mining to find patterns that are similar but &apos;fuzzy,&apos; i.e., not clear enough to be exact copies. However, the framework will eventually arrive at a certain range of results where positive matches be confidently identified.to extract frequent patterns from the images. These patterns capture relationships among the blobs&apos; attributes, such as color, texture, shape and size. The patterns help researchers to better understand the images and tell whether a coin is real or fake.",Physical/Tech,https://www.sciencedaily.com/releases/2024/05/240514183505.htm
Scientists Develop an Affordable Sensor for Lead Contamination,"A new system could enable simple, low-cost detectors for monitoring water for lead contamination, and potentially other heavy metals as well.",Physical/Tech,https://www.sciencedaily.com/releases/2024/05/240514183502.htm
Using Artificial Intelligence to Speed Up and Improve the Most Computationally-Intensive Aspects of Plasma Physics in Fusion,"Researchers are using artificial intelligence to perfect the design of the vessels surrounding the super-hot plasma, optimize heating methods and maintain stable control of the reaction for increasingly long periods. A new article explains how a researcher team used machine learning to avoid magnetic perturbations, or disruptions, which destabilize fusion plasma.",Physical/Tech,https://www.sciencedaily.com/releases/2024/05/240514141340.htm
"Speedy, Secure, Sustainable -- That's the Future of Telecom",A new device that can process information using a small amount of light could enable energy-efficient and secure communications.,Physical/Tech,https://www.sciencedaily.com/releases/2024/05/240514141331.htm
Transforming Waste Carbon Dioxide Into High-Value Chemicals With a Cost Reduction of About 30%,"A team of scientists has developed a novel technique to convert carbon dioxide (CO2) from treated flue gas directly into high-value chemicals and fuels. This innovation sidesteps the conventional approach of using high-purity CO2 for electrochemical reduction processes, achieving significant cost savings of about 30%.",Physical/Tech,https://www.sciencedaily.com/releases/2024/05/240514141445.htm
Exceptionally Large Transverse Thermoelectric Effect Produced by Combining Thermoelectric and Magnetic Materials,A research team has demonstrated that a simple stack of thermoelectric and magnetic material layers can exhibit a substantially larger transverse thermoelectric effect -- energy conversion between electric and heat currents that flow orthogonally to each other within it -- than existing magnetic materials capable of exhibiting the anomalous Nernst effect. This mechanism may be used to develop new types of thermoelectric devices useful in energy harvesting and heat flux sensing.,Physical/Tech,https://www.sciencedaily.com/releases/2024/05/240513150515.htm
Learning the Imperfections: New Approach to Using Neural Networks for Low-Power Digital Pre-Distortion (DPD) in mmWave Systems,"Engineers have demonstrated a simple computational approach for improving the linearization of power amplifiers (PA), such as those used in mmWave systems and other telecommunication systems. The proposed technique involves training small neural networks to directly estimate the coefficients of a polynomial for digital pre-distortion (DPD) based on their frequency response during calibration sweeps.",Physical/Tech,https://www.sciencedaily.com/releases/2024/05/240510111406.htm
"Good Vibrations: New Tech May Lead to Smaller, More Powerful Wireless Devices","What if your earbuds could do everything your smartphone can, but better? A new class of synthetic materials could allow for smaller devices that use less power.",Physical/Tech,https://www.sciencedaily.com/releases/2024/05/240509170238.htm
'Smart' Contact Lenses Could Someday Enable Wireless Glaucoma Detection,"Most people with early-stage glaucoma don&apos;t know they have it, even though early treatment is key to reducing vision loss. While detecting a subtle increase in eye pressure helps doctors to diagnose glaucoma, it&apos;s challenging to monitor continuously, especially with the variety of temperatures eyes experience. Now, researchers report a prototype &apos;smart&apos; contact lens that measures eye pressure accurately, regardless of temperature.",Physical/Tech,https://www.sciencedaily.com/releases/2024/05/240509155538.htm
New Machine Learning Algorithm Promises Advances in Computing,"Systems controlled by next-generation computing algorithms could give rise to better and more efficient machine learning products, a new study suggests.",Physical/Tech,https://www.sciencedaily.com/releases/2024/05/240509155536.htm
2D All-Organic Perovskites: Potential Use in 2D Electronics,"Perovskites are among the most researched topics in materials science. Recently, a research team has solved an age-old challenge to synthesize all-organic two-dimensional perovskites, extending the field into the exciting realm of 2D materials. This breakthrough opens up a new field of 2D all-organic perovskites, which holds promise for both fundamental science and potential applications.",Physical/Tech,https://www.sciencedaily.com/releases/2024/05/240509110857.htm
Generative AI That Imitates Human Motion,"Walking and running is notoriously difficult to recreate in robots. Now, a group of researchers has overcome some of these challenges by creating an innovative method that employs central pattern generators -- neural circuits located in the spinal cord that generate rhythmic patterns of muscle activity -- with deep reinforcement learning. The method not only imitates walking and running motions but also generates movements for frequencies where motion data is absent, enables smooth transition movements from walking to running, and allows for adapting to environments with unstable surfaces.",Physical/Tech,https://www.sciencedaily.com/releases/2024/05/240509110822.htm
'Wraparound' Implants Represent New Approach to Treating Spinal Cord Injuries,"A tiny, flexible electronic device that wraps around the spinal cord could represent a new approach to the treatment of spinal injuries, which can cause profound disability and paralysis. A team of engineers, neuroscientists and surgeons developed the devices and used them to record the nerve signals going back and forth between the brain and the spinal cord. Unlike current approaches, the new devices can record 360-degree information, giving a complete picture of spinal cord activity.",Physical/Tech,https://www.sciencedaily.com/releases/2024/05/240508140647.htm
"A New, Low-Cost, High-Efficiency Photonic Integrated Circuit","Researchers have developed scalable photonic integrated circuits, based on lithium tantalate, marking a significant advancement in optical technologies with potential to widespread commercial applications.",Physical/Tech,https://www.sciencedaily.com/releases/2024/05/240508113139.htm
'Better Than Graphene' Material Development May Improve Implantable Technology,"Move over, graphene. There&apos;s a new, improved two-dimensional material in the lab. Borophene, the atomically thin version of boron first synthesized in 2015, is more conductive, thinner, lighter, stronger and more flexible than graphene, the 2D version of carbon. Now, researchers have made the material potentially more useful by imparting chirality -- or handedness -- on it, which could make for advanced sensors and implantable medical devices.",Physical/Tech,https://www.sciencedaily.com/releases/2024/05/240507150132.htm
Small Pump for Kids Awaiting Heart Transplant Shows Promise,A new type of surgically implanted pump that can support a child&apos;s failing heart has passed the first stage of human testing in a recent trial.,Physical/Tech,https://www.sciencedaily.com/releases/2024/05/240507145956.htm
Why Getting in Touch With Our 'Gerbil Brain' Could Help Machines Listen Better,"Researchers have debunked a 75-year-old theory about how humans determine where sounds are coming from, and it could unlock the secret to creating a next generation of more adaptable and efficient hearing devices ranging from hearing aids to smartphones.",Physical/Tech,https://www.sciencedaily.com/releases/2024/05/240507144621.htm
VR May Pose Privacy Risks for Kids: A New Study Finds Parents Aren't as Worried as They Should Be,"New research finds that, while an increasing number of minors are using virtual reality (VR) apps, not many parents recognize the extent of the security and privacy risks that are specific to VR technologies. The study also found that few parents are taking active steps to address those security and privacy issues, such as using parental controls built into the apps.",Physical/Tech,https://www.sciencedaily.com/releases/2024/05/240506131541.htm
"When Injecting Pure Spin Into Chiral Materials, Direction Matters","The direction in which spin information is injected into chiral materials affects its ability to pass through them. These chiral &apos;gateways&apos; could be used to design energy-efficient spintronic devices for data storage, communication and computing.",Physical/Tech,https://www.sciencedaily.com/releases/2024/05/240503172611.htm
Tweaking Isotopes Sheds Light on Promising Approach to Engineer Semiconductors,"Scientists have demonstrated that small changes in the isotopic content of thin semiconductor materials can influence their optical and electronic properties, possibly opening the way to new and advanced designs with the semiconductors.",Physical/Tech,https://www.sciencedaily.com/releases/2024/05/240503135319.htm
Stretchable E-Skin Could Give Robots Human-Level Touch Sensitivity,"A stretchy electronic skin could equip robots and other devices with the same softness and touch sensitivity as human skin, opening up new possibilities to perform tasks that require a great deal of precision and control of force.",Physical/Tech,https://www.sciencedaily.com/releases/2024/05/240503111943.htm
Towards Transparent and Antimicrobial Surfaces for Touch Displays,Researchers report the development of a durable and transparent antimicrobial surface containing copper nanoparticles. The nanostructured surface was obtained by dewetting ultrathin metal copper films on a glass substrate.,Physical/Tech,https://www.sciencedaily.com/releases/2024/05/240503111738.htm
"Nanotubes, Nanoparticles, and Antibodies Detect Tiny Amounts of Fentanyl",A research team has developed a fentanyl sensor that is six orders of magnitude more sensitive than any electrochemical sensor for the drug reported in the past five years. The portable sensor can also tell the difference between fentanyl and other opioids.,Physical/Tech,https://www.sciencedaily.com/releases/2024/05/240502174813.htm
Path to Easier Recycling of Solar Modules,"The use of femtosecond lasers to form glass-to-glass welds for solar modules would make the panels easier to recycle, according to a proof-of-concept study.",Physical/Tech,https://www.sciencedaily.com/releases/2024/05/240502141234.htm
New Sensor Detects Errors in MRI Scans,"A new prototype sensor is capable of detecting errors in MRI scans using laser light and gas. The new sensor can thereby do what is impossible for current electrical sensors -- and hopefully pave the way for MRI scans that are better, cheaper and faster.",Physical/Tech,https://www.sciencedaily.com/releases/2024/05/240502113757.htm
This Highly Reflective Black Paint Makes Objects More Visible to Autonomous Cars,"Driving at night might be a scary challenge for a new driver, but with hours of practice it soon becomes second nature. For self-driving cars, however, practice may not be enough because the lidar sensors that often act as these vehicles&apos; &apos;eyes&apos; have difficulty detecting dark-colored objects. New research describes a highly reflective black paint that could help these cars see dark objects and make autonomous driving safer.",Physical/Tech,https://www.sciencedaily.com/releases/2024/05/240502113726.htm
The Big Quantum Chill: Scientists Modify Common Lab Refrigerator to Cool Faster With Less Energy,"Scientists have dramatically reduced the time and energy required to chill materials to temperatures near absolute zero. Their prototype refrigerator could prove a boon for the burgeoning quantum industry, which widely uses ultracold materials.",Physical/Tech,https://www.sciencedaily.com/releases/2024/05/240501193639.htm
Scientists Solve Chemical Mystery at the Interface of Biology and Technology,"Organic electrochemical transistors (OECTs) allow current to flow in devices like implantable biosensors. But scientists long knew about a quirk of OECTs that no one could explain: When an OECT is switched on, there is a lag before current reaches the desired operational level. When switched off, there is no lag. Current drops immediately. Researchers report that they have discovered the reason for this activation lag, and in the process are paving the way to custom-tailored OECTs for a growing list of applications in biosensing, brain-inspired computation and beyond.",Physical/Tech,https://www.sciencedaily.com/releases/2024/04/240430145610.htm
Innovation Promises to Prevent Power Pole-Top Fires,"Engineers in Australia have found a new way to make power-pole insulators resistant to fire and electrical sparking, promising to prevent dangerous pole-top fires and reduce blackouts. Pole-top fires pose significant challenges to power providers and communities worldwide. In March, pole-top fires cut power from 40,000 homes and businesses in Perth, Australia. The 2020 Royal Commission into National Natural Disaster Arrangements found that power outages experienced by 280,000 customers from various energy providers during Black Summer fires in Australia were mainly triggered by events involving insulators and poles.",Physical/Tech,https://www.sciencedaily.com/releases/2024/04/240430105624.htm
Laser Imaging Could Offer Early Detection for at-Risk Artwork,A bright yellow pigment favored a century ago by Impressionists such as Matisse and Van Gogh is losing its luster. Researchers have developed a laser imaging technique that can detect the first tiny signs of the pigment&apos;s breakdown before they&apos;re visible to the eye. The work could help art conservators take earlier steps to make the color last.,Physical/Tech,https://www.sciencedaily.com/releases/2024/04/240429165817.htm
New Circuit Boards Can Be Repeatedly Recycled,"Researchers have developed a new PCB that performs on par with traditional materials and can be recycled repeatedly with negligible material loss. Researchers used a solvent that transforms a type of vitrimer -- a cutting-edge class of polymer -- into a jelly-like substance without damage, allowing solid components to be plucked out for reuse or recycling. With these &apos;vPCBs&apos; (vitrimer printed circuit boards), researchers recovered 98% of the vitrimer and 100% of the glass fiber.",Physical/Tech,https://www.sciencedaily.com/releases/2024/04/240426165151.htm
Robotic Nerve 'Cuffs' Could Help Treat a Range of Neurological Conditions,"Researchers have developed tiny, flexible devices that can wrap around individual nerve fibers without damaging them. The researchers combined flexible electronics and soft robotics techniques to develop the devices, which could be used for the diagnosis and treatment of a range of disorders, including epilepsy and chronic pain, or the control of prosthetic limbs.",Physical/Tech,https://www.sciencedaily.com/releases/2024/04/240426110020.htm
Professor Resolves Two Decades of Oxide Semiconductor Challenges,Successful development of high-performance amorphous P-type oxide semiconductor using tellurium-selenium composite oxide.,Physical/Tech,https://www.sciencedaily.com/releases/2024/04/240426110034.htm
Key to Efficient and Stable Organic Solar Cells,A team of researchers has made a significant breakthrough in the field of organic photovoltaics.,Physical/Tech,https://www.sciencedaily.com/releases/2024/04/240425131445.htm
'Like a Nanoscopic Moon Lander': Scientists Unlock Secret of How Pyramidal Molecules Move Across Surfaces,Scientists have watched a molecule move across a graphite surface in unprecedented detail. It turns out this particular molecule moves like a Moon lander -- and the insights hold potential for future nanotechnologies.,Physical/Tech,https://www.sciencedaily.com/releases/2024/04/240425131428.htm
Scientists Tune the Entanglement Structure in an Array of Qubits,A new technique can generate batches of certain entangled states in a quantum processor. This advance could help scientists study the fundamental quantum property of entanglement and enable them to build larger and more complex quantum processors.,Physical/Tech,https://www.sciencedaily.com/releases/2024/04/240424182442.htm
Rubber-Like Stretchable Energy Storage Device Fabricated With Laser Precision,Scientists use laser ablation technology to develop a deformable micro-supercapacitor.,Physical/Tech,https://www.sciencedaily.com/releases/2024/04/240424111659.htm
Holographic Displays Offer a Glimpse Into an Immersive Future,Researchers have invented a new optical element that brings us one step closer to mixing the real and virtual worlds in an ordinary pair of eyeglasses using high-definition 3D holographic images.,Physical/Tech,https://www.sciencedaily.com/releases/2024/04/240424111558.htm
Opening Up the Potential of Thin-Film Electronics for Flexible Chip Design,"The mass production of conventional silicon chips relies on a successful business model with large &apos;semiconductor fabrication plants&apos; or &apos;foundries&apos;. New research by shows that this &apos;foundry&apos; model can also be applied to the field of flexible, thin-film electronics.",Physical/Tech,https://www.sciencedaily.com/releases/2024/04/240424111507.htm
A Simple 'Twist' Improves the Engine of Clean Fuel Generation,"Researchers have found a way to super-charge the &apos;engine&apos; of sustainable fuel generation -- by giving the materials a little twist. The researchers are developing low-cost light-harvesting semiconductors that power devices for converting water into clean hydrogen fuel, using just the power of the sun. These semiconducting materials, known as copper oxides, are cheap, abundant and non-toxic, but their performance does not come close to silicon, which dominates the semiconductor market.",Physical/Tech,https://www.sciencedaily.com/releases/2024/04/240424111459.htm
Magnetic Microcoils Unlock Targeted Single-Neuron Therapies for Neurodegenerative Disorders,"Researchers deploy an array of microscopic coils to create a magnetic field and stimulate individual neurons. The magnetic field can induce an electric field in any nearby neurons, the same effect created by an electrode but much more precise. They used an array of eight coils, which combined can induce electric fields using much less current per coil, and employed soft magnetic materials, which boost the magnetic strength of the coils. The researchers constructed a prototype of their coil array, called MagPatch, and encapsulated it within a biocompatible coating.",Physical/Tech,https://www.sciencedaily.com/releases/2024/04/240423113133.htm
Unlocking Spin Current Secrets: A New Milestone in Spintronics,"Using neutron scattering and voltage measurements, a group of researchers have discovered that a material&apos;s magnetic properties can predict spin current changes with temperature. The finding is a major breakthrough in the field of spintronics.",Physical/Tech,https://www.sciencedaily.com/releases/2024/04/240423113101.htm
2D Materials Rotate Light Polarization,Physicists have shown that ultra-thin two-dimensional materials such as tungsten diselenide can rotate the polarization of visible light by several degrees at certain wavelengths under small magnetic fields suitable for use on chips.,Physical/Tech,https://www.sciencedaily.com/releases/2024/04/240422120712.htm
Magnetic With a Pinch of Hydrogen,"Magnetic two-dimensional materials consisting of one or a few atomic layers have only recently become known and promise interesting applications, for example for the electronics of the future. So far, however, it has not been possible to control the magnetic states of these materials well enough. A research team is now presenting an innovative idea that could overcome this shortcoming -- by allowing the 2D layer to react with hydrogen.",Physical/Tech,https://www.sciencedaily.com/releases/2024/04/240422120646.htm
Superradiant Atoms Could Push the Boundaries of How Precisely Time Can Be Measured,"Superradiant atoms can help us measure time more precisely than ever. In a new study, researchers present a new method for measuring the time interval, the second, mitigating some of the limitations that today&apos;s most advanced atomic clocks encounter. The result could have broad implications in areas such as space travel, volcanic eruptions and GPS systems.",Physical/Tech,https://www.sciencedaily.com/releases/2024/04/240422120623.htm
A Flexible and Efficient DC Power Converter for Sustainable-Energy Microgrids,"A new DC-DC power converter is superior to previous designs and paves the way for more efficient, reliable and sustainable energy storage and conversion solutions. The development can efficiently interface with a wide range of energy sources while enhancing system stability and simplicity at an unprecedented efficiency.",Physical/Tech,https://www.sciencedaily.com/releases/2024/04/240419131834.htm
Novel Material Supercharges Innovation in Electrostatic Energy Storage,Scientists have developed artificial heterostructures made of freestanding 2D and 3D membranes that have an energy density up to 19 times higher than commercially available capacitors.,Physical/Tech,https://www.sciencedaily.com/releases/2024/04/240418165149.htm
Machine Learning Used to Create a Fabric-Based Touch Sensor,"A new fabric-based touch sensor used machine learning to control mobile apps, video games and other devices while integrated into clothing.",Physical/Tech,https://www.sciencedaily.com/releases/2024/04/240417182756.htm
Spintronics: A New Path to Room Temperature Swirling Spin Textures,"In some materials, spins form complex magnetic structures within the nanometer and micrometer scale in which the magnetization direction twists and curls along specific directions. Examples of such structures are magnetic bubbles, skyrmions, and magnetic vortices. Spintronics aims to make use of such tiny magnetic structures to store data or perform logic operations with very low power consumption, compared to today&apos;s dominant microelectronic components. However, the generation and stabilization of most of these magnetic textures is restricted to a few materials and achievable under very specific conditions (temperature, magnetic field...). Physicists have now investigated a new approach that can be used to create and stabilize complex spin textures, such as radial vortices, in a variety of compounds.",Physical/Tech,https://www.sciencedaily.com/releases/2024/04/240417131037.htm
"Two-Dimensional Nanomaterial Sets Record for Expert-Defying, Counter-Intuitive Expansion","Engineers have developed a record-setting nanomaterial which when stretched in one direction, expands perpendicular to the applied force.",Physical/Tech,https://www.sciencedaily.com/releases/2024/04/240417130956.htm
Photonic Computation With Sound Waves,"Optical neural networks may provide the high-speed and large-capacity solution necessary to tackle challenging computing tasks. However, tapping their full potential will require further advances. One challenge is the reconfigurability of optical neural networks. A research team has now succeeded in laying the foundation for new reconfigurable neuromorphic building blocks by adding a new dimension to photonic machine learning: sound waves. The researchers use light to create temporary acoustic waves in an optical fiber. The sound waves generated in this way can for instance enable a recurrent functionality in a telecom optical fiber, which is essential to interpreting contextual information such as language.",Physical/Tech,https://www.sciencedaily.com/releases/2024/04/240416115927.htm
Crucial Connection for 'Quantum Internet' Made for the First Time,"Researchers have produced, stored, and retrieved quantum information for the first time, a critical step in quantum networking.",Physical/Tech,https://www.sciencedaily.com/releases/2024/04/240416115854.htm
Millions of Gamers Advance Biomedical Research,"4.5 million gamers around the world have advanced medical science by helping to reconstruct microbial evolutionary histories using a minigame included inside the critically and commercially successful video game, Borderlands 3. Their playing has led to a significantly refined estimate of the relationships of microbes in the human gut. The results of this collaboration will both substantially advance our knowledge of the microbiome and improve on the AI programs that will be used to carry out this work in future.",Physical/Tech,https://www.sciencedaily.com/releases/2024/04/240415163707.htm
"AI Can Write You a Poem and Edit Your Video. Now, It Can Help You Be Funnier",Researchers have developed an AI application using cartoons from The New Yorker to help people be funnier.,Physical/Tech,https://www.sciencedaily.com/releases/2024/04/240415110501.htm
'Surprising' Hidden Activity of Semiconductor Material Spotted by Researchers,"New research suggests that materials commonly overlooked in computer chip design actually play an important role in information processing, a discovery which could lead to faster and more efficient electronics. Using advanced imaging techniques, an international team found that the material that a semiconductor chip device is built on, called the substrate, responds to changes in electricity much like the semiconductor on top of it.",Physical/Tech,https://www.sciencedaily.com/releases/2024/04/240411130410.htm
Proud Seafarers Have Strong Doubts About the Safety of Autonomous Ships,"Despite their great trust in the on-board autopilot, bridge officers do not believe that autonomous ships will make shipping safer. Moreover, the greater the professional commitment and pride of the bridge officers, the less confidence they have in automation increasing safety at sea.",Physical/Tech,https://www.sciencedaily.com/releases/2024/04/240411130125.htm
New Method of Measuring Qubits Promises Ease of Scalability in a Microscopic Package,"The path to quantum supremacy is made challenging by the issues associated with scaling up the number of qubits. One key problem is the way that qubits are measured. A research group introduces a new approach that tackles these challenges head-on using nanobolometers instead of traditional, bulky parametric amplifiers.",Physical/Tech,https://www.sciencedaily.com/releases/2024/04/240410112714.htm
Breakthrough for Next-Generation Digital Displays,"Researchers have developed a digital display screen where the LEDs themselves react to touch, light, fingerprints and the user&apos;s pulse, among other things. Their results could be the start of a whole new generation of displays for phones, computers and tablets.",Physical/Tech,https://www.sciencedaily.com/releases/2024/04/240410112709.htm
New Strategy for Assessing the Applicability of Reactions,Chemists show that a machine-based method prevents widespread &apos;bias&apos; in chemical publications.,Physical/Tech,https://www.sciencedaily.com/releases/2024/04/240410112704.htm
Waterproof 'E-Glove' Could Help Scuba Divers Communicate,"When scuba divers need to say &apos;I&apos;m okay&apos; or &apos;Shark!&apos; to their dive partners, they use hand signals to communicate visually. But sometimes these movements are difficult to see. Now, researchers have constructed a waterproof &apos;e-glove&apos; that wirelessly transmits hand gestures made underwater to a computer that translates them into messages. The new technology could someday help divers communicate better with each other and with boat crews on the surface.",Physical/Tech,https://www.sciencedaily.com/releases/2024/04/240410112656.htm
"New Device Gathers, Stores Electricity in Remote Settings","Wirelessly connected devices perform an expanding array of applications, such as monitoring the condition of machinery and remote sensing in agricultural settings. These applications hold much potential for improving the efficiency, but how do you power these devices where reliable electrical sources are not available? Research points to a possible solution in the form of a novel type of battery.",Physical/Tech,https://www.sciencedaily.com/releases/2024/04/240409170149.htm
A Pulse of Innovation: AI at the Service of Heart Research,"Researchers unveiled BeatProfiler, a groundbreaking new tool -- a comprehensive software that automates the analysis of heart cell function from video data. It&apos;s the first system to integrate the analysis of different heart function indicators, such as contractility, calcium handling, and force output into one tool, speeding up the process significantly and reducing the chance for errors. BeatProfiler enabled the researchers to not only distinguish between different diseases and levels of their severity but also to rapidly and objectively test drugs that affect heart function.",Physical/Tech,https://www.sciencedaily.com/releases/2024/04/240408150501.htm
Engineers Design Soft and Flexible 'Skeletons' for Muscle-Powered Robots,"Engineers designed modular, spring-like devices to maximize the work of live muscle fibers so they can be harnessed to power biohybrid robots.",Physical/Tech,https://www.sciencedaily.com/releases/2024/04/240408130824.htm
New Four-Terminal Tandem Organic Solar Cell Achieves 16.94% Power Conversion Efficiency,"Researchers have fabricated a new four-terminal organic solar cell with a tandem configuration with a 16.94% power conversion efficiency (PCE). The new device is composed by a highly transparent front cell that incorporates a transparent ultrathin silver (Ag) electrode of only 7nm, which ensures its efficient operation.",Physical/Tech,https://www.sciencedaily.com/releases/2024/04/240408130749.htm
Novel Robust-Optimal Controllers Based on Fuzzy Descriptor System,"The Takagi--Sugeno (T--S) fuzzy descriptor system offers a promising avenue for controlling non-linear systems but lacks optimal control strategies. Moreover, while robust control methods have been developed, they add additional complexity. To address these limitations, a team of researchers has developed novel optimal and robust-optimal controllers based on the T--S fuzzy descriptor model, holding great potential for enhanced autonomous systems.",Physical/Tech,https://www.sciencedaily.com/releases/2024/04/240408130733.htm
Protecting Art and Passwords With Biochemistry,A new molecular test method helps to prove the authenticity of works of art. The new method could also help to make passwords secure against quantum computers.,Physical/Tech,https://www.sciencedaily.com/releases/2024/04/240408130730.htm
Researchers 3D Print Key Components for a Point-of-Care Mass Spectrometer,"Researchers 3D printed a miniature ionizer, a key component of a mass spectrometer. Their device could someday enable an affordable, in-home mass spectrometer for health monitoring.",Physical/Tech,https://www.sciencedaily.com/releases/2024/04/240404113429.htm
Drawing Inspiration from Plants: A Metal-Air Paper Battery for Wearable Devices,"Drawing inspiration from the way plants breathe, a group of researchers has created a paper-based magnesium-air battery that can be used in GPS sensors or pulse oximeter sensors. Taking advantage of paper&apos;s recyclability and lightweight nature, the engineered battery holds promise for a more environmentally friendly source of energy.",Physical/Tech,https://www.sciencedaily.com/releases/2024/04/240403130635.htm
Magnetic Fields Boost Clean Energy,"Researchers show that using magnetic fields can boost electrocatalysis for sustainable fuel production by enhancing the movement of the reactants, which improves the efficiency of energy-related reactions.",Physical/Tech,https://www.sciencedaily.com/releases/2024/04/240403130558.htm
"Water-Based Paints: Less Stinky, but Some Still Contain Potentially Hazardous Chemicals","Choosing paint for your home brings a lot of options: What kind of paint, what type of finish and what color? Water-based paints have emerged as &apos;greener&apos; and less smelly than solvent-based options. And they are often advertised as containing little-to-no volatile organic compounds (VOCs). But, according to new research, some of these paints do contain compounds that are considered VOCs, along with other chemicals of emerging concern.",Physical/Tech,https://www.sciencedaily.com/releases/2024/04/240403130534.htm
A Simple Way to Harvest More 'Blue Energy' from Waves,"As any surfer will tell you, waves pack a powerful punch. Now, we are one step closer to capturing the energy behind the ocean&apos;s constant ebb and flow with an improved &apos;blue energy&apos; harvesting device. Researchers report that simply repositioning the electrode -- from the center of a see-sawing liquid-filled tube to the end where the water crashes with the most force -- dramatically increased the amount of wave energy that could be harvested.",Physical/Tech,https://www.sciencedaily.com/releases/2024/04/240403125805.htm
Elastocaloric Cooling: Refrigerator Cools by Flexing Artificial Muscles,"There is room for just one small bottle in the world&apos;s first refrigerator that is cooled with artificial muscles made of nitinol, a nickel-titanium alloy. But the mini-prototype is groundbreaking: it shows that elastocalorics is becoming a viable solution for practical applications. This climate-friendly cooling and heating technology is far more energy-efficient and sustainable than current methods.",Physical/Tech,https://www.sciencedaily.com/releases/2024/04/240402192607.htm
Physics-Based Predictive Tool Will Speed Up Battery and Superconductor Research,"Researchers have developed physics-based guidelines that will benefit host-guest intercalated materials research. By using only two guest properties and eight host-derived descriptors, they correctly predicted the intercalation energies and stabilities of many host-guest systems. This work is an important advance that will minimize the extensive trial-and-error laboratory work that otherwise slows down research and development in battery and superconductor technologies.",Physical/Tech,https://www.sciencedaily.com/releases/2024/04/240401142457.htm
Can Metalens Be Commercialized at a Fraction of the Cost?,Researchers suggests a groundbreaking strategy to expedite the commercialization of metalens technology.,Physical/Tech,https://www.sciencedaily.com/releases/2024/03/240328111031.htm
"Super Permeable Wearable Electronics Developed for Stable, Long-Term Biosignal Monitoring","Super wearable electronics that are lightweight, stretchable and increase sweat permeability by 400-fold have been developed by scientists, enabling reliable long-term monitoring of biosignals for biomedical devices.",Physical/Tech,https://www.sciencedaily.com/releases/2024/03/240327123447.htm
A Solar Cell You Can Bend and Soak in Water,"Researchers have developed an organic photovoltaic film that is both waterproof and flexible, allowing a solar cell to be put onto clothes and still function correctly after being rained on or even washed.",Physical/Tech,https://www.sciencedaily.com/releases/2024/03/240327124746.htm
Bullseye! Accurately Centering Quantum Dots Within Photonic Chips,Researchers have now developed standards and calibrations for optical microscopes that allow quantum dots to be aligned with the center of a photonic component to within an error of 10 to 20 nanometers (about one-thousandth the thickness of a sheet of paper). Such alignment is critical for chip-scale devices that employ the radiation emitted by quantum dots to store and transmit quantum information.,Physical/Tech,https://www.sciencedaily.com/releases/2024/03/240326124540.htm
Micro-Lisa! Making a Mark With Novel Nano-Scale Laser Writing,"High-power lasers are often used to modify polymer surfaces to make high-tech biomedical products, electronics and data storage components. Now researchers have discovered a light-responsive, inexpensive sulfur-derived polymer is receptive to low power, visible light lasers -- promising a more affordable and safer production method in nanotech, chemical science and patterning surfaces in biological applications.",Physical/Tech,https://www.sciencedaily.com/releases/2024/03/240326103915.htm
Scientists Deliver Quantum Algorithm to Develop New Materials and Chemistry,"Scientists published the Cascaded Variational Quantum Eigensolver (CVQE) algorithm in a recent article, expected to become a powerful tool to investigate the physical properties in electronic systems.",Physical/Tech,https://www.sciencedaily.com/releases/2024/03/240325135059.htm
Cool Paint Coatings Help Pedestrians Feel Up to 1.5 Degrees Celsius Cooler in Urban Setting,"A real-world study has shown that the use of cool paint coatings in cities can help pedestrians feel up to 1.5 degrees Celsius cooler, making the urban area more comfortable for work and play.",Physical/Tech,https://www.sciencedaily.com/releases/2024/03/240325114204.htm
A Self-Cleaning Wall Paint,"Beautiful white wall paint does not stay beautiful and white forever. Often, various substances from the air accumulate on its surface. This can be a desired effect because it makes the air cleaner for a while -- but over time, the color changes and needs to be renewed. Now, special titanium oxide nanoparticles have been developed that can be added to ordinary, commercially available wall paint to establish self-cleaning power: The nanoparticles are photocatalytically active, they can use sunlight not only to bind substances from the air, but also to decompose them afterwards.",Physical/Tech,https://www.sciencedaily.com/releases/2024/03/240325114152.htm
"Quantum Interference Could Lead to Smaller, Faster, and More Energy-Efficient Transistors","Scientists made a single-molecule transistor using quantum interference to control electron flow. This new design offers high on/off ratio and stability, potentially leading to smaller, faster, and more energy-efficient devices. Quantum interference also improves the transistor&apos;s sensitivity to voltage changes, further boosting its efficiency.",Physical/Tech,https://www.sciencedaily.com/releases/2024/03/240325114129.htm
Caller ID of the Sea: Tagging Whale Communication and Behavior,Biologists use a novel method of simultaneous acoustic tagging to gain insights into the link between whale communication and behavior,Physical/Tech,https://www.sciencedaily.com/releases/2024/03/240325114114.htm
"Metamaterials and AI Converge, Igniting Innovative Breakthroughs",Scientists unveil next-generation research trends in metaphotonics platforms with AI.,Physical/Tech,https://www.sciencedaily.com/releases/2024/03/240320122450.htm
Artificial Nanofluidic Synapses Can Store Computational Memory,"In a step toward nanofluidic-based neuromorphic -- or brain-inspired -- computing, engineers have succeeded in executing a logic operation by connecting two chips that use ions, rather than electrons, to process data.",Physical/Tech,https://www.sciencedaily.com/releases/2024/03/240319123015.htm
A Reliable and Efficient Computational Method for Finding Transition States in Chemical Reactions,"A computational method for finding transition states in chemical reactions, greatly reducing computational costs with high reliability, has been devised. Compared to the most widely used existing method, the present method reduces the total computational cost by approximately 50 to 70%. The development, available on GitHub, is poised to accelerate advancements in material science, making the exploration of chemical reactions more accessible and efficient.",Physical/Tech,https://www.sciencedaily.com/releases/2024/03/240322145530.htm
Downscaling Storage Devices: Magnetic Memory Based on the Chirality of Spiral Magnets,"A team of researchers has proposed a new concept for magnet-based memory devices, which might revolutionize information storage devices owing to their potential for large-scale integration, non-volatility, and high durability.",Physical/Tech,https://www.sciencedaily.com/releases/2024/03/240322145457.htm
Bioelectronic Mesh Capable of Growing With Cardiac Tissues for Comprehensive Heart Monitoring,"A team of engineers has recently built a tissue-like bioelectronic mesh system integrated with an array of atom-thin graphene sensors that can simultaneously measure both the electrical signal and the physical movement of cells in lab-grown human cardiac tissue. This tissue-like mesh can grow along with the cardiac cells, allowing researchers to observe how the heart&apos;s mechanical and electrical functions change during the developmental process. The new device is a boon for those studying cardiac disease as well as those studying the potentially toxic side-effects of many common drug therapies.",Physical/Tech,https://www.sciencedaily.com/releases/2024/03/240322145608.htm
High-Resolution Brain Created With 3D Printer,"A 3D-printed &apos;brain phantom&apos; has been developed, which is modeled on the structure of brain fibers and can be imaged using a special variant of magnetic resonance imaging (dMRI). The scientific team has now shown in a study, these brain models can be used to advance research into neurodegenerative diseases such as Alzheimer&apos;s, Parkinson&apos;s and multiple sclerosis.",Physical/Tech,https://www.sciencedaily.com/releases/2024/03/240321155441.htm
Say Hello to Biodegradable Microplastics,Finding viable alternatives to traditional petroleum-based plastics and microplastics has never been more important. New research shows that their plant-based polymers biodegrade -- even at the microplastic level -- in under seven months.,Physical/Tech,https://www.sciencedaily.com/releases/2024/03/240321155439.htm
N-Channel Diamond Field-Effect Transistor,A research team has developed an n-channel diamond MOSFET (metal-oxide-semiconductor field-effect transistor). The developed n-channel diamond MOSFET provides a key step toward CMOS (complementary metal-oxide-semiconductor: one of the most popular technologies in the computer chip) integrated circuits for harsh-environment- applications as well as the development of diamond power electronics.,Physical/Tech,https://www.sciencedaily.com/releases/2024/03/240321155340.htm
"Universal Controller Could Push Robotic Prostheses, Exoskeletons Into Real-World Use","A team of researchers has developed a universal approach to controlling robotic exoskeletons that requires no training, no calibration, and no adjustments to complicated algorithms. Instead, users can don the &apos;exo&apos; and go. Their system uses a kind of artificial intelligence called deep learning to autonomously adjust how the exoskeleton provides assistance, and they&apos;ve shown it works seamlessly to support walking, standing, and climbing stairs or ramps.",Physical/Tech,https://www.sciencedaily.com/releases/2024/03/240320160442.htm
Quantum Talk With Magnetic Disks,"Quantum computers promise to tackle some of the most challenging problems facing humanity today. While much attention has been directed towards the computation of quantum information, the transduction of information within quantum networks is equally crucial in materializing the potential of this new technology. Addressing this need, a research team is now introducing a new approach for transducing quantum information: the team has manipulated quantum bits, so called qubits, by harnessing the magnetic field of magnons -- wave-like excitations in a magnetic material -- that occur within microscopic magnetic disks.",Physical/Tech,https://www.sciencedaily.com/releases/2024/03/240320160424.htm
"Toxic Metal Particles Can Be Present in Cannabis Vapes Even Before the First Use, Study Finds","Though vapes have been heralded as a &apos;safer&apos; way to consume either nicotine or cannabis, they present their own suite of risks that are being revealed through increasing regulation. Now, scientists have discovered that nano-sized toxic metal particles can be present in cannabis vaping liquids even before any heating occurs, and the effect is worse in illicit products.",Physical/Tech,https://www.sciencedaily.com/releases/2024/03/240319123122.htm
Brain-Inspired Wireless System to Gather Data from Salt-Sized Sensors,"In a new study, researchers describe a novel approach for a wireless communication network that can efficiently transmit, receive and decode data from thousands of microelectronic chips that are each no larger than a grain of salt.",Physical/Tech,https://www.sciencedaily.com/releases/2024/03/240319123018.htm
Spectroscopy and Theory Shed Light on Excitons in Semiconductors,"Researchers have made very fast and very precise images of excitons -- in fact, accurate to one quadrillionth of a second and one billionth of a meter. This understanding is essential for developing more efficient materials with organic semiconductors.",Physical/Tech,https://www.sciencedaily.com/releases/2024/03/240319122940.htm
Sustainable Solution for Wastewater Polluted by Dyes Used in Many Industries,"Water pollution from dyes used in textile, food, cosmetic and other manufacturing is a major ecological concern with industry and scientists seeking biocompatible and more sustainable alternatives to protect the environment. A new study has discovered a novel way to degrade and potentially remove toxic organic chemicals including azo dyes from wastewater, using a chemical photocatalysis process powered by ultraviolet light.",Physical/Tech,https://www.sciencedaily.com/releases/2024/03/240319123040.htm
"Backyard Insect Inspires Invisibility Devices, Next Gen Tech","Leafhoppers, a common backyard insect, secrete and coat themselves in tiny mysterious particles that could provide both the inspiration and the instructions for next-generation technology, according to a new study. In a first, the team precisely replicated the complex geometry of these particles, called brochosomes, and elucidated a better understanding of how they absorb both visible and ultraviolet light.",Physical/Tech,https://www.sciencedaily.com/releases/2024/03/240318164501.htm
"Virtual Reality Better Than Video for Evoking Fear, Spurring Climate Action","Depicting worst-case climate scenarios like expanding deserts and dying coral reefs may better motivate people to support environmental policies when delivered via virtual reality, according to a research team that studied how VR and message framing affect the impact of environmental advocacy communications. The study findings may help advocacy groups decide how best to frame and deliver their messages.",Physical/Tech,https://www.sciencedaily.com/releases/2024/03/240318142232.htm
Fast-Charging Lithium-Sulphur Batteries on the Horizon,"New research shows that the next generation of lithium-sulphur (Li||S) batteries may be capable of being charged in less than five minutes, instead of several hours as is currently the case.",Physical/Tech,https://www.sciencedaily.com/releases/2024/03/240318142451.htm
"Speaking Without Vocal Cords, Thanks to a New AI-Assisted Wearable Device","Bioengineers have invented a thin, flexible device that adheres to the neck and translates the muscle movements of the larynx into audible speech. The device is trained through machine learning to recognize which muscle movements correspond to which words. The self-powered technology could serve as a non-invasive tool for people who have lost the ability to speak due to vocal cord problems.",Physical/Tech,https://www.sciencedaily.com/releases/2024/03/240315161029.htm
Printed Polymer Allows Researchers to Explore Chirality and Spin Interactions at Room Temperature,A printable organic polymer that assembles into chiral structures when printed has enabled researchers to reliably measure the amount of charge produced in spin-to-charge conversion within a spintronic material at room temperature.,Physical/Tech,https://www.sciencedaily.com/releases/2024/03/240315160939.htm
Breakthrough Could Make Automated Dosing Systems Universal,Automated insulin dosing systems combine low-cost blood-glucose monitors with insulin pumps that use precision dosing to continuously regulate blood-sugar and hold it steady. Synthetic biologists have found a way to piggyback on the technology and make it universally applicable for the precision dosing of virtually any drug.,Physical/Tech,https://www.sciencedaily.com/releases/2024/03/240315160349.htm
Researchers Prove Fundamental Limits of Electromagnetic Energy Absorption,"Electrical engineers have determined the theoretical fundamental limit for how much electromagnetic energy a transparent material with a given thickness can absorb. The finding will help engineers optimize devices designed to block certain frequencies of radiation while allowing others to pass through, for applications such as stealth or wireless communications.",Physical/Tech,https://www.sciencedaily.com/releases/2024/03/240314171456.htm
New Study Shows Analog Computing Can Solve Complex Equations and Use Far Less Energy,"A team of engineers has proven that their analog computing device, called a memristor, can complete complex, scientific computing tasks while bypassing the limitations of digital computing.",Physical/Tech,https://www.sciencedaily.com/releases/2024/03/240314145325.htm
An Electricity Generator Inspired by the Drinking Bird Toy Powers Electronics With Evaporated Water,"Inspired by the classic drinking bird toy, scientists have developed an engine that efficiently converts energy from water evaporation into electricity to power small electronics. The device produces energy outputs exceeding 100 volts -- much higher than other techniques that generate electricity from water -- and can operate for several days using only 100 milliliters of water as fuel, according to a new study.",Physical/Tech,https://www.sciencedaily.com/releases/2024/03/240314122109.htm
Scientists Use Novel Technique to Create New Energy-Efficient Microelectronic Device,Researchers have created a new material that uses &apos;redox gating&apos; to control the movement of electrons in and out of a semiconducting material.,Physical/Tech,https://www.sciencedaily.com/releases/2024/03/240313185050.htm
Water Droplet Spun by Sound Screens for Colon Cancer,Mechanical engineers have devised a diagnostic platform that uses sound waves to spin an individual drop of water up to 6000 revolutions per minute. These speeds separate tiny biological particles within samples placed in a very light disc sitting on top of the spinning drop. The technique could allow new point-of-care applications ranging from precision bioassays to cancer diagnosis. The technique requires less time and sample volume while inflicting less damage to delicate exosomes.,Physical/Tech,https://www.sciencedaily.com/releases/2024/03/240313185046.htm
Scientists Develop Ultra-Thin Semiconductor Fibers That Turn Fabrics Into Wearable Electronics,"Scientists have developed ultra-thin semiconductor fibers that can be woven into fabrics, turning them into smart wearable electronics.",Physical/Tech,https://www.sciencedaily.com/releases/2024/03/240313135544.htm
Straightening Teeth? AI Can Help,"A new tool will help orthodontists correctly fit braces onto teeth. Using artificial intelligence and virtual patients, the tool predicts how teeth will move, so as to ensure that braces are neither too loose nor too tight.",Physical/Tech,https://www.sciencedaily.com/releases/2024/03/240313135504.htm
Staying in the Loop: How Superconductors Are Helping Computers 'Remember',"To advance neuromorphic computing, some researchers are looking at analog improvements -- advancing not just software, but hardware too. Research shows a promising new way to store and transmit information using disordered superconducting loops.",Physical/Tech,https://www.sciencedaily.com/releases/2024/03/240313135447.htm
Spiral Wrappers Switch Nanotubes from Conductors to Semiconductors and Back,"By wrapping a carbon nanotube with a ribbon-like polymer, researchers were able to create nanotubes that conduct electricity when struck with low-energy light that our eyes cannot see. In the future, the approach could make it possible to optimize semiconductors for applications ranging from night vision to new forms of computing.",Physical/Tech,https://www.sciencedaily.com/releases/2024/03/240312133926.htm
A New Sensor Detects Harmful 'Forever Chemicals' in Drinking Water,A new sensor can detect &apos;forever chemicals&apos; known as PFAS (perfluoroalkyl and polyfluoroalkyl substances) in drinking water. PFAS are found in many consumer products and are linked to cancer and other health problems.,Physical/Tech,https://www.sciencedaily.com/releases/2024/03/240311173022.htm
Giving Particle Detectors a Boost,Researchers have tested the performance of a new device that boosts particle signals.,Physical/Tech,https://www.sciencedaily.com/releases/2024/03/240311173016.htm
GPS Nanoparticle Platform Precisely Delivers Therapeutic Payload to Cancer Cells,"A newly developed &apos;GPS nanoparticle&apos; injected intravenously can home in on cancer cells to deliver a genetic punch to the protein implicated in tumor growth and spread, according to researchers. They tested their approach in human cell lines and in mice to effectively knock down a cancer-causing gene, reporting that the technique may potentially offer a more precise and effective treatment for notoriously hard-to-treat basal-like breast cancers.",Physical/Tech,https://www.sciencedaily.com/releases/2024/03/240311173013.htm
Accessibility Toolkit for Game Engine Unity,New work makes it easier for game developers to implement game aids for people with disabilities. The toolkit focuses on players with visual impairments.,Physical/Tech,https://www.sciencedaily.com/releases/2024/03/240311145956.htm
Design Rules and Synthesis of Quantum Memory Candidates,"In the quest to develop quantum computers and networks, there are many components that are fundamentally different than those used today. Like a modern computer, each of these components has different constraints. However, it is currently unclear what materials can be used to construct those components for the transmission and storage of quantum information.",Physical/Tech,https://www.sciencedaily.com/releases/2024/03/240311145950.htm
Going Top Shelf With AI to Better Track Hockey Data,"Researchers got a valuable assist from artificial intelligence (AI) tools to help capture and analyze data from professional hockey games faster and more accurately than ever before, with big implications for the business of sports.",Physical/Tech,https://www.sciencedaily.com/releases/2024/03/240311145909.htm
Wearable Tech Captures Real-Time Hemodynamics on the Go,"Researchers have developed a photoacoustic imaging watch for high-resolution imaging of blood vessels in the skin. The wearable device could offer a non-invasive way to monitor hemodynamic indicators such as heart rate, blood pressure and oxygen saturation that can indicate how well a person&apos;s heart is working.",Physical/Tech,https://www.sciencedaily.com/releases/2024/03/240311145806.htm
Would the Highly Sensitive Transparent Ultrasound Transducer Revolutionize Biomedical Imaging Technology?,A team develops an ultrasensitive broadband transparent ultrasound transducer.,Physical/Tech,https://www.sciencedaily.com/releases/2024/03/240311145912.htm
Tiny Wireless Light Bulbs for Biomedical Applications,The combination of OLEDs and acoustic antennas creates a light source that could be used for minimally invasive treatment methods.,Physical/Tech,https://www.sciencedaily.com/releases/2024/03/240308123301.htm
Shape-Shifting Ultrasound Stickers Detect Post-Surgical Complications,"Gastrointestinal surgeries carry risk of fluid leaks, a potentially life-threatening complication. But no existing methods can reliably and non-invasively detect these leaks. To address this unmet need, researchers developed a tiny, soft, flexible sticker that changes in shape inside the body, enabling standard ultrasound tech to detect leaks for earlier detection and intervention. After the patient has recovered, the soft, tiny sticker simply dissolves away.",Physical/Tech,https://www.sciencedaily.com/releases/2024/03/240307165058.htm
Pinging Pipes Could Help to Identify Lead Water Lines Without Excavation,A recent study showed that it is possible to discern the composition of a buried pipe by striking an accessible portion of it and monitoring the sound waves that reach the surface. This method could help water utility companies verify the location of lead water lines without having to break ground.,Physical/Tech,https://www.sciencedaily.com/releases/2024/03/240307110753.htm
Nanodevices Can Produce Energy from Evaporating Tap or Seawater,"Researchers have discovered that nanoscale devices harnessing the hydroelectric effect can harvest electricity from the evaporation of fluids with higher ion concentrations than purified water, revealing a vast untapped energy potential.",Physical/Tech,https://www.sciencedaily.com/releases/2024/03/240306150642.htm
"Compact Chips Advance Precision Timing for Communications, Navigation and Other Applications","Precision timing and synchronization are crucial for navigation, communication and radar systems. Scientists have built compact chips capable of converting light into microwaves, which could improve these systems. This technology shrinks a tabletop system into a chip-sized format, reducing power usage and making it more applicable for use in everyday devices.",Physical/Tech,https://www.sciencedaily.com/releases/2024/03/240306150545.htm
Nanosurgical Tool Could Be Key to Cancer Breakthrough,"A groundbreaking nanosurgical tool -- about 500 times thinner than a human hair -- could be transformative for cancer research and give insights into treatment resistance that no other technology has been able to do, according to a new study.",Physical/Tech,https://www.sciencedaily.com/releases/2024/03/240306150435.htm
Advanced Noise Suppression Technology for Improved Search and Rescue Drones,"Unmanned Aerial Vehicles (UAVs) are beneficial in search and rescue missions during natural disasters like earthquakes. However, current UAVs depend on visual information and cannot detect victims trapped under rubble. While some studies have used sound for detection, the noise from UAV propellers can drown out human sounds. To address this issue, researchers have developed a novel artificial intelligence-based system that effectively suppresses UAV noise and amplifies human sounds.",Physical/Tech,https://www.sciencedaily.com/releases/2024/03/240306145036.htm
Novel Device for Stomach Complaints Has Successful Human Trial,A world-leading device developed by researchers to measure faulty gut electrical signals has passed a major milestone.,Physical/Tech,https://www.sciencedaily.com/releases/2024/03/240305204449.htm
Aluminum Nanoparticles Make Tunable Green Catalysts,A nanotechnology pioneer has uncovered a transformative approach to harnessing the catalytic power of aluminum nanoparticles by annealing them in various gas atmospheres at high temperatures.,Physical/Tech,https://www.sciencedaily.com/releases/2024/03/240305204424.htm
Using Light to Precisely Control Single-Molecule Devices,Researchers flip the switch at the nanoscale by applying light to induce bonding for single-molecule device switching.,Physical/Tech,https://www.sciencedaily.com/releases/2024/03/240305134359.htm
New Cardiovascular Imaging Approach Provides a Better View of Dangerous Plaques,"Researchers have developed a new catheter-based device that combines two powerful optical techniques to image the dangerous plaques that can build up inside the arteries that supply blood to the heart. By providing new details about plaque, the device could help clinicians and researchers improve treatments for preventing heart attacks and strokes.",Physical/Tech,https://www.sciencedaily.com/releases/2024/03/240305134213.htm
Researchers Invent New Triple-Junction Tandem Solar Cells With World-Record Efficiency,"Scientists have developed a novel triple-junction perovskite/Si tandem solar cell that can achieve a certified world-record power conversion efficiency of 27.1 per cent across a solar energy absorption area of 1 sq cm, representing the best-performing triple-junction perovskite/Si tandem solar cell thus far. To achieve this, the team engineered a new cyanate-integrated perovskite solar cell that is stable and energy efficient.",Physical/Tech,https://www.sciencedaily.com/releases/2024/03/240304221140.htm
Scientists Put Forth a Smarter Way to Protect a Smarter Grid,"Scientists have put forth a new approach to protect the electric grid, creating a tool that sorts and prioritizes cyber threats on the fly.",Physical/Tech,https://www.sciencedaily.com/releases/2024/03/240304195348.htm
Researchers Use Liquid Crystals to Control Polarization Inside Laser-Written Waveguides,"Researchers have developed a new way to control and manipulate optical signals by embedding a liquid crystal layer into waveguides created with direct laser writing. The new devices enable electro-optical control of polarization, which could open new possibilities for chip-based devices and complex photonic circuits based on femtosecond-written waveguides.",Physical/Tech,https://www.sciencedaily.com/releases/2024/03/240304135803.htm
Tests Show High-Temperature Superconducting Magnets Are Ready for Fusion,"A comprehensive study of high-temperature superconducting magnets confirms they meet requirements for an economic, compact fusion power plant.",Physical/Tech,https://www.sciencedaily.com/releases/2024/03/240304135732.htm
Spontaneous Curvature the Key to Shape-Shifting Nanomaterials,"Inspired by nature, nanotechnology researchers have identified &apos;spontaneous curvature&apos; as the key factor determining how ultra-thin, artificial materials can transform into useful tubes, twists and helices.",Physical/Tech,https://www.sciencedaily.com/releases/2024/03/240304135857.htm
Researchers Use GPS-Tracked Icebergs in Novel Study to Improve Climate Models,"Research unearthed new information to help scientists better understand circulation patterns of ocean water around glaciers. In the summers of 2014 and 2019, a group of pioneers in glacial research attached GPS devices to 13 icebergs and tracked hourly changes in their positions as they passed through Greenland&apos;s Ilulissat Icefjord toward the ocean. Study results showed circulation in the primary fjord is greatly affected by freshwater flow from connecting tributary fjords, which is critically important to consider in circulation models.",Physical/Tech,https://www.sciencedaily.com/releases/2024/03/240301134753.htm
Umbrella for Atoms: The First Protective Layer for 2D Quantum Materials,"As silicon-based computer chips approach their physical limitations in the quest for faster and smaller designs, the search for alternative materials that remain functional at atomic scales is one of science&apos;s biggest challenges. In a groundbreaking development, researchers have engineered a protective film that shields quantum semiconductor layers just one atom thick from environmental influences without compromising their revolutionary quantum properties. This puts the application of these delicate atomic layers in ultrathin electronic components within realistic reach.",Physical/Tech,https://www.sciencedaily.com/releases/2024/03/240301134631.htm
Turning Waste Into Gold,"Researchers have recovered gold from electronic waste. Their highly sustainable new method is based on a protein fibril sponge, which the scientists derive from whey, a food industry byproduct.",Physical/Tech,https://www.sciencedaily.com/releases/2024/02/240229124612.htm
Researchers Create New Compound to Build Space-Age Antennas,"In a first-of-its-kind development, researchers have created a new compound that can be used to 3D print telecommunication antennas and other connectivity devices. These 3D printed products, created by combining a two-dimensional compound called MXenes with a polymer, can be used as an alternative for metallic counterparts and can make a vast improvement in communication technology including elements such as antennas, waveguides and filters.",Physical/Tech,https://www.sciencedaily.com/releases/2024/02/240229124545.htm
New Microwave Photonics Chip for High-Speed Signal Processing,Researchers have developed a microwave photonic chip that is capable of performing ultrafast analog electronic signal processing and computation using optics.,Physical/Tech,https://www.sciencedaily.com/releases/2024/02/240228114249.htm
Study Unlocks Nanoscale Secrets for Designing Next-Generation Solar Cells,"A team of researchers has revealed ways to optimize efficiency and better control degradation, by engineering the nanoscale structure of perovskite devices.",Physical/Tech,https://www.sciencedaily.com/releases/2024/02/240229124701.htm
"AI Technique 'Decodes' Microscope Images, Overcoming Fundamental Limit","Researchers have developed a deep learning algorithm for removing systematic effects from atomic force microscopy images, enabling more precise profiles of material surfaces.",Physical/Tech,https://www.sciencedaily.com/releases/2024/02/240229124650.htm
Building Bionic Jellyfish for Ocean Exploration,Researchers show how biohybrid robots based on jellyfish could be used to gather climate science data from deep in the Earth&apos;s oceans.,Physical/Tech,https://www.sciencedaily.com/releases/2024/02/240229124647.htm
Quantum Films on Plastic,"Researchers have discovered that thin films of elemental bismuth exhibit the so-called non-linear Hall effect, which could be applied in technologies for the controlled use of terahertz high-frequency signals on electronic chips. Bismuth combines several advantageous properties not found in other systems to date, as the team reports. Particularly: the quantum effect is observed at room temperature. The thin-layer films can be applied even on plastic substrates and could therefore be suitable for modern high-frequency technology applications.",Physical/Tech,https://www.sciencedaily.com/releases/2024/02/240228115338.htm
Diamonds Are a Chip's Best Friend,"New technologies aim to produce high-purity synthetic crystals that become excellent semiconductors when doped with impurities as electron donors or acceptors of other elements. Researchers have now determined the magnitude of the spin-orbit interaction in acceptor-bound excitons in a semiconductor. They broke through the energy resolution limit of conventional luminescence measurements by directly observing the fine structure of bound excitons in boron-doped blue diamond, using optical absorption.",Physical/Tech,https://www.sciencedaily.com/releases/2024/02/240227130751.htm
Merons Realized in Synthetic Antiferromagnets,Researchers have demonstrated the presence of merons in synthetic antiferromagnets and thus in materials that can be produced using standard deposition techniques.,Physical/Tech,https://www.sciencedaily.com/releases/2024/02/240227130735.htm
Researchers Use Hawk Supercomputer and Lean Into Imperfection to Improve Solar Cell Efficiency,"Solar energy is one of the most promising, widely adopted renewable energy sources, but the solar cells that convert light into electricity remains a challenge. Scientists have turned to the High-Performance Computing Center Stuttgart to understand how strategically designing imperfections in the system could lead to more efficient energy conversion.",Physical/Tech,https://www.sciencedaily.com/releases/2024/02/240227130704.htm
Movies of Ultrafast Electronic Circuitry in Space and Time,Researchers have successfully filmed the operations of extremely fast electronic circuitry in an electron microscope at a bandwidth of tens of terahertz.,Physical/Tech,https://www.sciencedaily.com/releases/2024/02/240227130116.htm
"A New, Comprehensive Roadmap for the Future of Biomedical Engineering",Experts published a detailed position paper on the field of biomedical engineering which lays the foundation for a concerted worldwide effort to achieve technological and medical breakthroughs.,Physical/Tech,https://www.sciencedaily.com/releases/2024/02/240226204617.htm
"Robots, Monitoring and Healthy Ecosystems Could Halve Pesticide Use Without Hurting Productivity","Smarter crop farming that combats weeds, insect pests and plant diseases by integrating modern technologies like AI-based monitoring, robotics, and next-generation biotechnology with healthy and resilient agricultural ecosystems.",Physical/Tech,https://www.sciencedaily.com/releases/2024/02/240226114619.htm
New World Record for CIGS Solar Cells,A new record for electrical energy generation from CIGS solar cells has been reached. Scientists have achieved a 23.64 percent efficiency.,Physical/Tech,https://www.sciencedaily.com/releases/2024/02/240226114616.htm
Mixed-Dimensional Transistors Enable High-Performance Multifunctional Electronic Devices,"Downscaling of electronic devices, such as transistors, has reached a plateau, posing challenges for semiconductor fabrication. However, a research team led by materials scientists recently discovered a new strategy for developing highly versatile electronics with outstanding performance, using transistors made of mixed-dimensional nanowires and nanoflakes. This innovation paves the way for simplified chip circuit design, offering versatility and low power dissipation in future electronics.",Physical/Tech,https://www.sciencedaily.com/releases/2024/02/240223103822.htm
Researchers Harness 2D Magnetic Materials for Energy-Efficient Computing,Researchers used ultrathin van der Waals materials to create an electron magnet that can be switched at room temperature. This type of magnet could be used to build magnetic processors or memories that would consume far less energy than traditional devices made from silicon.,Physical/Tech,https://www.sciencedaily.com/releases/2024/02/240222214123.htm
Method Identified to Double Computer Processing Speeds,"Scientists introduce what they call &apos;simultaneous and heterogeneous multithreading&apos; or SHMT. This system doubles computer processing speeds with existing hardware by simultaneously using graphics processing units (GPUs), hardware accelerators for artificial intelligence (AI) and machine learning (ML), or digital signal processing units to process information.",Physical/Tech,https://www.sciencedaily.com/releases/2024/02/240221213907.htm
New Water Batteries Stay Cool Under Pressure,A global team of researchers has invented recyclable &apos;water batteries&apos; that won&apos;t catch fire or explode. The team use water to replace organic electrolytes -- which enable the flow of electric current between the positive and negative terminals -- meaning their batteries can&apos;t start a fire or blow up -- unlike their lithium-ion counterparts.,Physical/Tech,https://www.sciencedaily.com/releases/2024/02/240221160415.htm
"Scientists Invent Ultra-Thin, Minimally-Invasive Pacemaker Controlled by Light","A team of researchers has developed a wireless device, powered by light, that can be implanted to regulate cardiovascular or neural activity in the body. The feather-light membranes, thinner than a human hair, can be inserted with minimally invasive surgery and contain no moving parts.",Physical/Tech,https://www.sciencedaily.com/releases/2024/02/240221160335.htm
These Tiny Power Converters Run on Vibrational Energy,"Scientists have developed a ground-breaking piezoelectric-based DC-DC converter that unifies all power switches onto a single chip to increase power density. This new power topology, which extends beyond existing topologies, blends the advantages of piezoelectric converters with capacitive-based DC-DC converters.",Physical/Tech,https://www.sciencedaily.com/releases/2024/02/240220203321.htm
Plasma Scientists Develop Computer Programs That Could Reduce the Cost of Microchips and Stimulate American Manufacturing,"Fashioned from the same element found in sand and covered by intricate patterns, microchips power smartphones, augment appliances and aid the operation of cars and airplanes. Now, scientists are developing computer simulation codes that will outperform current simulation techniques and aid the production of microchips using plasma, the electrically charged state of matter also used in fusion research. These codes could help increase the efficiency of the manufacturing process and potentially stimulate the renaissance of the chip industry in the United States.",Physical/Tech,https://www.sciencedaily.com/releases/2024/02/240220203255.htm
"Terahertz Biosensor Detects Skin Cancer With Remarkable Accuracy, Ushering in New Era of Early Detection","Researchers have developed a revolutionary biosensor using terahertz (THz) waves that can detect skin cancer with exceptional sensitivity, potentially paving the way for earlier and easier diagnoses.",Physical/Tech,https://www.sciencedaily.com/releases/2024/02/240220144523.htm
Tapping Into the 300 GHz Band With an Innovative CMOS Transmitter,"New phased-array transmitter design overcomes common problems of CMOS technology in the 300 GHz band. Thanks to its remarkable area efficiency, low power consumption, and high data rate, the proposed transmitter could pave the way to many technological applications in the 300 GHz band, including body and cell monitoring, radar, 6G wireless communications, and terahertz sensors.",Physical/Tech,https://www.sciencedaily.com/releases/2024/02/240220144432.htm
Improving Traffic Signal Timing With a Handful of Connected Vehicles,"With GPS data from as little as 6% of vehicles on the road, researchers can recalibrate traffic signals to significantly reduce congestion and delays at intersections.",Physical/Tech,https://www.sciencedaily.com/releases/2024/02/240220144338.htm
"A New Glue, Potentially Also for You","Hydrogels are already used in clinical practice for the delivery of drugs, and as lenses, bone cement, wound dressings, 3D scaffolds in tissue engineering and other applications. However, bonding different hydrogel polymers to one another has remained a challenge; yet it could enable numerous new applications. Now, researchers have pioneered a new method that uses a thin film of chitosan, a fibrous sugar-based material derived from the processed outer skeletons of shellfish, to make different hydrogels instantaneously and strongly stick to each other. They used their approach to locally protect and cool tissues, seal vascular injuries, and prevent unwanted &apos;surgical adhesions&apos; of internal body surfaces.",Physical/Tech,https://www.sciencedaily.com/releases/2024/02/240219153602.htm
"This Tiny, Tamper-Proof ID Tag Can Authenticate Almost Anything",A cryptographic tag uses terahertz waves to authenticate items by recognizing the unique pattern of microscopic metal particles that are mixed into the glue that sticks the tag to the item&apos;s surface.,Physical/Tech,https://www.sciencedaily.com/releases/2024/02/240219130821.htm
First Human Trial Shows 'Wonder' Material Can Be Developed Safely,"A revolutionary nanomaterial with huge potential to tackle multiple global challenges could be developed further without acute risk to human health, research suggests.",Physical/Tech,https://www.sciencedaily.com/releases/2024/02/240216135815.htm
'Scientists' Warning' on Climate and Technology,"Throughout human history, technologies have been used to make peoples&apos; lives richer and more comfortable, but they have also contributed to a global crisis threatening Earth&apos;s climate, ecosystems and even our own survival. Researchers have suggested that industrial civilization&apos;s best way forward may entail embracing further technological advancements but doing so with greater awareness of their potential drawbacks.",Physical/Tech,https://www.sciencedaily.com/releases/2024/02/240215140833.htm
Altermagnetism Experimentally Demonstrated,"Ferromagnetism and antiferromagnetism have long been known to scientists as two classes of magnetic order of materials. Back in 2019, researchers postulated a third class of magnetism, called altermagnetism. This altermagnetism has been the subject of heated debate among experts ever since, with some expressing doubts about its existence. Recently, a team of experimental researchers was able to measure for the first time at DESY (Deutsches Elektronen-Synchrotron) an effect that is considered to be a signature of altermagnetism, thus providing evidence for the existence of this third type of magnetism.",Physical/Tech,https://www.sciencedaily.com/releases/2024/02/240215113634.htm
An Innovative Wearable Device for Fashionable Personal Thermal Comfort,"Traditional wearable thermal control devices use bulky and noisy components. New advancements such as the small electrohydrodynamic pump and soft tubes offer a promising avenue for such devices. However, they require real-time flow-rate monitoring, requiring additional equipment. Now, a team of researchers has developed a novel device that uses self-sensing technology for flow-rate monitoring, resulting in a compact personal thermal control device, marking a significant step in wearable device research.",Physical/Tech,https://www.sciencedaily.com/releases/2024/02/240215113626.htm
Team Creates Novel Rabies Viral Vectors for Neural Circuit Mapping,"A research team has created 20 new recombinant rabies viral vectors for neural circuit mapping that offer a range of significant advantages over existing tools, including the ability to detect microstructural changes in models of aging and Alzheimer&apos;s disease brain neurons.",Physical/Tech,https://www.sciencedaily.com/releases/2024/02/240214150309.htm
Altermagnetism Proves Its Place on the Magnetic Family Tree,"There is now a new addition to the magnetic family: researchers have demonstrated the existence of altermagnetism. The experimental discovery of this new branch of magnetism signifies new fundamental physics, with major implications for spintronics.",Physical/Tech,https://www.sciencedaily.com/releases/2024/02/240214122553.htm
Exploring the Effect of Ring Closing on Fluorescence of Supramolecular Polymers,"The properties of supramolecular polymers are dictated by the self-assembled state of the molecules. However, not much is known about the impact of morphologies on the properties of nano- and mesoscopic-scale polymeric assemblies. Recently, a research team demonstrated how terminus-free toroids and random coils derived from the same luminescent molecule show different photophysical properties. The team also presented a novel method for purifying the toroidal structure.",Physical/Tech,https://www.sciencedaily.com/releases/2024/02/240213130438.htm
"Hand-Held Biosensor Makes Breast Cancer Screening Fast, Affordable, and Accurate","Researchers report successful results from a hand-held breast cancer screening device that can detect breast cancer biomarkers from a tiny sample of saliva. Their design uses common components, such as widely available glucose testing strips and the open-source hardware-software platform Arduino. A saliva sample is placed on the paper strip, which has been treated with specific antibodies that interact with the targeted cancer biomarkers.",Physical/Tech,https://www.sciencedaily.com/releases/2024/02/240213130400.htm
How Electron Spectroscopy Measures Exciton 'Holes',"Semiconductors are ubiquitous in modern technology, working to either enable or prevent the flow of electricity. In order to understand the potential of two-dimensional semiconductors for future computer and photovoltaic technologies, researchers investigated the bond that builds between the electrons and holes contained in these materials. By using a special method to break up the bond between electrons and holes, they were able to gain a microscopic insight into charge transfer processes across a semiconductor interface.",Physical/Tech,https://www.sciencedaily.com/releases/2024/02/240209163434.htm
New Adhesive Tape Picks Up and Sticks Down 2D Materials as Easily as Child's Play,"A research team has developed a tape that can be used to stick two-dimensional (2D) materials to many different surfaces, in an easy and user-friendly way. Their finding will aid research into and boost production of 2D materials for next-generation devices.",Physical/Tech,https://www.sciencedaily.com/releases/2024/02/240209134416.htm
A New 'Metal Swap' Method for Creating Lateral Heterostructures of 2D Materials,"Heterostructures of two-dimensional materials have unique properties. Among them, lateral heterostructures, which can be used to make electronic devices, are challenging to synthesize. To address this, researchers used a new transmetallation technique to fabricate heterostructures with in-plane heterojunctions using Zn3BHT coordination nanosheet. This simple and powerful method enables the fabrication of ultrathin electronic devices for ultralarge-scale integrated circuits, marking a significant step forward for 2D materials research.",Physical/Tech,https://www.sciencedaily.com/releases/2024/02/240208122006.htm
Smart Earrings Can Monitor a Person's Temperature,"Researchers introduced the Thermal Earring, a wireless wearable that continuously monitors a user&apos;s earlobe temperature. Potential applications include tracking signs of ovulation, stress, eating and exercise. The smart earring prototype is about the size and weight of a small paperclip and has a 28-day battery life.",Physical/Tech,https://www.sciencedaily.com/releases/2024/02/240207195134.htm
Unveiling the Generation Principles of Charged Particles 'Trion' in 2D Semiconductor,Researchers pioneer dynamic manipulation and the generation principles of trion at the nanoscale using tip-enhanced cavity-spectroscopy.,Physical/Tech,https://www.sciencedaily.com/releases/2024/02/240205165937.htm
Researchers Develop Rapid Test for Detecting Fentanyl,"Researchers have developed a first-of-its-kind, handheld electrochemical sensor that can accurately detect fentanyl in urine within seconds. The proof-of-concept technology can detect even trace amounts of fentanyl with 98% accuracy using a small portable device without costly and time-consuming lab analysis.",Physical/Tech,https://www.sciencedaily.com/releases/2024/02/240205165836.htm
A Sleeker Facial Recognition Technology Tested on Michelangelo's David,"Many people are familiar with facial recognition systems that unlock smartphones and game systems or allow access to our bank accounts online. But the current technology can require boxy projectors and lenses. Now, researchers report on a sleeker 3D surface imaging system with flatter, simplified optics. In proof-of-concept demonstrations, the new system recognized the face of Michelangelo&apos;s David just as well as an existing smartphone system.",Physical/Tech,https://www.sciencedaily.com/releases/2024/02/240202132613.htm
Unveiling Oxidation-Induced Super-Elasticity in Metallic Glass Nanotubes,"Oxidation can degrade the properties and functionality of metals. However, a research team recently found that severely oxidized metallic glass nanotubes can attain an ultrahigh recoverable elastic strain, outperforming most conventional super-elastic metals. They also discovered the physical mechanisms underpinning this super-elasticity. Their discovery implies that oxidation in low-dimension metallic glass can result in unique properties for applications in sensors, medical devices and other nanodevices.",Physical/Tech,https://www.sciencedaily.com/releases/2024/02/240202132608.htm
Bringing Together Real-World Sensors and VR to Improve Building Maintenance,A new system that brings together real-world sensing and virtual reality would make it easier for building maintenance personnel to identify and fix issues in commercial buildings that are in operation.,Physical/Tech,https://www.sciencedaily.com/releases/2024/01/240131144523.htm
Engineers Unveil New Patch That Can Help People Control Robotic Exoskeletons,"A new patch uses tiny needles to measure electrical signals in the human body with incredible accuracy, even when these devices are stretched or twisted.",Physical/Tech,https://www.sciencedaily.com/releases/2024/01/240131144439.htm
Researchers Discover New Ways to Excite Spin Waves With Extreme Infrared Light,Researchers have developed a pioneering method to precisely manipulate ultrafast spin waves in antiferromagnetic materials using tailored light pulses.,Physical/Tech,https://www.sciencedaily.com/releases/2024/01/240131144433.htm
Will Electric Fields Lead the Way to Developing Semiconductors With High Power Efficiency?,A joint research team has successfully induced polarization and polarity in metallic substances.,Physical/Tech,https://www.sciencedaily.com/releases/2024/01/240131144512.htm
Small Yet Mighty: Showcasing Precision Nanocluster Formation With Molecular Traps,"Nanoclusters (NCs) of transition metals like cobalt or nickel have widespread applications in drug delivery and water purification, with smaller NCs exhibiting improved functionalities. Downsizing NCs is, however, usually challenging. Now, scientists have demonstrated functional NC formation with atomic-scale precision. They successfully grew cobalt NCs on flat copper surfaces using molecular arrays as traps. This breakthrough paves the way for advancements like single-atom catalysis and spintronics miniaturization.",Physical/Tech,https://www.sciencedaily.com/releases/2024/01/240130133611.htm
Some Plastic Straws Degrade Quicker Than Others,"Not all plastics are created the same, and some last longer in the ocean than others. Scientists have been working for years to quantify the environmental lifetimes of a wide range of plastic goods to see which have the shortest and longest lifespans in the ocean. To determine what plastics persist in the ocean, the team tests different products in large tanks that recreate the natural ocean environment.",Physical/Tech,https://www.sciencedaily.com/releases/2024/01/240130133557.htm
"Researchers Propose AI-Guided System for Robotic Inspection of Buildings, Roads and Bridges","Our built environment is aging and failing faster than we can maintain it. Recent building collapses and structural failures of roads and bridges are indicators of a problem that&apos;s likely to get worse, according to experts, because it&apos;s just not possible to inspect every crack, creak and crumble to parse dangerous signs of failure from normal wear and tear. In hopes of playing catch-up, researchers are trying to give robotic assistants the tools to help inspectors with the job.",Physical/Tech,https://www.sciencedaily.com/releases/2024/01/240130133547.htm
Sound-Powered Sensors Stand to Save Millions of Batteries,"Researchers are developing a new type of sensor that reacts to certain sound waves, causing it to vibrate. The sensor is a metamaterial that acquires its special properties through the structuring of the material. Passive sound-sensitive sensors could be used to monitor buildings, earthquakes or certain medical devices and save millions of batteries.",Physical/Tech,https://www.sciencedaily.com/releases/2024/01/240129122442.htm
High-Efficiency Carbon Dioxide Electroreduction System Reduces Our Carbon Footprint and Progressing Carbon Neutrality Goals,"Global warming continues to pose a threat to human society and the ecological systems, and carbon dioxide accounts for the largest proportion of the greenhouse gases that dominate climate warming. To combat climate change and move towards the goal of carbon neutrality, researchers have developed a durable, highly selective and energy-efficient carbon dioxide (CO2) electroreduction system that can convert CO2 into ethylene for industrial purposes to provide an effective solution for reducing CO2 emissions.",Physical/Tech,https://www.sciencedaily.com/releases/2024/01/240129122424.htm
Locusts' Sense of Smell Boosted With Custom-Made Nanoparticles,Scientists have harnessed the power of specially made nanostructures to enhance the neural response in a locust&apos;s brain to specific odors and to improve their identification of those odors.,Physical/Tech,https://www.sciencedaily.com/releases/2024/01/240126171623.htm
Polymer Power: Researchers Enhance the Safety of Lithium Batteries,"Lithium-ion batteries face safety concerns as a result of internal separator issues which often lead to short circuits. Scientists have now developed a method to improve the stability and properties of separators with a layer of silicon dioxide and other functional molecules. Batteries employing these separators demonstrated improved performance and reduced growth of disruptive root-like structures, paving the way for high-safety batteries that can aid the adoption of electric vehicles and advanced energy storage systems.",Physical/Tech,https://www.sciencedaily.com/releases/2024/01/240125150053.htm
"Less Is More: Less Greenhouse Gas, Lower Energy Consumption, Higher Wellbeing",A new commentary highlights that switching the focus from how energy is supplied to how energy is consumed can be a more effective approach to reducing carbon emissions with the added benefit of improving wellbeing for all.,Physical/Tech,https://www.sciencedaily.com/releases/2024/01/240125150024.htm
Cellular Scaffolding Rewired to Make Microscopic Railways,"Researchers were able to control the growth of thin, branching networks that support cellular structure and help cells function. The networks, called microtubules, can exert force and precisely transport chemicals at a subcellular level.",Physical/Tech,https://www.sciencedaily.com/releases/2024/01/240125150010.htm
A New Design Improves Water Decontamination Via Plasma Jet,Two research groups design a plasma (an ionized gas) reactor maintained by microwaves that makes it possible to decontaminate waters with high concentrations of dye.,Physical/Tech,https://www.sciencedaily.com/releases/2024/01/240124132857.htm
Discovering the Physics Behind 300-Year-Old Firefighting Methods,"Inspired by a 1725 fire engine that pumped water at larger distances and higher speeds than previously possible, authors analyzed the pressure chamber&apos;s Windkessel effect to capture the physics behind this widely used, enduring technology. They compared the initial state of the chamber, the rate at which bucket brigades could pour water in (volumetric inflow), the length of time pressure builds, and the effects on output flow rate. Next, the authors plan to examine the physiological Windkessel involved in the heart-aorta system.",Physical/Tech,https://www.sciencedaily.com/releases/2024/01/240123122317.htm
New Sustainable Method for Creating Organic Semiconductors,"Researchers have developed a new, more environmentally friendly way to create conductive inks for use in organic electronics such as solar cells, artificial neurons, and soft sensors. The findings pave the way for future sustainable technology.",Physical/Tech,https://www.sciencedaily.com/releases/2024/01/240122182811.htm
"Scientists Advance Affordable, Sustainable Solution for Flat-Panel Displays and Wearable Tech","Scientists have developed &apos;supramolecular ink,&apos; a new 3D-printable OLED (organic light-emitting diode) material made of inexpensive, Earth-abundant elements instead of costly scarce metals. The advance could enable more affordable and environmentally sustainable OLED flat-panel displays as well as 3D-printable wearable technologies and lighting.",Physical/Tech,https://www.sciencedaily.com/releases/2024/01/240122144546.htm
Researchers Unveil New Way to Counter Mobile Phone 'Account Takeover' Attacks,"Computer science researchers have developed a new way to identify security weaknesses that leave people vulnerable to account takeover attacks, where a hacker gains unauthorized access to online accounts.",Physical/Tech,https://www.sciencedaily.com/releases/2024/01/240122144539.htm
Self-Powered Sensor Automatically Harvests Magnetic Energy,"Researchers have designed a self-powering, battery-free, energy-harvesting sensor. Using the framework they developed, they produced a temperature sensor that can harvest and store the energy from the magnetic field that exists in the open air around a wire.",Physical/Tech,https://www.sciencedaily.com/releases/2024/01/240118150739.htm
Researchers Create Faster and Cheaper Way to Print Tiny Metal Structures With Light,Researchers have developed a light-based means of printing nano-sized metal structures that is 480 times faster and 35 times cheaper than the current conventional method. It is a scalable solution that could transform a scientific field long reliant on technologies that are prohibitively expensive and slow. Their method is called superluminescent light projection (SLP).,Physical/Tech,https://www.sciencedaily.com/releases/2024/01/240118150728.htm
DNA Becomes Our 'Hands' to Construct Advanced Nanoparticle Materials,A new paper describes a significant leap forward in assembling polyhedral nanoparticles. The researchers introduce and demonstrate the power of a novel synthetic strategy that expands possibilities in metamaterial design. These are the unusual materials that underpin &apos;invisibility cloaks&apos; and ultrahigh-speed optical computing systems.,Physical/Tech,https://www.sciencedaily.com/releases/2024/01/240118150641.htm
Physical Processes Can Have Hidden Neural Network-Like Abilities,A new study shows that the physics principle of &apos;nucleation&apos; can perform complex calculations that rival a simple neural network. The work may suggest avenues for new ways to think about computation using the principles of physics.,Physical/Tech,https://www.sciencedaily.com/releases/2024/01/240118122240.htm
Lighting the Path: Exploring Exciton Binding Energies in Organic Semiconductors,"Organic semiconductors are materials that find applications in various electronic devices. Exciton binding energy is an important attribute that influences the behavior of these materials. Now, researchers have employed advanced spectroscopic techniques to accurately determine these energies for various organic semiconductor materials, with a high precision of 0.1 electron volts. Their study reveals unexpected correlations that are poised to shape the future of organic optoelectronics, influence design principles, and find potential applications in bio-related materials.",Physical/Tech,https://www.sciencedaily.com/releases/2024/01/240118122156.htm
Unlocking the Secrets of Quasicrystal Magnetism: Revealing a Novel Magnetic Phase Diagram,"Non-Heisenberg-type approximant crystals have many interesting properties and are intriguing for researchers of condensed matter physics. However, their magnetic phase diagrams, which are crucial for realizing their potential, remain completely unknown. Now, a team of researchers has constructed the magnetic phase diagram of a non-Heisenberg Tsai-type 1/1 gold-gallium-terbium approximant crystal. This development marks a significant step forward for quasicrystal research and for the realization of magnetic refrigerators and spintronic devices.",Physical/Tech,https://www.sciencedaily.com/releases/2024/01/240118122153.htm
Pushing the Boundaries of Ultrasound Imaging: Breaking New Ground With Ultrafast Technology,Researchers have achieved a successful contrast agent-free imaging of complex structure of kidney vessels.,Physical/Tech,https://www.sciencedaily.com/releases/2024/01/240117143759.htm
Let It Glow: Scientists Develop New Approach to Detect 'Forever Chemicals' in Water,"Researchers have created a new way to detect &apos;forever chemical&apos; pollution in water, via a luminescent sensor.",Physical/Tech,https://www.sciencedaily.com/releases/2024/01/240117143755.htm
New Technology for Conducting Deep-Sea Research on Fragile Organisms,Scientists have successfully demonstrated new technologies that can obtain preserved tissue and high-resolution 3D images within minutes of encountering some of the most fragile animals in the deep ocean.,Physical/Tech,https://www.sciencedaily.com/releases/2024/01/240117141005.htm
Scientists Develop Dirt-Powered Fuel Cell That Could Replace Batteries,"Scientists have developed a fuel cell that uses microbes in soil to produce electricity. The device can power underground sensors for tasks like monitoring moisture or detecting touch, without needing batteries or solar panels. It works in both dry and wet conditions and even lasts longer than similar technologies. This could pave the way for sustainable, low-maintenance sensors in farming and environmental monitoring.",Physical/Tech,https://www.sciencedaily.com/releases/2026/04/260419054821.htm
Ultrafast Laser Pulses Could Lessen Data Storage Energy Needs,A discovery from an experiment with magnetic materials and ultrafast lasers could be a boon to energy-efficient data storage.,Physical/Tech,https://www.sciencedaily.com/releases/2024/01/240117143842.htm
New Deepfake Detector Designed to Be Less Biased,New algorithms close the gap in deepfake detectors&apos; accuracy across races and genders.,Physical/Tech,https://www.sciencedaily.com/releases/2024/01/240117143614.htm
Space Solar Power Project Ends First in-Space Mission With Successes and Lessons,A 10-month mission demonstrated three elements of the plan to beam solar power from space to Earth.,Physical/Tech,https://www.sciencedaily.com/releases/2024/01/240117143613.htm
'Smart Glove' Can Boost Hand Mobility of Stroke Patients,"This month, a group of stroke survivors in British Columbia will test a new technology designed to aid their recovery, and ultimately restore use of their limbs and hands. Participants will wear a new groundbreaking &apos;smart glove&apos; capable of tracking their hand and finger movements during rehabilitation exercises.",Physical/Tech,https://www.sciencedaily.com/releases/2024/01/240116131818.htm
Cryo-Microscopy Reveals Nano-Sized Copy Machine Implicated in Origin of Life,RNA is thought to have sparked the origin of life by self-copying. Researchers have now revealed the atomic structure of an &apos;RNA copy machine&apos; through cryo-EM. This breakthrough sheds light on a primordial RNA world and fuels advancements in RNA nanotechnology and medicine.,Physical/Tech,https://www.sciencedaily.com/releases/2024/01/240116130442.htm
Advancement in Thermoelectricity Could Light Up the Internet of Things,"Researchers have improved the efficiency of heat-to-electricity conversion in gallium arsenide semiconductor microstructures. By judicious spatial alignment of electrons within a two-dimensional electron gas system with multiple subbands, one can substantially enhance the power factor compared with previous iterations of analogous systems. This work is an important advance in modern thermoelectric technology and will benefit the global integration of the Internet of Things.",Physical/Tech,https://www.sciencedaily.com/releases/2024/01/240116130434.htm
Scientists Use Heat to Create Transformations Between Skyrmions and Antiskyrmions,"In an experiment that could help the development of new spintronics devices with low energy consumption, researchers have used heat and magnetic fields to create transformations between spin textures -- magnetic vortices and antivortices known as skyrmions and antiskyrmions -- in a single crystal thin plate device. Importantly, they achieved this at room temperature.",Physical/Tech,https://www.sciencedaily.com/releases/2024/01/240112114803.htm
The Power of Pause: Controlled Deposition for Effective and Long-Lasting Organic Devices,"In organic optoelectronic devices, the control of molecular deposition on thin films is important for optimal surface arrangement and device performance. In a recent study, researchers developed a new method for achieving stable deposition on thin films effectively. They also developed a tool to track real-time potential changes on the surface. These findings are expected to aid the improvement of organic devices, such as organic light-emitting diodes, in terms of efficacy and durability.",Physical/Tech,https://www.sciencedaily.com/releases/2024/01/240115121120.htm
Innovative Graphene-Based Implantable Technology Paves the Way for High-Precision Therapeutic Applications,A new study presents an innovative graphene-based neurotechnology with the potential for a transformative impact in neuroscience and medical applications.,Physical/Tech,https://www.sciencedaily.com/releases/2024/01/240113144445.htm
Bulky Additives Could Make Cheaper Solar Cells Last Longer,An insight into preventing perovskite semiconductors from degrading quickly could help enable solar cells estimated to be two to four times cheaper than today&apos;s thin-film solar panels.,Physical/Tech,https://www.sciencedaily.com/releases/2024/01/240111162630.htm
Artificial Muscle Device Produces Force 34 Times Its Weight,"Scientists developed a soft fluidic switch using an ionic polymer artificial muscle that runs with ultra-low power to lift objects 34 times greater than its weight. Its light weight and small size make it applicable to various industrial fields such as soft electronics, smart textiles, and biomedical devices by controlling fluid flow with high precision, even in narrow spaces.",Physical/Tech,https://www.sciencedaily.com/releases/2024/01/240111113200.htm
Transparent Brain Implant Can Read Deep Neural Activity from the Surface,"Researchers have developed a neural implant that provides information about activity deep inside the brain while sitting on its surface. The implant is made up of a thin, transparent and flexible polymer strip that is packed with a dense array of graphene electrodes. The technology, tested in transgenic mice, brings the researchers a step closer to building a minimally invasive brain-computer interface (BCI) that provides high-resolution data about deep neural activity by using recordings from the brain surface.",Physical/Tech,https://www.sciencedaily.com/releases/2024/01/240111113149.htm
Revolutionizing Real-Time Data Processing With Edge Computing and Reservoir Technology,"Traditional cloud computing faces various challenges when processing large amounts of data in real time. &apos;Edge&apos; computing is a promising alternative and can benefit from devices known as physical reservoirs. Researchers have now developed a novel memristor device for this purpose. It responds to electrical and optical signals and overcomes real-time processing limitations. When tested, it achieved up to 90.2% accuracy in digit identification, demonstrating its potential for applications in artificial intelligence systems and beyond.",Physical/Tech,https://www.sciencedaily.com/releases/2024/01/240111113127.htm
Toward Efficient Spintronic Materials,"A research team has revealed the microscopic origin of the large magnetoelectric effect in interfacial multiferroics composed of the ferromagnetic Co2FeSi Heusler alloy and the piezoelectric material. They observed element-specific changes in the orbital magnetic moments in the interfacial multiferroic material using an X-ray Magnetic Circular Dichroism (XMCD) measurement under the application of an electric field, and they showed the change contributes to the large magnetoelectric effect.",Physical/Tech,https://www.sciencedaily.com/releases/2024/01/240111113022.htm
Researchers Use Spinning Metasurfaces to Craft Compact Thermal Imaging System,"Researchers have developed a new technology that uses meta-optical devices to perform thermal imaging. The approach provides richer information about imaged objects, which could broaden the use of thermal imaging in fields such as autonomous navigation, security, thermography, medical imaging and remote sensing.",Physical/Tech,https://www.sciencedaily.com/releases/2024/01/240111112203.htm
Artificial Intelligence Helps Unlock Advances in Wireless Communications,A new wave of communication technology is quickly approaching and researchers are now investigating ways to configure next-generation mobile networks.,Physical/Tech,https://www.sciencedaily.com/releases/2024/01/240111113027.htm
Integrating Dimensions to Get More out of Moore's Law and Advance Electronics,Engineers suggest a way to fit more transistors on a chip by seamlessly implementing 3D integration with 2D materials.,Physical/Tech,https://www.sciencedaily.com/releases/2024/01/240111112745.htm
New Findings Regarding the High Efficiency of Perovskite Solar Cells,"Free charge carriers in perovskite solar cells likely have a special form of protection from recombination, researchers have discovered. This may be key to the high efficiency of this cell type, which has been increased to over 25 % within a decade.",Physical/Tech,https://www.sciencedaily.com/releases/2024/01/240110120249.htm
AI Discovers That Not Every Fingerprint Is Unique,"Engineers have built a new AI that shatters a long-held belief in forensics -- that fingerprints from different fingers of the same person are unique. It turns out they are similar, only we&apos;ve been comparing fingerprints the wrong way!",Physical/Tech,https://www.sciencedaily.com/releases/2024/01/240110120225.htm
New Study Uses Machine Learning to Bridge the Reality Gap in Quantum Devices,"A study has used the power of machine learning to overcome a key challenge affecting quantum devices. For the first time, the findings reveal a way to close the &apos;reality gap&apos;: the difference between predicted and observed behavior from quantum devices.",Physical/Tech,https://www.sciencedaily.com/releases/2024/01/240109121123.htm
Accounting for Plastic Persistence Can Minimize Environmental Impacts,"Researchers have developed a sustainability metric for the ecological design of plastic products that have low persistence in the environment. Adhering to this metric could provide substantial environmental and societal benefits, according to a new study.",Physical/Tech,https://www.sciencedaily.com/releases/2024/01/240108125756.htm
Inhalable Sensors Could Enable Early Lung Cancer Detection,"Using a new technology, diagnosing lung cancer could become as easy as inhaling a sensor and then taking a urine test that reveals whether a tumor is present.",Physical/Tech,https://www.sciencedaily.com/releases/2024/01/240105145133.htm
"Soft Robotic, Wearable Device Improves Walking for Individual With Parkinson's Disease","Researchers have used a soft, wearable robot to help a person living with Parkinson&apos;s walk without freezing. The robotic garment, worn around the hips and thighs, gives a gentle push to the hips as the leg swings, helping the patient achieve a longer stride. The device completely eliminated the participant&apos;s freezing while walking indoors, allowing them to walk faster and further than they could without the garment&apos;s help.",Physical/Tech,https://www.sciencedaily.com/releases/2024/01/240105145104.htm
Using Berry Phase Monopole Engineering for High-Temperature Spintronic Devices,"Spin-orbit torque (SOT), an important phenomenon for developing ultrafast and low-power spintronic devices, can be enhanced through Berry phase monopole engineering at high temperatures. In a new study, the temperature dependence of the intrinsic spin Hall effect of TaSi2 was investigated. The results suggest that Berry phase monopole engineering is an effective strategy for achieving high-temperature SOT spintronic devices.",Physical/Tech,https://www.sciencedaily.com/releases/2024/01/240105145051.htm
Engineers Invent Octopus-Inspired Technology That Can Deceive and Signal,"With a split-second muscle contraction, the greater blue-ringed octopus can change the size and color of the namesake patterns on its skin for purposes of deception, camouflage and signaling. Researchers have drawn inspiration from this natural wonder to develop a technological platform with similar capabilities for use in a variety of fields, including the military, medicine, robotics and sustainable energy.",Physical/Tech,https://www.sciencedaily.com/releases/2024/01/240104210154.htm
High-Performance Stretchable Solar Cells,Engineers have succeeded in implementing a stretchable organic solar cell by applying a newly developed polymer material that demonstrated the world&apos;s highest photovoltaic conversion efficiency (19%) while functioning even when stretched for more than 40% of its original state. This new conductive polymer has high photovoltaic properties that can be stretched like rubber. The newly developed polymer is expected to play a role as a power source for next-generation wearable electronic devices.,Physical/Tech,https://www.sciencedaily.com/releases/2024/01/240104122016.htm
Researchers 3D Print Components for a Portable Mass Spectrometer,"Researchers 3D printed a mini quadrupole mass filter, a key component of a mass spectrometer, that performs as well as some commercial-grade devices. It can be fabricated in hours for a few dollars and is one step toward producing a portable mass spectrometer that could enable effective medical diagnoses or chemical analyses in remote areas.",Physical/Tech,https://www.sciencedaily.com/releases/2024/01/240104121842.htm
Springs Aboard -- Gently Feeling the Way to Grasp the Microcosmos,"The integration of mechanical memory in the form of springs has for hundreds of years proven to be a key enabling technology for mechanical devices (like clocks), achieving advanced functionality through complex autonomous movements. In our times, the integration of springs in silicon-based microtechnology has opened the world of planar mass-producible mechatronic devices from which we all benefit, via air-bag sensors for example.",Physical/Tech,https://www.sciencedaily.com/releases/2024/01/240104121819.htm
Functional Semiconductor Made from Graphene,"Researchers have created the first functional semiconductor made from graphene, a single sheet of carbon atoms held together by the strongest bonds known. The breakthrough throws open the door to a new way of doing electronics.",Physical/Tech,https://www.sciencedaily.com/releases/2024/01/240103131030.htm
Better Microelectronics from Coal,"Coal is an abundant resource in the United States that has, unfortunately, contributed to climate change through its use as a fossil fuel. As the country transitions to other means of energy production, it will be important to consider and reevaluate coal&apos;s economic role. Coal may actually play a vital role in next-generation electronic devices.",Physical/Tech,https://www.sciencedaily.com/releases/2024/01/240103130835.htm
Non-Toxic Quantum Dots Pave the Way Towards CMOS Shortwave Infrared Image Sensors for Consumer Electronics,Researchers have fabricated a new high-performance shortwave infrared (SWIR) image sensor based on non-toxic colloidal quantum dots. They report on a new method for synthesizing functional high-quality non-toxic colloidal quantum dots integrable with complementary metal-oxide-semiconductor (CMOS) technology.,Physical/Tech,https://www.sciencedaily.com/releases/2024/01/240103130610.htm
Computational Method Discovers Hundreds of New Ceramics for Extreme Environments,"If you have a deep-seated, nagging worry over dropping your phone in molten lava, you&apos;re in luck. Materials scientists have developed a method for rapidly discovering a new class of materials with heat and electronic tolerances so rugged that they that could enable devices to function at several thousands of degrees Fahrenheit.",Physical/Tech,https://www.sciencedaily.com/releases/2024/01/240103130343.htm
Breakthrough in Organic Semiconductor Synthesis Paves the Way for Advanced Electronic Devices,A research team has achieved a significant breakthrough in the field of organic semiconductors. Their successful synthesis and characterization of a novel molecule called &apos;BNBN anthracene&apos; has opened up new possibilities for the development of advanced electronic devices.,Physical/Tech,https://www.sciencedaily.com/releases/2023/12/231229164730.htm
Piezo Composites With Carbon Fibers for Motion Sensors,"An international research group has engineered a novel high-strength flexible device by combining piezoelectric composites with unidirectional carbon fiber. The new device transforms kinetic energy from the human motion into electricity, providing an efficient and reliable means for high-strength and self-powered sensors.",Physical/Tech,https://www.sciencedaily.com/releases/2023/12/231228145743.htm
Are Diamonds GaN's Best Friend? Revolutionizing Transistor Technology,"A research team has fabricated a gallium nitride (GaN) transistor using diamond, which of all natural materials has the highest thermal conductivity on earth, as a substrate, and they succeeded in increasing heat dissipation by more than two times compared with conventional transistors. The transistor is expected to be useful not only in the fields of 5G communication base stations, weather radar, and satellite communications, but also in microwave heating and plasma processing.",Physical/Tech,https://www.sciencedaily.com/releases/2023/12/231221012908.htm
Blue PHOLEDs: Final Color of Efficient OLEDs Finally Viable in Lighting,"Lights could soon use the full color suite of perfectly efficient organic light-emitting diodes, or OLEDs, that last tens of thousands of hours. The new phosphorescent OLEDs, commonly referred to as PHOLEDs, can maintain 90% of the blue light intensity for 10-14 times longer than other designs that emit similar deep blue colors. That kind of lifespan could finally make blue PHOLEDs hardy enough to be commercially viable in lights that meet the Department of Energy&apos;s 50,000-hour lifetime target. Without a stable blue PHOLED, OLED lights need to use less-efficient technology to create white light.",Physical/Tech,https://www.sciencedaily.com/releases/2023/12/231221012919.htm
New Brain-Like Transistor Mimics Human Intelligence,"Researchers develop transistor that simultaneously processes and stores information like the human brain. Transistor goes beyond categorization tasks to perform associative learning. Transistor identified similar patterns, even when given imperfect input. Previous similar devices could only operate at cryogenic temperatures; new transistor operates at room temperature, making it more practical.",Physical/Tech,https://www.sciencedaily.com/releases/2023/12/231221012738.htm
Artificial Intelligence Unravels Mysteries of Polycrystalline Materials,"Researchers have used artificial intelligence to solve a difficult problem in crystal science. Seeking to understand why crystals develop tiny defects called dislocations, the researchers discovered unique defects that look like staircases. This discovery helps to better understand the defects in crystals that reduce the efficiency of complex polycrystalline materials used in our everyday electronic devices.",Physical/Tech,https://www.sciencedaily.com/releases/2023/12/231220011931.htm
"Ultrafast Lasers Map Electrons 'Going Ballistic' in Graphene, With Implications for Next-Gen Electronic Devices","Research reveals the ballistic movement of electrons in graphene in real time. The observations could lead to breakthroughs in governing electrons in semiconductors, fundamental components in most information and energy technology.",Physical/Tech,https://www.sciencedaily.com/releases/2023/12/231215140224.htm
"Newly Developed Material Gulps Down Hydrogen, Spits It Out, Protects Fusion Reactor Walls",A recent advance could enable more efficient compact fusion reactors that are easier to repair and maintain.,Physical/Tech,https://www.sciencedaily.com/releases/2023/12/231215015429.htm
This Next Generation Blue Light Could Potentially Promote or Hinder Sleep on Command,"Blue light from LED lamps and consumer electronics can mess with your sleep because it disrupts production of the natural sleep hormone melatonin. Tinted glasses or displays in night mode can mask, but don&apos;t remove, a portion of the disruptive wavelengths. But now, researchers report that they have designed more &apos;human-centric&apos; LEDs that could potentially enhance drowsiness or alertness on command.",Physical/Tech,https://www.sciencedaily.com/releases/2023/12/231214132513.htm
Interactive Screen Use Reduces Sleep Time in Kids,"While screen time is generally known to affect sleep, new research suggests that interactive engagement, such as texting friends or playing video games, delays and reduces the time spent asleep to a greater extent than passive screen time, like watching television -- especially for teens.  ",Physical/Tech,https://www.sciencedaily.com/releases/2023/12/231213212512.htm
This Adaptive Roof Tile Can Cut Both Heating and Cooling Costs,"In a new study, researchers present an adaptive tile, which when deployed in arrays on roofs, can lower heating bills in winter and cooling bills in summer, without the need for electronics.",Physical/Tech,https://www.sciencedaily.com/releases/2023/12/231213143900.htm
"Cognitive Strategies for Augmenting the Body With a Wearable, Robotic Arm","Scientists show that breathing may be used to control a wearable extra robotic arm in healthy individuals, without hindering control of other parts of the body.",Physical/Tech,https://www.sciencedaily.com/releases/2023/12/231213143711.htm
Hallmark Quantum Behavior in Bouncing Droplets,"In a study that could help fill some holes in quantum theory, the team recreated a &apos;quantum bomb tester&apos; in a classical droplet test.",Physical/Tech,https://www.sciencedaily.com/releases/2023/12/231212163351.htm
Made-to-Order Diagnostic Tests May Be on the Horizon,"Researchers have made a breakthrough in diagnostic technology, inventing a &apos;lab on a chip&apos; that can be 3D-printed in just 30 minutes. The chip has the potential to make on-the-spot testing widely accessible.",Physical/Tech,https://www.sciencedaily.com/releases/2023/12/231211114654.htm
